Evidence: ONLINE
Cache: CACHE_INCOMPLETE
Auth mode: token
Image: ghcr.io/catthehacker/ubuntu:act-latest (GENERIC_DEFAULT)
Network: bridge
Network Source: GENERIC_DEFAULT
Workflow      .github/workflows/ci.yml
Commit        46bcf2ffe26f5b0934ccccd7afce70d51fdabb70
Job           Typecheck & Test [verify]
Matrix        map[]
Runner        ubuntu-latest
Failed step   i18n coverage
Command       npm run i18n:coverage
Lock          /tmp/rb/72980b25947a/runback.lock
NOTE          unresolved tool version: node-version
NOTE          event payload is reconstructed; original secrets, caches, artifacts, runner VM and floating action/tool versions are not recoverable
NOTE          act uses a container approximation; the original job conditions and remaining steps are preserved
OK       git: /usr/bin/git
OK       docker: /usr/bin/docker
OK       act: /usr/local/bin/act
OK       Docker linux / 29.1.3
HOST     linux/amd64
AUTH     GitHub acquisition: RUNBACK_GITHUB_TOKEN > GH_TOKEN > anonymous; execution is isolated
{"level":"info","msg":"Using docker host 'unix:///var/run/docker.sock', and daemon socket '-'","time":"2026-09-10T01:56:32Z"}
{"dryrun":false,"job":"CI/Typecheck \u0026 Test","jobID":"verify","level":"info","matrix":{},"msg":"⭐ Run Set up job","step":"Set up job","stepid":["--setup-job"],"time":"2026-09-10T01:56:32Z"}
{"dryrun":false,"job":"CI/Typecheck \u0026 Test","jobID":"verify","level":"info","matrix":{},"msg":"🚀  Start image=ghcr.io/catthehacker/ubuntu:act-latest","step":"Set up job","stepid":["--setup-job"],"time":"2026-09-10T01:56:32Z"}
{"dryrun":false,"job":"CI/Typecheck \u0026 Test","jobID":"verify","level":"info","matrix":{},"msg":"  🐳  docker pull image=ghcr.io/catthehacker/ubuntu:act-latest platform=linux/amd64 username= forcePull=false","step":"Set up job","stepid":["--setup-job"],"time":"2026-09-10T01:56:32Z"}
{"dryrun":false,"job":"CI/Typecheck \u0026 Test","jobID":"verify","level":"info","matrix":{},"msg":"  🐳  docker create image=ghcr.io/catthehacker/ubuntu:act-latest platform=linux/amd64 entrypoint=[\"tail\" \"-f\" \"/dev/null\"] cmd=[] network=\"bridge\"","step":"Set up job","stepid":["--setup-job"],"time":"2026-09-10T01:56:32Z"}
{"dryrun":false,"job":"CI/Typecheck \u0026 Test","jobID":"verify","level":"info","matrix":{},"msg":"  🐳  docker run image=ghcr.io/catthehacker/ubuntu:act-latest platform=linux/amd64 entrypoint=[\"tail\" \"-f\" \"/dev/null\"] cmd=[] network=\"bridge\"","step":"Set up job","stepid":["--setup-job"],"time":"2026-09-10T01:56:32Z"}
{"dryrun":false,"job":"CI/Typecheck \u0026 Test","jobID":"verify","level":"info","matrix":{},"msg":"  🐳  docker exec cmd=[node --no-warnings -e console.log(process.execPath)] user= workdir=","step":"Set up job","stepid":["--setup-job"],"time":"2026-09-10T01:56:33Z"}
{"dryrun":false,"job":"CI/Typecheck \u0026 Test","jobID":"verify","level":"info","matrix":{},"msg":"  ✅  Success - Set up job","step":"Set up job","stepResult":"success","stepid":["--setup-job"],"time":"2026-09-10T01:56:33Z"}
{"dryrun":false,"job":"CI/Typecheck \u0026 Test","jobID":"verify","level":"info","matrix":{},"msg":"GoGitActionCache fetch https://github.com/actions/setup-node with ref v4 at /tmp/rb/72980b25947a/actions/actions-setup-node.git","stage":"Pre","step":"actions/setup-node@v4","stepID":["1"],"time":"2026-09-10T01:56:33Z"}
{"dryrun":false,"job":"CI/Typecheck \u0026 Test","jobID":"verify","level":"info","matrix":{},"msg":"GoGitActionCache fetch https://github.com/actions/setup-node with ref v4 at /tmp/rb/72980b25947a/actions/actions-setup-node.git resolved to 49933ea5288caeca8642d1e84afbd3f7d6820020","stage":"Pre","step":"actions/setup-node@v4","stepID":["1"],"time":"2026-09-10T01:56:35Z"}
{"dryrun":false,"job":"CI/Typecheck \u0026 Test","jobID":"verify","level":"info","matrix":{},"msg":"GoGitActionCache get content actions/setup-node with sha 49933ea5288caeca8642d1e84afbd3f7d6820020 subpath 'action.yml' at /tmp/rb/72980b25947a/actions/actions-setup-node.git","stage":"Pre","step":"actions/setup-node@v4","stepID":["1"],"time":"2026-09-10T01:56:35Z"}
{"dryrun":false,"job":"CI/Typecheck \u0026 Test","jobID":"verify","level":"info","matrix":{},"msg":"GoGitActionCache fetch https://github.com/actions/cache with ref v4 at /tmp/rb/72980b25947a/actions/actions-cache.git","stage":"Pre","step":"Cache node_modules","stepID":["node-modules-cache"],"time":"2026-09-10T01:56:35Z"}
{"dryrun":false,"job":"CI/Typecheck \u0026 Test","jobID":"verify","level":"info","matrix":{},"msg":"GoGitActionCache fetch https://github.com/actions/cache with ref v4 at /tmp/rb/72980b25947a/actions/actions-cache.git resolved to 0057852bfaa89a56745cba8c7296529d2fc39830","stage":"Pre","step":"Cache node_modules","stepID":["node-modules-cache"],"time":"2026-09-10T01:56:36Z"}
{"dryrun":false,"job":"CI/Typecheck \u0026 Test","jobID":"verify","level":"info","matrix":{},"msg":"GoGitActionCache get content actions/cache with sha 0057852bfaa89a56745cba8c7296529d2fc39830 subpath 'action.yml' at /tmp/rb/72980b25947a/actions/actions-cache.git","stage":"Pre","step":"Cache node_modules","stepID":["node-modules-cache"],"time":"2026-09-10T01:56:36Z"}
{"dryrun":false,"job":"CI/Typecheck \u0026 Test","jobID":"verify","level":"info","matrix":{},"msg":"GoGitActionCache fetch https://github.com/actions/upload-artifact with ref v4 at /tmp/rb/72980b25947a/actions/actions-upload-artifact.git","stage":"Pre","step":"Upload coverage report","stepID":["8"],"time":"2026-09-10T01:56:36Z"}
{"dryrun":false,"job":"CI/Typecheck \u0026 Test","jobID":"verify","level":"info","matrix":{},"msg":"GoGitActionCache fetch https://github.com/actions/upload-artifact with ref v4 at /tmp/rb/72980b25947a/actions/actions-upload-artifact.git resolved to ea165f8d65b6e75b540449e92b4886f43607fa02","stage":"Pre","step":"Upload coverage report","stepID":["8"],"time":"2026-09-10T01:56:37Z"}
{"dryrun":false,"job":"CI/Typecheck \u0026 Test","jobID":"verify","level":"info","matrix":{},"msg":"GoGitActionCache get content actions/upload-artifact with sha ea165f8d65b6e75b540449e92b4886f43607fa02 subpath 'action.yml' at /tmp/rb/72980b25947a/actions/actions-upload-artifact.git","stage":"Pre","step":"Upload coverage report","stepID":["8"],"time":"2026-09-10T01:56:37Z"}
{"dryrun":false,"job":"CI/Typecheck \u0026 Test","jobID":"verify","level":"info","matrix":{},"msg":"⭐ Run Main actions/checkout@v4","stage":"Main","step":"actions/checkout@v4","stepID":["0"],"time":"2026-09-10T01:56:37Z"}
{"dryrun":false,"job":"CI/Typecheck \u0026 Test","jobID":"verify","level":"info","matrix":{},"msg":"  🐳  docker cp src=/tmp/rb/72980b25947a/workspace/. dst=/tmp/rb/72980b25947a/workspace","stage":"Main","step":"actions/checkout@v4","stepID":["0"],"time":"2026-09-10T01:56:37Z"}
{"dryrun":false,"executionTime":192472775,"job":"CI/Typecheck \u0026 Test","jobID":"verify","level":"info","matrix":{},"msg":"  ✅  Success - Main actions/checkout@v4 [192.472775ms]","stage":"Main","step":"actions/checkout@v4","stepID":["0"],"stepResult":"success","time":"2026-09-10T01:56:37Z"}
{"dryrun":false,"job":"CI/Typecheck \u0026 Test","jobID":"verify","level":"info","matrix":{},"msg":"⭐ Run Main actions/setup-node@v4","stage":"Main","step":"actions/setup-node@v4","stepID":["1"],"time":"2026-09-10T01:56:37Z"}
{"dryrun":false,"job":"CI/Typecheck \u0026 Test","jobID":"verify","level":"info","matrix":{},"msg":"GoGitActionCache get content actions/setup-node with sha 49933ea5288caeca8642d1e84afbd3f7d6820020 subpath '' at /tmp/rb/72980b25947a/actions/actions-setup-node.git","stage":"Main","step":"actions/setup-node@v4","stepID":["1"],"time":"2026-09-10T01:56:37Z"}
{"dryrun":false,"job":"CI/Typecheck \u0026 Test","jobID":"verify","level":"info","matrix":{},"msg":"  🐳  docker exec cmd=[/opt/acttoolcache/node/24.19.0/x64/bin/node /var/run/act/actions/actions-setup-node@v4/dist/setup/index.js] user= workdir=","stage":"Main","step":"actions/setup-node@v4","stepID":["1"],"time":"2026-09-10T01:56:37Z"}
{"dryrun":false,"job":"CI/Typecheck \u0026 Test","jobID":"verify","level":"info","matrix":{},"msg":"Attempting to download 20.20.2...\n","raw_output":true,"stage":"Main","step":"actions/setup-node@v4","stepID":["1"],"time":"2026-09-10T01:56:37Z"}
{"dryrun":false,"job":"CI/Typecheck \u0026 Test","jobID":"verify","level":"info","matrix":{},"msg":"(node:31) [DEP0040] DeprecationWarning: The `punycode` module is deprecated. Please use a userland alternative instead.\n","raw_output":true,"stage":"Main","step":"actions/setup-node@v4","stepID":["1"],"time":"2026-09-10T01:56:37Z"}
{"dryrun":false,"job":"CI/Typecheck \u0026 Test","jobID":"verify","level":"info","matrix":{},"msg":"(Use `node --trace-deprecation ...` to show where the warning was created)\n","raw_output":true,"stage":"Main","step":"actions/setup-node@v4","stepID":["1"],"time":"2026-09-10T01:56:37Z"}
{"dryrun":false,"job":"CI/Typecheck \u0026 Test","jobID":"verify","level":"info","matrix":{},"msg":"API rate limit exceeded for 103.62.49.162. (But here's the good news: Authenticated requests get a higher rate limit. Check out the documentation for more details.)\n","raw_output":true,"stage":"Main","step":"actions/setup-node@v4","stepID":["1"],"time":"2026-09-10T01:56:38Z"}
{"dryrun":false,"job":"CI/Typecheck \u0026 Test","jobID":"verify","level":"info","matrix":{},"msg":"Falling back to download directly from Node\n","raw_output":true,"stage":"Main","step":"actions/setup-node@v4","stepID":["1"],"time":"2026-09-10T01:56:38Z"}
{"dryrun":false,"job":"CI/Typecheck \u0026 Test","jobID":"verify","level":"info","matrix":{},"msg":"Acquiring 20.20.2 - x64 from https://nodejs.org/dist/v20.20.2/node-v20.20.2-linux-x64.tar.gz\n","raw_output":true,"stage":"Main","step":"actions/setup-node@v4","stepID":["1"],"time":"2026-09-10T01:56:39Z"}
{"dryrun":false,"job":"CI/Typecheck \u0026 Test","jobID":"verify","level":"info","matrix":{},"msg":"Extracting ...\n","raw_output":true,"stage":"Main","step":"actions/setup-node@v4","stepID":["1"],"time":"2026-09-10T01:56:51Z"}
{"dryrun":false,"job":"CI/Typecheck \u0026 Test","jobID":"verify","level":"info","matrix":{},"msg":"[command]/usr/bin/tar xz --strip 1 --warning=no-unknown-keyword --overwrite -C /tmp/6e37aaba-cb2f-4583-a67c-bf475d2233f3 -f /tmp/3d28b9c1-90f1-4fc1-8cae-d73cb7094340\n","raw_output":true,"stage":"Main","step":"actions/setup-node@v4","stepID":["1"],"time":"2026-09-10T01:56:51Z"}
{"dryrun":false,"job":"CI/Typecheck \u0026 Test","jobID":"verify","level":"info","matrix":{},"msg":"Adding to the cache ...\n","raw_output":true,"stage":"Main","step":"actions/setup-node@v4","stepID":["1"],"time":"2026-09-10T01:56:52Z"}
{"dryrun":false,"job":"CI/Typecheck \u0026 Test","jobID":"verify","level":"info","matrix":{},"msg":"Done\n","raw_output":true,"stage":"Main","step":"actions/setup-node@v4","stepID":["1"],"time":"2026-09-10T01:56:55Z"}
{"arg":"Environment details","command":"group","dryrun":false,"job":"CI/Typecheck \u0026 Test","jobID":"verify","kvPairs":{},"level":"info","matrix":{},"msg":"  ❓  ::group::Environment details\n","raw":"::group::Environment details\n","stage":"Main","step":"actions/setup-node@v4","stepID":["1"],"time":"2026-09-10T01:56:55Z"}
{"dryrun":false,"job":"CI/Typecheck \u0026 Test","jobID":"verify","level":"info","matrix":{},"msg":"node: v20.20.2\n","raw_output":true,"stage":"Main","step":"actions/setup-node@v4","stepID":["1"],"time":"2026-09-10T01:56:55Z"}
{"dryrun":false,"job":"CI/Typecheck \u0026 Test","jobID":"verify","level":"info","matrix":{},"msg":"npm: 10.8.2\n","raw_output":true,"stage":"Main","step":"actions/setup-node@v4","stepID":["1"],"time":"2026-09-10T01:56:55Z"}
{"dryrun":false,"job":"CI/Typecheck \u0026 Test","jobID":"verify","level":"info","matrix":{},"msg":"yarn: \n","raw_output":true,"stage":"Main","step":"actions/setup-node@v4","stepID":["1"],"time":"2026-09-10T01:56:55Z"}
{"arg":"","command":"endgroup","dryrun":false,"job":"CI/Typecheck \u0026 Test","jobID":"verify","kvPairs":{},"level":"info","matrix":{},"msg":"  ❓  ::endgroup::\n","raw":"::endgroup::\n","stage":"Main","step":"actions/setup-node@v4","stepID":["1"],"time":"2026-09-10T01:56:55Z"}
{"dryrun":false,"job":"CI/Typecheck \u0026 Test","jobID":"verify","level":"info","matrix":{},"msg":"[command]/opt/hostedtoolcache/node/20.20.2/x64/bin/npm config get cache\n","raw_output":true,"stage":"Main","step":"actions/setup-node@v4","stepID":["1"],"time":"2026-09-10T01:56:55Z"}
{"dryrun":false,"job":"CI/Typecheck \u0026 Test","jobID":"verify","level":"info","matrix":{},"msg":"/root/.npm\n","raw_output":true,"stage":"Main","step":"actions/setup-node@v4","stepID":["1"],"time":"2026-09-10T01:56:55Z"}
{"dryrun":false,"job":"CI/Typecheck \u0026 Test","jobID":"verify","level":"info","matrix":{},"msg":"npm cache is not found\n","raw_output":true,"stage":"Main","step":"actions/setup-node@v4","stepID":["1"],"time":"2026-09-10T01:56:55Z"}
{"arg":"/run/act/actions/actions-setup-node@v4/.github/tsc.json","command":"add-matcher","dryrun":false,"job":"CI/Typecheck \u0026 Test","jobID":"verify","kvPairs":{},"level":"info","matrix":{},"msg":"  ❓ add-matcher /run/act/actions/actions-setup-node@v4/.github/tsc.json","raw":"##[add-matcher]/run/act/actions/actions-setup-node@v4/.github/tsc.json\n","stage":"Main","step":"actions/setup-node@v4","stepID":["1"],"time":"2026-09-10T01:56:55Z"}
{"arg":"/run/act/actions/actions-setup-node@v4/.github/eslint-stylish.json","command":"add-matcher","dryrun":false,"job":"CI/Typecheck \u0026 Test","jobID":"verify","kvPairs":{},"level":"info","matrix":{},"msg":"  ❓ add-matcher /run/act/actions/actions-setup-node@v4/.github/eslint-stylish.json","raw":"##[add-matcher]/run/act/actions/actions-setup-node@v4/.github/eslint-stylish.json\n","stage":"Main","step":"actions/setup-node@v4","stepID":["1"],"time":"2026-09-10T01:56:55Z"}
{"arg":"/run/act/actions/actions-setup-node@v4/.github/eslint-compact.json","command":"add-matcher","dryrun":false,"job":"CI/Typecheck \u0026 Test","jobID":"verify","kvPairs":{},"level":"info","matrix":{},"msg":"  ❓ add-matcher /run/act/actions/actions-setup-node@v4/.github/eslint-compact.json","raw":"##[add-matcher]/run/act/actions/actions-setup-node@v4/.github/eslint-compact.json\n","stage":"Main","step":"actions/setup-node@v4","stepID":["1"],"time":"2026-09-10T01:56:55Z"}
{"dryrun":false,"executionTime":17618928754,"job":"CI/Typecheck \u0026 Test","jobID":"verify","level":"info","matrix":{},"msg":"  ✅  Success - Main actions/setup-node@v4 [17.618928754s]","stage":"Main","step":"actions/setup-node@v4","stepID":["1"],"stepResult":"success","time":"2026-09-10T01:56:55Z"}
{"arg":"v20.20.2","command":"set-output","dryrun":false,"job":"CI/Typecheck \u0026 Test","jobID":"verify","level":"info","matrix":{},"msg":"  ⚙  ::set-output:: node-version=v20.20.2","name":"node-version","stage":"Main","step":"actions/setup-node@v4","stepID":["1"],"time":"2026-09-10T01:56:55Z"}
{"arg":"false","command":"set-output","dryrun":false,"job":"CI/Typecheck \u0026 Test","jobID":"verify","level":"info","matrix":{},"msg":"  ⚙  ::set-output:: cache-hit=false","name":"cache-hit","stage":"Main","step":"actions/setup-node@v4","stepID":["1"],"time":"2026-09-10T01:56:55Z"}
{"arg":"/opt/hostedtoolcache/node/20.20.2/x64/bin","command":"add-path","dryrun":false,"job":"CI/Typecheck \u0026 Test","jobID":"verify","level":"info","matrix":{},"msg":"  ⚙  ::add-path:: /opt/hostedtoolcache/node/20.20.2/x64/bin","stage":"Main","step":"actions/setup-node@v4","stepID":["1"],"time":"2026-09-10T01:56:55Z"}
{"dryrun":false,"job":"CI/Typecheck \u0026 Test","jobID":"verify","level":"info","matrix":{},"msg":"  🐳  docker exec cmd=[/opt/acttoolcache/node/24.19.0/x64/bin/node /var/run/act/workflow/hashfiles/index.js] user= workdir=","stage":"Main","step":"Cache node_modules","stepID":["node-modules-cache"],"time":"2026-09-10T01:56:55Z"}
{"dryrun":false,"job":"CI/Typecheck \u0026 Test","jobID":"verify","level":"info","matrix":{},"msg":"⭐ Run Main Cache node_modules","stage":"Main","step":"Cache node_modules","stepID":["node-modules-cache"],"time":"2026-09-10T01:56:55Z"}
{"dryrun":false,"job":"CI/Typecheck \u0026 Test","jobID":"verify","level":"info","matrix":{},"msg":"GoGitActionCache get content actions/cache with sha 0057852bfaa89a56745cba8c7296529d2fc39830 subpath '' at /tmp/rb/72980b25947a/actions/actions-cache.git","stage":"Main","step":"Cache node_modules","stepID":["node-modules-cache"],"time":"2026-09-10T01:56:55Z"}
{"dryrun":false,"job":"CI/Typecheck \u0026 Test","jobID":"verify","level":"info","matrix":{},"msg":"  🐳  docker exec cmd=[/opt/acttoolcache/node/24.19.0/x64/bin/node /var/run/act/actions/actions-cache@v4/dist/restore/index.js] user= workdir=","stage":"Main","step":"Cache node_modules","stepID":["node-modules-cache"],"time":"2026-09-10T01:56:55Z"}
{"dryrun":false,"job":"CI/Typecheck \u0026 Test","jobID":"verify","level":"info","matrix":{},"msg":"(node:92) [DEP0040] DeprecationWarning: The `punycode` module is deprecated. Please use a userland alternative instead.\n","raw_output":true,"stage":"Main","step":"Cache node_modules","stepID":["node-modules-cache"],"time":"2026-09-10T01:56:55Z"}
{"dryrun":false,"job":"CI/Typecheck \u0026 Test","jobID":"verify","level":"info","matrix":{},"msg":"(Use `node --trace-deprecation ...` to show where the warning was created)\n","raw_output":true,"stage":"Main","step":"Cache node_modules","stepID":["node-modules-cache"],"time":"2026-09-10T01:56:55Z"}
{"dryrun":false,"job":"CI/Typecheck \u0026 Test","jobID":"verify","level":"info","matrix":{},"msg":"Cache not found for input keys: node-modules-Linux-20-d78c857f49d28e019b91171b006bc341991457013a691f6cbc490c99ccff46ed\n","raw_output":true,"stage":"Main","step":"Cache node_modules","stepID":["node-modules-cache"],"time":"2026-09-10T01:56:55Z"}
{"dryrun":false,"executionTime":262927151,"job":"CI/Typecheck \u0026 Test","jobID":"verify","level":"info","matrix":{},"msg":"  ✅  Success - Main Cache node_modules [262.927151ms]","stage":"Main","step":"Cache node_modules","stepID":["node-modules-cache"],"stepResult":"success","time":"2026-09-10T01:56:55Z"}
{"dryrun":false,"job":"CI/Typecheck \u0026 Test","jobID":"verify","level":"info","matrix":{},"msg":"⭐ Run Main Install dependencies","stage":"Main","step":"Install dependencies","stepID":["3"],"time":"2026-09-10T01:56:55Z"}
{"dryrun":false,"job":"CI/Typecheck \u0026 Test","jobID":"verify","level":"info","matrix":{},"msg":"  🐳  docker exec cmd=[bash -e /var/run/act/workflow/3] user= workdir=","stage":"Main","step":"Install dependencies","stepID":["3"],"time":"2026-09-10T01:56:55Z"}
{"dryrun":false,"job":"CI/Typecheck \u0026 Test","jobID":"verify","level":"info","matrix":{},"msg":"npm warn EBADENGINE Unsupported engine {\n","raw_output":true,"stage":"Main","step":"Install dependencies","stepID":["3"],"time":"2026-09-10T01:56:56Z"}
{"dryrun":false,"job":"CI/Typecheck \u0026 Test","jobID":"verify","level":"info","matrix":{},"msg":"npm warn EBADENGINE   package: 'commander@15.0.0',\n","raw_output":true,"stage":"Main","step":"Install dependencies","stepID":["3"],"time":"2026-09-10T01:56:56Z"}
{"dryrun":false,"job":"CI/Typecheck \u0026 Test","jobID":"verify","level":"info","matrix":{},"msg":"npm warn EBADENGINE   required: { node: '\u003e=22.12.0' },\n","raw_output":true,"stage":"Main","step":"Install dependencies","stepID":["3"],"time":"2026-09-10T01:56:56Z"}
{"dryrun":false,"job":"CI/Typecheck \u0026 Test","jobID":"verify","level":"info","matrix":{},"msg":"npm warn EBADENGINE   current: { node: 'v20.20.2', npm: '10.8.2' }\n","raw_output":true,"stage":"Main","step":"Install dependencies","stepID":["3"],"time":"2026-09-10T01:56:56Z"}
{"dryrun":false,"job":"CI/Typecheck \u0026 Test","jobID":"verify","level":"info","matrix":{},"msg":"npm warn EBADENGINE }\n","raw_output":true,"stage":"Main","step":"Install dependencies","stepID":["3"],"time":"2026-09-10T01:56:56Z"}
{"dryrun":false,"job":"CI/Typecheck \u0026 Test","jobID":"verify","level":"info","matrix":{},"msg":"npm warn EBADENGINE Unsupported engine {\n","raw_output":true,"stage":"Main","step":"Install dependencies","stepID":["3"],"time":"2026-09-10T01:56:56Z"}
{"dryrun":false,"job":"CI/Typecheck \u0026 Test","jobID":"verify","level":"info","matrix":{},"msg":"npm warn EBADENGINE   package: 'commander@15.0.0',\n","raw_output":true,"stage":"Main","step":"Install dependencies","stepID":["3"],"time":"2026-09-10T01:56:56Z"}
{"dryrun":false,"job":"CI/Typecheck \u0026 Test","jobID":"verify","level":"info","matrix":{},"msg":"npm warn EBADENGINE   required: { node: '\u003e=22.12.0' },\n","raw_output":true,"stage":"Main","step":"Install dependencies","stepID":["3"],"time":"2026-09-10T01:56:56Z"}
{"dryrun":false,"job":"CI/Typecheck \u0026 Test","jobID":"verify","level":"info","matrix":{},"msg":"npm warn EBADENGINE   current: { node: 'v20.20.2', npm: '10.8.2' }\n","raw_output":true,"stage":"Main","step":"Install dependencies","stepID":["3"],"time":"2026-09-10T01:56:56Z"}
{"dryrun":false,"job":"CI/Typecheck \u0026 Test","jobID":"verify","level":"info","matrix":{},"msg":"npm warn EBADENGINE }\n","raw_output":true,"stage":"Main","step":"Install dependencies","stepID":["3"],"time":"2026-09-10T01:56:56Z"}
{"dryrun":false,"job":"CI/Typecheck \u0026 Test","jobID":"verify","level":"info","matrix":{},"msg":"npm warn EBADENGINE Unsupported engine {\n","raw_output":true,"stage":"Main","step":"Install dependencies","stepID":["3"],"time":"2026-09-10T01:56:56Z"}
{"dryrun":false,"job":"CI/Typecheck \u0026 Test","jobID":"verify","level":"info","matrix":{},"msg":"npm warn EBADENGINE   package: 'commander@15.0.0',\n","raw_output":true,"stage":"Main","step":"Install dependencies","stepID":["3"],"time":"2026-09-10T01:56:56Z"}
{"dryrun":false,"job":"CI/Typecheck \u0026 Test","jobID":"verify","level":"info","matrix":{},"msg":"npm warn EBADENGINE   required: { node: '\u003e=22.12.0' },\n","raw_output":true,"stage":"Main","step":"Install dependencies","stepID":["3"],"time":"2026-09-10T01:56:56Z"}
{"dryrun":false,"job":"CI/Typecheck \u0026 Test","jobID":"verify","level":"info","matrix":{},"msg":"npm warn EBADENGINE   current: { node: 'v20.20.2', npm: '10.8.2' }\n","raw_output":true,"stage":"Main","step":"Install dependencies","stepID":["3"],"time":"2026-09-10T01:56:56Z"}
{"dryrun":false,"job":"CI/Typecheck \u0026 Test","jobID":"verify","level":"info","matrix":{},"msg":"npm warn EBADENGINE }\n","raw_output":true,"stage":"Main","step":"Install dependencies","stepID":["3"],"time":"2026-09-10T01:56:56Z"}
{"dryrun":false,"job":"CI/Typecheck \u0026 Test","jobID":"verify","level":"info","matrix":{},"msg":"npm warn EBADENGINE Unsupported engine {\n","raw_output":true,"stage":"Main","step":"Install dependencies","stepID":["3"],"time":"2026-09-10T01:56:56Z"}
{"dryrun":false,"job":"CI/Typecheck \u0026 Test","jobID":"verify","level":"info","matrix":{},"msg":"npm warn EBADENGINE   package: 'commander@15.0.0',\n","raw_output":true,"stage":"Main","step":"Install dependencies","stepID":["3"],"time":"2026-09-10T01:56:56Z"}
{"dryrun":false,"job":"CI/Typecheck \u0026 Test","jobID":"verify","level":"info","matrix":{},"msg":"npm warn EBADENGINE   required: { node: '\u003e=22.12.0' },\n","raw_output":true,"stage":"Main","step":"Install dependencies","stepID":["3"],"time":"2026-09-10T01:56:56Z"}
{"dryrun":false,"job":"CI/Typecheck \u0026 Test","jobID":"verify","level":"info","matrix":{},"msg":"npm warn EBADENGINE   current: { node: 'v20.20.2', npm: '10.8.2' }\n","raw_output":true,"stage":"Main","step":"Install dependencies","stepID":["3"],"time":"2026-09-10T01:56:56Z"}
{"dryrun":false,"job":"CI/Typecheck \u0026 Test","jobID":"verify","level":"info","matrix":{},"msg":"npm warn EBADENGINE }\n","raw_output":true,"stage":"Main","step":"Install dependencies","stepID":["3"],"time":"2026-09-10T01:56:56Z"}
{"dryrun":false,"job":"CI/Typecheck \u0026 Test","jobID":"verify","level":"info","matrix":{},"msg":"npm warn EBADENGINE Unsupported engine {\n","raw_output":true,"stage":"Main","step":"Install dependencies","stepID":["3"],"time":"2026-09-10T01:56:56Z"}
{"dryrun":false,"job":"CI/Typecheck \u0026 Test","jobID":"verify","level":"info","matrix":{},"msg":"npm warn EBADENGINE   package: 'commander@15.0.0',\n","raw_output":true,"stage":"Main","step":"Install dependencies","stepID":["3"],"time":"2026-09-10T01:56:56Z"}
{"dryrun":false,"job":"CI/Typecheck \u0026 Test","jobID":"verify","level":"info","matrix":{},"msg":"npm warn EBADENGINE   required: { node: '\u003e=22.12.0' },\n","raw_output":true,"stage":"Main","step":"Install dependencies","stepID":["3"],"time":"2026-09-10T01:56:56Z"}
{"dryrun":false,"job":"CI/Typecheck \u0026 Test","jobID":"verify","level":"info","matrix":{},"msg":"npm warn EBADENGINE   current: { node: 'v20.20.2', npm: '10.8.2' }\n","raw_output":true,"stage":"Main","step":"Install dependencies","stepID":["3"],"time":"2026-09-10T01:56:56Z"}
{"dryrun":false,"job":"CI/Typecheck \u0026 Test","jobID":"verify","level":"info","matrix":{},"msg":"npm warn EBADENGINE }\n","raw_output":true,"stage":"Main","step":"Install dependencies","stepID":["3"],"time":"2026-09-10T01:56:56Z"}
{"dryrun":false,"job":"CI/Typecheck \u0026 Test","jobID":"verify","level":"info","matrix":{},"msg":"npm warn EBADENGINE Unsupported engine {\n","raw_output":true,"stage":"Main","step":"Install dependencies","stepID":["3"],"time":"2026-09-10T01:56:56Z"}
{"dryrun":false,"job":"CI/Typecheck \u0026 Test","jobID":"verify","level":"info","matrix":{},"msg":"npm warn EBADENGINE   package: 'commander@15.0.0',\n","raw_output":true,"stage":"Main","step":"Install dependencies","stepID":["3"],"time":"2026-09-10T01:56:56Z"}
{"dryrun":false,"job":"CI/Typecheck \u0026 Test","jobID":"verify","level":"info","matrix":{},"msg":"npm warn EBADENGINE   required: { node: '\u003e=22.12.0' },\n","raw_output":true,"stage":"Main","step":"Install dependencies","stepID":["3"],"time":"2026-09-10T01:56:56Z"}
{"dryrun":false,"job":"CI/Typecheck \u0026 Test","jobID":"verify","level":"info","matrix":{},"msg":"npm warn EBADENGINE   current: { node: 'v20.20.2', npm: '10.8.2' }\n","raw_output":true,"stage":"Main","step":"Install dependencies","stepID":["3"],"time":"2026-09-10T01:56:56Z"}
{"dryrun":false,"job":"CI/Typecheck \u0026 Test","jobID":"verify","level":"info","matrix":{},"msg":"npm warn EBADENGINE }\n","raw_output":true,"stage":"Main","step":"Install dependencies","stepID":["3"],"time":"2026-09-10T01:56:56Z"}
{"dryrun":false,"job":"CI/Typecheck \u0026 Test","jobID":"verify","level":"info","matrix":{},"msg":"npm warn EBADENGINE Unsupported engine {\n","raw_output":true,"stage":"Main","step":"Install dependencies","stepID":["3"],"time":"2026-09-10T01:56:56Z"}
{"dryrun":false,"job":"CI/Typecheck \u0026 Test","jobID":"verify","level":"info","matrix":{},"msg":"npm warn EBADENGINE   package: 'commander@15.0.0',\n","raw_output":true,"stage":"Main","step":"Install dependencies","stepID":["3"],"time":"2026-09-10T01:56:56Z"}
{"dryrun":false,"job":"CI/Typecheck \u0026 Test","jobID":"verify","level":"info","matrix":{},"msg":"npm warn EBADENGINE   required: { node: '\u003e=22.12.0' },\n","raw_output":true,"stage":"Main","step":"Install dependencies","stepID":["3"],"time":"2026-09-10T01:56:56Z"}
{"dryrun":false,"job":"CI/Typecheck \u0026 Test","jobID":"verify","level":"info","matrix":{},"msg":"npm warn EBADENGINE   current: { node: 'v20.20.2', npm: '10.8.2' }\n","raw_output":true,"stage":"Main","step":"Install dependencies","stepID":["3"],"time":"2026-09-10T01:56:56Z"}
{"dryrun":false,"job":"CI/Typecheck \u0026 Test","jobID":"verify","level":"info","matrix":{},"msg":"npm warn EBADENGINE }\n","raw_output":true,"stage":"Main","step":"Install dependencies","stepID":["3"],"time":"2026-09-10T01:56:56Z"}
{"dryrun":false,"job":"CI/Typecheck \u0026 Test","jobID":"verify","level":"info","matrix":{},"msg":"npm warn EBADENGINE Unsupported engine {\n","raw_output":true,"stage":"Main","step":"Install dependencies","stepID":["3"],"time":"2026-09-10T01:56:56Z"}
{"dryrun":false,"job":"CI/Typecheck \u0026 Test","jobID":"verify","level":"info","matrix":{},"msg":"npm warn EBADENGINE   package: 'commander@15.0.0',\n","raw_output":true,"stage":"Main","step":"Install dependencies","stepID":["3"],"time":"2026-09-10T01:56:56Z"}
{"dryrun":false,"job":"CI/Typecheck \u0026 Test","jobID":"verify","level":"info","matrix":{},"msg":"npm warn EBADENGINE   required: { node: '\u003e=22.12.0' },\n","raw_output":true,"stage":"Main","step":"Install dependencies","stepID":["3"],"time":"2026-09-10T01:56:56Z"}
{"dryrun":false,"job":"CI/Typecheck \u0026 Test","jobID":"verify","level":"info","matrix":{},"msg":"npm warn EBADENGINE   current: { node: 'v20.20.2', npm: '10.8.2' }\n","raw_output":true,"stage":"Main","step":"Install dependencies","stepID":["3"],"time":"2026-09-10T01:56:56Z"}
{"dryrun":false,"job":"CI/Typecheck \u0026 Test","jobID":"verify","level":"info","matrix":{},"msg":"npm warn EBADENGINE }\n","raw_output":true,"stage":"Main","step":"Install dependencies","stepID":["3"],"time":"2026-09-10T01:56:56Z"}
{"dryrun":false,"job":"CI/Typecheck \u0026 Test","jobID":"verify","level":"info","matrix":{},"msg":"npm warn EBADENGINE Unsupported engine {\n","raw_output":true,"stage":"Main","step":"Install dependencies","stepID":["3"],"time":"2026-09-10T01:56:56Z"}
{"dryrun":false,"job":"CI/Typecheck \u0026 Test","jobID":"verify","level":"info","matrix":{},"msg":"npm warn EBADENGINE   package: 'commander@15.0.0',\n","raw_output":true,"stage":"Main","step":"Install dependencies","stepID":["3"],"time":"2026-09-10T01:56:56Z"}
{"dryrun":false,"job":"CI/Typecheck \u0026 Test","jobID":"verify","level":"info","matrix":{},"msg":"npm warn EBADENGINE   required: { node: '\u003e=22.12.0' },\n","raw_output":true,"stage":"Main","step":"Install dependencies","stepID":["3"],"time":"2026-09-10T01:56:56Z"}
{"dryrun":false,"job":"CI/Typecheck \u0026 Test","jobID":"verify","level":"info","matrix":{},"msg":"npm warn EBADENGINE   current: { node: 'v20.20.2', npm: '10.8.2' }\n","raw_output":true,"stage":"Main","step":"Install dependencies","stepID":["3"],"time":"2026-09-10T01:56:56Z"}
{"dryrun":false,"job":"CI/Typecheck \u0026 Test","jobID":"verify","level":"info","matrix":{},"msg":"npm warn EBADENGINE }\n","raw_output":true,"stage":"Main","step":"Install dependencies","stepID":["3"],"time":"2026-09-10T01:56:56Z"}
{"dryrun":false,"job":"CI/Typecheck \u0026 Test","jobID":"verify","level":"info","matrix":{},"msg":"npm warn EBADENGINE Unsupported engine {\n","raw_output":true,"stage":"Main","step":"Install dependencies","stepID":["3"],"time":"2026-09-10T01:56:56Z"}
{"dryrun":false,"job":"CI/Typecheck \u0026 Test","jobID":"verify","level":"info","matrix":{},"msg":"npm warn EBADENGINE   package: 'commander@15.0.0',\n","raw_output":true,"stage":"Main","step":"Install dependencies","stepID":["3"],"time":"2026-09-10T01:56:56Z"}
{"dryrun":false,"job":"CI/Typecheck \u0026 Test","jobID":"verify","level":"info","matrix":{},"msg":"npm warn EBADENGINE   required: { node: '\u003e=22.12.0' },\n","raw_output":true,"stage":"Main","step":"Install dependencies","stepID":["3"],"time":"2026-09-10T01:56:56Z"}
{"dryrun":false,"job":"CI/Typecheck \u0026 Test","jobID":"verify","level":"info","matrix":{},"msg":"npm warn EBADENGINE   current: { node: 'v20.20.2', npm: '10.8.2' }\n","raw_output":true,"stage":"Main","step":"Install dependencies","stepID":["3"],"time":"2026-09-10T01:56:56Z"}
{"dryrun":false,"job":"CI/Typecheck \u0026 Test","jobID":"verify","level":"info","matrix":{},"msg":"npm warn EBADENGINE }\n","raw_output":true,"stage":"Main","step":"Install dependencies","stepID":["3"],"time":"2026-09-10T01:56:56Z"}
{"dryrun":false,"job":"CI/Typecheck \u0026 Test","jobID":"verify","level":"info","matrix":{},"msg":"npm warn EBADENGINE Unsupported engine {\n","raw_output":true,"stage":"Main","step":"Install dependencies","stepID":["3"],"time":"2026-09-10T01:56:56Z"}
{"dryrun":false,"job":"CI/Typecheck \u0026 Test","jobID":"verify","level":"info","matrix":{},"msg":"npm warn EBADENGINE   package: 'commander@15.0.0',\n","raw_output":true,"stage":"Main","step":"Install dependencies","stepID":["3"],"time":"2026-09-10T01:56:56Z"}
{"dryrun":false,"job":"CI/Typecheck \u0026 Test","jobID":"verify","level":"info","matrix":{},"msg":"npm warn EBADENGINE   required: { node: '\u003e=22.12.0' },\n","raw_output":true,"stage":"Main","step":"Install dependencies","stepID":["3"],"time":"2026-09-10T01:56:56Z"}
{"dryrun":false,"job":"CI/Typecheck \u0026 Test","jobID":"verify","level":"info","matrix":{},"msg":"npm warn EBADENGINE   current: { node: 'v20.20.2', npm: '10.8.2' }\n","raw_output":true,"stage":"Main","step":"Install dependencies","stepID":["3"],"time":"2026-09-10T01:56:56Z"}
{"dryrun":false,"job":"CI/Typecheck \u0026 Test","jobID":"verify","level":"info","matrix":{},"msg":"npm warn EBADENGINE }\n","raw_output":true,"stage":"Main","step":"Install dependencies","stepID":["3"],"time":"2026-09-10T01:56:56Z"}
{"dryrun":false,"job":"CI/Typecheck \u0026 Test","jobID":"verify","level":"info","matrix":{},"msg":"npm warn EBADENGINE Unsupported engine {\n","raw_output":true,"stage":"Main","step":"Install dependencies","stepID":["3"],"time":"2026-09-10T01:56:56Z"}
{"dryrun":false,"job":"CI/Typecheck \u0026 Test","jobID":"verify","level":"info","matrix":{},"msg":"npm warn EBADENGINE   package: 'commander@15.0.0',\n","raw_output":true,"stage":"Main","step":"Install dependencies","stepID":["3"],"time":"2026-09-10T01:56:56Z"}
{"dryrun":false,"job":"CI/Typecheck \u0026 Test","jobID":"verify","level":"info","matrix":{},"msg":"npm warn EBADENGINE   required: { node: '\u003e=22.12.0' },\n","raw_output":true,"stage":"Main","step":"Install dependencies","stepID":["3"],"time":"2026-09-10T01:56:56Z"}
{"dryrun":false,"job":"CI/Typecheck \u0026 Test","jobID":"verify","level":"info","matrix":{},"msg":"npm warn EBADENGINE   current: { node: 'v20.20.2', npm: '10.8.2' }\n","raw_output":true,"stage":"Main","step":"Install dependencies","stepID":["3"],"time":"2026-09-10T01:56:56Z"}
{"dryrun":false,"job":"CI/Typecheck \u0026 Test","jobID":"verify","level":"info","matrix":{},"msg":"npm warn EBADENGINE }\n","raw_output":true,"stage":"Main","step":"Install dependencies","stepID":["3"],"time":"2026-09-10T01:56:56Z"}
{"dryrun":false,"job":"CI/Typecheck \u0026 Test","jobID":"verify","level":"info","matrix":{},"msg":"npm warn EBADENGINE Unsupported engine {\n","raw_output":true,"stage":"Main","step":"Install dependencies","stepID":["3"],"time":"2026-09-10T01:56:56Z"}
{"dryrun":false,"job":"CI/Typecheck \u0026 Test","jobID":"verify","level":"info","matrix":{},"msg":"npm warn EBADENGINE   package: 'commander@15.0.0',\n","raw_output":true,"stage":"Main","step":"Install dependencies","stepID":["3"],"time":"2026-09-10T01:56:56Z"}
{"dryrun":false,"job":"CI/Typecheck \u0026 Test","jobID":"verify","level":"info","matrix":{},"msg":"npm warn EBADENGINE   required: { node: '\u003e=22.12.0' },\n","raw_output":true,"stage":"Main","step":"Install dependencies","stepID":["3"],"time":"2026-09-10T01:56:56Z"}
{"dryrun":false,"job":"CI/Typecheck \u0026 Test","jobID":"verify","level":"info","matrix":{},"msg":"npm warn EBADENGINE   current: { node: 'v20.20.2', npm: '10.8.2' }\n","raw_output":true,"stage":"Main","step":"Install dependencies","stepID":["3"],"time":"2026-09-10T01:56:56Z"}
{"dryrun":false,"job":"CI/Typecheck \u0026 Test","jobID":"verify","level":"info","matrix":{},"msg":"npm warn EBADENGINE }\n","raw_output":true,"stage":"Main","step":"Install dependencies","stepID":["3"],"time":"2026-09-10T01:56:56Z"}
{"dryrun":false,"job":"CI/Typecheck \u0026 Test","jobID":"verify","level":"info","matrix":{},"msg":"npm warn EBADENGINE Unsupported engine {\n","raw_output":true,"stage":"Main","step":"Install dependencies","stepID":["3"],"time":"2026-09-10T01:56:56Z"}
{"dryrun":false,"job":"CI/Typecheck \u0026 Test","jobID":"verify","level":"info","matrix":{},"msg":"npm warn EBADENGINE   package: 'commander@15.0.0',\n","raw_output":true,"stage":"Main","step":"Install dependencies","stepID":["3"],"time":"2026-09-10T01:56:56Z"}
{"dryrun":false,"job":"CI/Typecheck \u0026 Test","jobID":"verify","level":"info","matrix":{},"msg":"npm warn EBADENGINE   required: { node: '\u003e=22.12.0' },\n","raw_output":true,"stage":"Main","step":"Install dependencies","stepID":["3"],"time":"2026-09-10T01:56:56Z"}
{"dryrun":false,"job":"CI/Typecheck \u0026 Test","jobID":"verify","level":"info","matrix":{},"msg":"npm warn EBADENGINE   current: { node: 'v20.20.2', npm: '10.8.2' }\n","raw_output":true,"stage":"Main","step":"Install dependencies","stepID":["3"],"time":"2026-09-10T01:56:56Z"}
{"dryrun":false,"job":"CI/Typecheck \u0026 Test","jobID":"verify","level":"info","matrix":{},"msg":"npm warn EBADENGINE }\n","raw_output":true,"stage":"Main","step":"Install dependencies","stepID":["3"],"time":"2026-09-10T01:56:56Z"}
{"dryrun":false,"job":"CI/Typecheck \u0026 Test","jobID":"verify","level":"info","matrix":{},"msg":"npm warn EBADENGINE Unsupported engine {\n","raw_output":true,"stage":"Main","step":"Install dependencies","stepID":["3"],"time":"2026-09-10T01:56:56Z"}
{"dryrun":false,"job":"CI/Typecheck \u0026 Test","jobID":"verify","level":"info","matrix":{},"msg":"npm warn EBADENGINE   package: 'commander@15.0.0',\n","raw_output":true,"stage":"Main","step":"Install dependencies","stepID":["3"],"time":"2026-09-10T01:56:56Z"}
{"dryrun":false,"job":"CI/Typecheck \u0026 Test","jobID":"verify","level":"info","matrix":{},"msg":"npm warn EBADENGINE   required: { node: '\u003e=22.12.0' },\n","raw_output":true,"stage":"Main","step":"Install dependencies","stepID":["3"],"time":"2026-09-10T01:56:56Z"}
{"dryrun":false,"job":"CI/Typecheck \u0026 Test","jobID":"verify","level":"info","matrix":{},"msg":"npm warn EBADENGINE   current: { node: 'v20.20.2', npm: '10.8.2' }\n","raw_output":true,"stage":"Main","step":"Install dependencies","stepID":["3"],"time":"2026-09-10T01:56:56Z"}
{"dryrun":false,"job":"CI/Typecheck \u0026 Test","jobID":"verify","level":"info","matrix":{},"msg":"npm warn EBADENGINE }\n","raw_output":true,"stage":"Main","step":"Install dependencies","stepID":["3"],"time":"2026-09-10T01:56:56Z"}
{"dryrun":false,"job":"CI/Typecheck \u0026 Test","jobID":"verify","level":"info","matrix":{},"msg":"npm warn EBADENGINE Unsupported engine {\n","raw_output":true,"stage":"Main","step":"Install dependencies","stepID":["3"],"time":"2026-09-10T01:56:56Z"}
{"dryrun":false,"job":"CI/Typecheck \u0026 Test","jobID":"verify","level":"info","matrix":{},"msg":"npm warn EBADENGINE   package: 'commander@15.0.0',\n","raw_output":true,"stage":"Main","step":"Install dependencies","stepID":["3"],"time":"2026-09-10T01:56:56Z"}
{"dryrun":false,"job":"CI/Typecheck \u0026 Test","jobID":"verify","level":"info","matrix":{},"msg":"npm warn EBADENGINE   required: { node: '\u003e=22.12.0' },\n","raw_output":true,"stage":"Main","step":"Install dependencies","stepID":["3"],"time":"2026-09-10T01:56:56Z"}
{"dryrun":false,"job":"CI/Typecheck \u0026 Test","jobID":"verify","level":"info","matrix":{},"msg":"npm warn EBADENGINE   current: { node: 'v20.20.2', npm: '10.8.2' }\n","raw_output":true,"stage":"Main","step":"Install dependencies","stepID":["3"],"time":"2026-09-10T01:56:56Z"}
{"dryrun":false,"job":"CI/Typecheck \u0026 Test","jobID":"verify","level":"info","matrix":{},"msg":"npm warn EBADENGINE }\n","raw_output":true,"stage":"Main","step":"Install dependencies","stepID":["3"],"time":"2026-09-10T01:56:56Z"}
{"dryrun":false,"job":"CI/Typecheck \u0026 Test","jobID":"verify","level":"info","matrix":{},"msg":"npm warn EBADENGINE Unsupported engine {\n","raw_output":true,"stage":"Main","step":"Install dependencies","stepID":["3"],"time":"2026-09-10T01:56:56Z"}
{"dryrun":false,"job":"CI/Typecheck \u0026 Test","jobID":"verify","level":"info","matrix":{},"msg":"npm warn EBADENGINE   package: 'commander@15.0.0',\n","raw_output":true,"stage":"Main","step":"Install dependencies","stepID":["3"],"time":"2026-09-10T01:56:56Z"}
{"dryrun":false,"job":"CI/Typecheck \u0026 Test","jobID":"verify","level":"info","matrix":{},"msg":"npm warn EBADENGINE   required: { node: '\u003e=22.12.0' },\n","raw_output":true,"stage":"Main","step":"Install dependencies","stepID":["3"],"time":"2026-09-10T01:56:56Z"}
{"dryrun":false,"job":"CI/Typecheck \u0026 Test","jobID":"verify","level":"info","matrix":{},"msg":"npm warn EBADENGINE   current: { node: 'v20.20.2', npm: '10.8.2' }\n","raw_output":true,"stage":"Main","step":"Install dependencies","stepID":["3"],"time":"2026-09-10T01:56:56Z"}
{"dryrun":false,"job":"CI/Typecheck \u0026 Test","jobID":"verify","level":"info","matrix":{},"msg":"npm warn EBADENGINE }\n","raw_output":true,"stage":"Main","step":"Install dependencies","stepID":["3"],"time":"2026-09-10T01:56:56Z"}
{"dryrun":false,"job":"CI/Typecheck \u0026 Test","jobID":"verify","level":"info","matrix":{},"msg":"npm warn EBADENGINE Unsupported engine {\n","raw_output":true,"stage":"Main","step":"Install dependencies","stepID":["3"],"time":"2026-09-10T01:56:56Z"}
{"dryrun":false,"job":"CI/Typecheck \u0026 Test","jobID":"verify","level":"info","matrix":{},"msg":"npm warn EBADENGINE   package: 'commander@15.0.0',\n","raw_output":true,"stage":"Main","step":"Install dependencies","stepID":["3"],"time":"2026-09-10T01:56:56Z"}
{"dryrun":false,"job":"CI/Typecheck \u0026 Test","jobID":"verify","level":"info","matrix":{},"msg":"npm warn EBADENGINE   required: { node: '\u003e=22.12.0' },\n","raw_output":true,"stage":"Main","step":"Install dependencies","stepID":["3"],"time":"2026-09-10T01:56:56Z"}
{"dryrun":false,"job":"CI/Typecheck \u0026 Test","jobID":"verify","level":"info","matrix":{},"msg":"npm warn EBADENGINE   current: { node: 'v20.20.2', npm: '10.8.2' }\n","raw_output":true,"stage":"Main","step":"Install dependencies","stepID":["3"],"time":"2026-09-10T01:56:56Z"}
{"dryrun":false,"job":"CI/Typecheck \u0026 Test","jobID":"verify","level":"info","matrix":{},"msg":"npm warn EBADENGINE }\n","raw_output":true,"stage":"Main","step":"Install dependencies","stepID":["3"],"time":"2026-09-10T01:56:56Z"}
{"dryrun":false,"job":"CI/Typecheck \u0026 Test","jobID":"verify","level":"info","matrix":{},"msg":"npm warn EBADENGINE Unsupported engine {\n","raw_output":true,"stage":"Main","step":"Install dependencies","stepID":["3"],"time":"2026-09-10T01:56:56Z"}
{"dryrun":false,"job":"CI/Typecheck \u0026 Test","jobID":"verify","level":"info","matrix":{},"msg":"npm warn EBADENGINE   package: 'commander@15.0.0',\n","raw_output":true,"stage":"Main","step":"Install dependencies","stepID":["3"],"time":"2026-09-10T01:56:56Z"}
{"dryrun":false,"job":"CI/Typecheck \u0026 Test","jobID":"verify","level":"info","matrix":{},"msg":"npm warn EBADENGINE   required: { node: '\u003e=22.12.0' },\n","raw_output":true,"stage":"Main","step":"Install dependencies","stepID":["3"],"time":"2026-09-10T01:56:56Z"}
{"dryrun":false,"job":"CI/Typecheck \u0026 Test","jobID":"verify","level":"info","matrix":{},"msg":"npm warn EBADENGINE   current: { node: 'v20.20.2', npm: '10.8.2' }\n","raw_output":true,"stage":"Main","step":"Install dependencies","stepID":["3"],"time":"2026-09-10T01:56:56Z"}
{"dryrun":false,"job":"CI/Typecheck \u0026 Test","jobID":"verify","level":"info","matrix":{},"msg":"npm warn EBADENGINE }\n","raw_output":true,"stage":"Main","step":"Install dependencies","stepID":["3"],"time":"2026-09-10T01:56:56Z"}
{"dryrun":false,"job":"CI/Typecheck \u0026 Test","jobID":"verify","level":"info","matrix":{},"msg":"npm warn EBADENGINE Unsupported engine {\n","raw_output":true,"stage":"Main","step":"Install dependencies","stepID":["3"],"time":"2026-09-10T01:56:56Z"}
{"dryrun":false,"job":"CI/Typecheck \u0026 Test","jobID":"verify","level":"info","matrix":{},"msg":"npm warn EBADENGINE   package: 'commander@15.0.0',\n","raw_output":true,"stage":"Main","step":"Install dependencies","stepID":["3"],"time":"2026-09-10T01:56:56Z"}
{"dryrun":false,"job":"CI/Typecheck \u0026 Test","jobID":"verify","level":"info","matrix":{},"msg":"npm warn EBADENGINE   required: { node: '\u003e=22.12.0' },\n","raw_output":true,"stage":"Main","step":"Install dependencies","stepID":["3"],"time":"2026-09-10T01:56:56Z"}
{"dryrun":false,"job":"CI/Typecheck \u0026 Test","jobID":"verify","level":"info","matrix":{},"msg":"npm warn EBADENGINE   current: { node: 'v20.20.2', npm: '10.8.2' }\n","raw_output":true,"stage":"Main","step":"Install dependencies","stepID":["3"],"time":"2026-09-10T01:56:56Z"}
{"dryrun":false,"job":"CI/Typecheck \u0026 Test","jobID":"verify","level":"info","matrix":{},"msg":"npm warn EBADENGINE }\n","raw_output":true,"stage":"Main","step":"Install dependencies","stepID":["3"],"time":"2026-09-10T01:56:56Z"}
{"dryrun":false,"job":"CI/Typecheck \u0026 Test","jobID":"verify","level":"info","matrix":{},"msg":"npm warn EBADENGINE Unsupported engine {\n","raw_output":true,"stage":"Main","step":"Install dependencies","stepID":["3"],"time":"2026-09-10T01:56:56Z"}
{"dryrun":false,"job":"CI/Typecheck \u0026 Test","jobID":"verify","level":"info","matrix":{},"msg":"npm warn EBADENGINE   package: 'commander@15.0.0',\n","raw_output":true,"stage":"Main","step":"Install dependencies","stepID":["3"],"time":"2026-09-10T01:56:56Z"}
{"dryrun":false,"job":"CI/Typecheck \u0026 Test","jobID":"verify","level":"info","matrix":{},"msg":"npm warn EBADENGINE   required: { node: '\u003e=22.12.0' },\n","raw_output":true,"stage":"Main","step":"Install dependencies","stepID":["3"],"time":"2026-09-10T01:56:56Z"}
{"dryrun":false,"job":"CI/Typecheck \u0026 Test","jobID":"verify","level":"info","matrix":{},"msg":"npm warn EBADENGINE   current: { node: 'v20.20.2', npm: '10.8.2' }\n","raw_output":true,"stage":"Main","step":"Install dependencies","stepID":["3"],"time":"2026-09-10T01:56:56Z"}
{"dryrun":false,"job":"CI/Typecheck \u0026 Test","jobID":"verify","level":"info","matrix":{},"msg":"npm warn EBADENGINE }\n","raw_output":true,"stage":"Main","step":"Install dependencies","stepID":["3"],"time":"2026-09-10T01:56:56Z"}
{"dryrun":false,"job":"CI/Typecheck \u0026 Test","jobID":"verify","level":"info","matrix":{},"msg":"npm warn EBADENGINE Unsupported engine {\n","raw_output":true,"stage":"Main","step":"Install dependencies","stepID":["3"],"time":"2026-09-10T01:56:56Z"}
{"dryrun":false,"job":"CI/Typecheck \u0026 Test","jobID":"verify","level":"info","matrix":{},"msg":"npm warn EBADENGINE   package: 'commander@15.0.0',\n","raw_output":true,"stage":"Main","step":"Install dependencies","stepID":["3"],"time":"2026-09-10T01:56:56Z"}
{"dryrun":false,"job":"CI/Typecheck \u0026 Test","jobID":"verify","level":"info","matrix":{},"msg":"npm warn EBADENGINE   required: { node: '\u003e=22.12.0' },\n","raw_output":true,"stage":"Main","step":"Install dependencies","stepID":["3"],"time":"2026-09-10T01:56:56Z"}
{"dryrun":false,"job":"CI/Typecheck \u0026 Test","jobID":"verify","level":"info","matrix":{},"msg":"npm warn EBADENGINE   current: { node: 'v20.20.2', npm: '10.8.2' }\n","raw_output":true,"stage":"Main","step":"Install dependencies","stepID":["3"],"time":"2026-09-10T01:56:56Z"}
{"dryrun":false,"job":"CI/Typecheck \u0026 Test","jobID":"verify","level":"info","matrix":{},"msg":"npm warn EBADENGINE }\n","raw_output":true,"stage":"Main","step":"Install dependencies","stepID":["3"],"time":"2026-09-10T01:56:56Z"}
{"dryrun":false,"job":"CI/Typecheck \u0026 Test","jobID":"verify","level":"info","matrix":{},"msg":"npm warn EBADENGINE Unsupported engine {\n","raw_output":true,"stage":"Main","step":"Install dependencies","stepID":["3"],"time":"2026-09-10T01:56:56Z"}
{"dryrun":false,"job":"CI/Typecheck \u0026 Test","jobID":"verify","level":"info","matrix":{},"msg":"npm warn EBADENGINE   package: 'commander@15.0.0',\n","raw_output":true,"stage":"Main","step":"Install dependencies","stepID":["3"],"time":"2026-09-10T01:56:56Z"}
{"dryrun":false,"job":"CI/Typecheck \u0026 Test","jobID":"verify","level":"info","matrix":{},"msg":"npm warn EBADENGINE   required: { node: '\u003e=22.12.0' },\n","raw_output":true,"stage":"Main","step":"Install dependencies","stepID":["3"],"time":"2026-09-10T01:56:56Z"}
{"dryrun":false,"job":"CI/Typecheck \u0026 Test","jobID":"verify","level":"info","matrix":{},"msg":"npm warn EBADENGINE   current: { node: 'v20.20.2', npm: '10.8.2' }\n","raw_output":true,"stage":"Main","step":"Install dependencies","stepID":["3"],"time":"2026-09-10T01:56:56Z"}
{"dryrun":false,"job":"CI/Typecheck \u0026 Test","jobID":"verify","level":"info","matrix":{},"msg":"npm warn EBADENGINE }\n","raw_output":true,"stage":"Main","step":"Install dependencies","stepID":["3"],"time":"2026-09-10T01:56:56Z"}
{"dryrun":false,"job":"CI/Typecheck \u0026 Test","jobID":"verify","level":"info","matrix":{},"msg":"npm warn EBADENGINE Unsupported engine {\n","raw_output":true,"stage":"Main","step":"Install dependencies","stepID":["3"],"time":"2026-09-10T01:56:56Z"}
{"dryrun":false,"job":"CI/Typecheck \u0026 Test","jobID":"verify","level":"info","matrix":{},"msg":"npm warn EBADENGINE   package: 'commander@15.0.0',\n","raw_output":true,"stage":"Main","step":"Install dependencies","stepID":["3"],"time":"2026-09-10T01:56:56Z"}
{"dryrun":false,"job":"CI/Typecheck \u0026 Test","jobID":"verify","level":"info","matrix":{},"msg":"npm warn EBADENGINE   required: { node: '\u003e=22.12.0' },\n","raw_output":true,"stage":"Main","step":"Install dependencies","stepID":["3"],"time":"2026-09-10T01:56:56Z"}
{"dryrun":false,"job":"CI/Typecheck \u0026 Test","jobID":"verify","level":"info","matrix":{},"msg":"npm warn EBADENGINE   current: { node: 'v20.20.2', npm: '10.8.2' }\n","raw_output":true,"stage":"Main","step":"Install dependencies","stepID":["3"],"time":"2026-09-10T01:56:56Z"}
{"dryrun":false,"job":"CI/Typecheck \u0026 Test","jobID":"verify","level":"info","matrix":{},"msg":"npm warn EBADENGINE }\n","raw_output":true,"stage":"Main","step":"Install dependencies","stepID":["3"],"time":"2026-09-10T01:56:56Z"}
{"dryrun":false,"job":"CI/Typecheck \u0026 Test","jobID":"verify","level":"info","matrix":{},"msg":"npm warn EBADENGINE Unsupported engine {\n","raw_output":true,"stage":"Main","step":"Install dependencies","stepID":["3"],"time":"2026-09-10T01:56:56Z"}
{"dryrun":false,"job":"CI/Typecheck \u0026 Test","jobID":"verify","level":"info","matrix":{},"msg":"npm warn EBADENGINE   package: 'commander@15.0.0',\n","raw_output":true,"stage":"Main","step":"Install dependencies","stepID":["3"],"time":"2026-09-10T01:56:56Z"}
{"dryrun":false,"job":"CI/Typecheck \u0026 Test","jobID":"verify","level":"info","matrix":{},"msg":"npm warn EBADENGINE   required: { node: '\u003e=22.12.0' },\n","raw_output":true,"stage":"Main","step":"Install dependencies","stepID":["3"],"time":"2026-09-10T01:56:56Z"}
{"dryrun":false,"job":"CI/Typecheck \u0026 Test","jobID":"verify","level":"info","matrix":{},"msg":"npm warn EBADENGINE   current: { node: 'v20.20.2', npm: '10.8.2' }\n","raw_output":true,"stage":"Main","step":"Install dependencies","stepID":["3"],"time":"2026-09-10T01:56:56Z"}
{"dryrun":false,"job":"CI/Typecheck \u0026 Test","jobID":"verify","level":"info","matrix":{},"msg":"npm warn EBADENGINE }\n","raw_output":true,"stage":"Main","step":"Install dependencies","stepID":["3"],"time":"2026-09-10T01:56:56Z"}
{"dryrun":false,"job":"CI/Typecheck \u0026 Test","jobID":"verify","level":"info","matrix":{},"msg":"npm warn EBADENGINE Unsupported engine {\n","raw_output":true,"stage":"Main","step":"Install dependencies","stepID":["3"],"time":"2026-09-10T01:56:56Z"}
{"dryrun":false,"job":"CI/Typecheck \u0026 Test","jobID":"verify","level":"info","matrix":{},"msg":"npm warn EBADENGINE   package: 'commander@15.0.0',\n","raw_output":true,"stage":"Main","step":"Install dependencies","stepID":["3"],"time":"2026-09-10T01:56:56Z"}
{"dryrun":false,"job":"CI/Typecheck \u0026 Test","jobID":"verify","level":"info","matrix":{},"msg":"npm warn EBADENGINE   required: { node: '\u003e=22.12.0' },\n","raw_output":true,"stage":"Main","step":"Install dependencies","stepID":["3"],"time":"2026-09-10T01:56:56Z"}
{"dryrun":false,"job":"CI/Typecheck \u0026 Test","jobID":"verify","level":"info","matrix":{},"msg":"npm warn EBADENGINE   current: { node: 'v20.20.2', npm: '10.8.2' }\n","raw_output":true,"stage":"Main","step":"Install dependencies","stepID":["3"],"time":"2026-09-10T01:56:56Z"}
{"dryrun":false,"job":"CI/Typecheck \u0026 Test","jobID":"verify","level":"info","matrix":{},"msg":"npm warn EBADENGINE }\n","raw_output":true,"stage":"Main","step":"Install dependencies","stepID":["3"],"time":"2026-09-10T01:56:56Z"}
{"dryrun":false,"job":"CI/Typecheck \u0026 Test","jobID":"verify","level":"info","matrix":{},"msg":"npm warn EBADENGINE Unsupported engine {\n","raw_output":true,"stage":"Main","step":"Install dependencies","stepID":["3"],"time":"2026-09-10T01:56:56Z"}
{"dryrun":false,"job":"CI/Typecheck \u0026 Test","jobID":"verify","level":"info","matrix":{},"msg":"npm warn EBADENGINE   package: 'commander@15.0.0',\n","raw_output":true,"stage":"Main","step":"Install dependencies","stepID":["3"],"time":"2026-09-10T01:56:56Z"}
{"dryrun":false,"job":"CI/Typecheck \u0026 Test","jobID":"verify","level":"info","matrix":{},"msg":"npm warn EBADENGINE   required: { node: '\u003e=22.12.0' },\n","raw_output":true,"stage":"Main","step":"Install dependencies","stepID":["3"],"time":"2026-09-10T01:56:56Z"}
{"dryrun":false,"job":"CI/Typecheck \u0026 Test","jobID":"verify","level":"info","matrix":{},"msg":"npm warn EBADENGINE   current: { node: 'v20.20.2', npm: '10.8.2' }\n","raw_output":true,"stage":"Main","step":"Install dependencies","stepID":["3"],"time":"2026-09-10T01:56:56Z"}
{"dryrun":false,"job":"CI/Typecheck \u0026 Test","jobID":"verify","level":"info","matrix":{},"msg":"npm warn EBADENGINE }\n","raw_output":true,"stage":"Main","step":"Install dependencies","stepID":["3"],"time":"2026-09-10T01:56:56Z"}
{"dryrun":false,"job":"CI/Typecheck \u0026 Test","jobID":"verify","level":"info","matrix":{},"msg":"npm warn EBADENGINE Unsupported engine {\n","raw_output":true,"stage":"Main","step":"Install dependencies","stepID":["3"],"time":"2026-09-10T01:56:56Z"}
{"dryrun":false,"job":"CI/Typecheck \u0026 Test","jobID":"verify","level":"info","matrix":{},"msg":"npm warn EBADENGINE   package: '@solana/wallet-standard-chains@1.1.2',\n","raw_output":true,"stage":"Main","step":"Install dependencies","stepID":["3"],"time":"2026-09-10T01:56:56Z"}
{"dryrun":false,"job":"CI/Typecheck \u0026 Test","jobID":"verify","level":"info","matrix":{},"msg":"npm warn EBADENGINE   required: { node: '\u003e=22' },\n","raw_output":true,"stage":"Main","step":"Install dependencies","stepID":["3"],"time":"2026-09-10T01:56:56Z"}
{"dryrun":false,"job":"CI/Typecheck \u0026 Test","jobID":"verify","level":"info","matrix":{},"msg":"npm warn EBADENGINE   current: { node: 'v20.20.2', npm: '10.8.2' }\n","raw_output":true,"stage":"Main","step":"Install dependencies","stepID":["3"],"time":"2026-09-10T01:56:56Z"}
{"dryrun":false,"job":"CI/Typecheck \u0026 Test","jobID":"verify","level":"info","matrix":{},"msg":"npm warn EBADENGINE }\n","raw_output":true,"stage":"Main","step":"Install dependencies","stepID":["3"],"time":"2026-09-10T01:56:56Z"}
{"dryrun":false,"job":"CI/Typecheck \u0026 Test","jobID":"verify","level":"info","matrix":{},"msg":"npm warn EBADENGINE Unsupported engine {\n","raw_output":true,"stage":"Main","step":"Install dependencies","stepID":["3"],"time":"2026-09-10T01:56:56Z"}
{"dryrun":false,"job":"CI/Typecheck \u0026 Test","jobID":"verify","level":"info","matrix":{},"msg":"npm warn EBADENGINE   package: '@solana/wallet-standard-features@1.4.0',\n","raw_output":true,"stage":"Main","step":"Install dependencies","stepID":["3"],"time":"2026-09-10T01:56:56Z"}
{"dryrun":false,"job":"CI/Typecheck \u0026 Test","jobID":"verify","level":"info","matrix":{},"msg":"npm warn EBADENGINE   required: { node: '\u003e=22' },\n","raw_output":true,"stage":"Main","step":"Install dependencies","stepID":["3"],"time":"2026-09-10T01:56:56Z"}
{"dryrun":false,"job":"CI/Typecheck \u0026 Test","jobID":"verify","level":"info","matrix":{},"msg":"npm warn EBADENGINE   current: { node: 'v20.20.2', npm: '10.8.2' }\n","raw_output":true,"stage":"Main","step":"Install dependencies","stepID":["3"],"time":"2026-09-10T01:56:56Z"}
{"dryrun":false,"job":"CI/Typecheck \u0026 Test","jobID":"verify","level":"info","matrix":{},"msg":"npm warn EBADENGINE }\n","raw_output":true,"stage":"Main","step":"Install dependencies","stepID":["3"],"time":"2026-09-10T01:56:56Z"}
{"dryrun":false,"job":"CI/Typecheck \u0026 Test","jobID":"verify","level":"info","matrix":{},"msg":"npm warn EBADENGINE Unsupported engine {\n","raw_output":true,"stage":"Main","step":"Install dependencies","stepID":["3"],"time":"2026-09-10T01:56:56Z"}
{"dryrun":false,"job":"CI/Typecheck \u0026 Test","jobID":"verify","level":"info","matrix":{},"msg":"npm warn EBADENGINE   package: '@toruslabs/customauth@22.3.3',\n","raw_output":true,"stage":"Main","step":"Install dependencies","stepID":["3"],"time":"2026-09-10T01:56:56Z"}
{"dryrun":false,"job":"CI/Typecheck \u0026 Test","jobID":"verify","level":"info","matrix":{},"msg":"npm warn EBADENGINE   required: { node: '\u003e=22.x', npm: '\u003e=10.x' },\n","raw_output":true,"stage":"Main","step":"Install dependencies","stepID":["3"],"time":"2026-09-10T01:56:56Z"}
{"dryrun":false,"job":"CI/Typecheck \u0026 Test","jobID":"verify","level":"info","matrix":{},"msg":"npm warn EBADENGINE   current: { node: 'v20.20.2', npm: '10.8.2' }\n","raw_output":true,"stage":"Main","step":"Install dependencies","stepID":["3"],"time":"2026-09-10T01:56:56Z"}
{"dryrun":false,"job":"CI/Typecheck \u0026 Test","jobID":"verify","level":"info","matrix":{},"msg":"npm warn EBADENGINE }\n","raw_output":true,"stage":"Main","step":"Install dependencies","stepID":["3"],"time":"2026-09-10T01:56:56Z"}
{"dryrun":false,"job":"CI/Typecheck \u0026 Test","jobID":"verify","level":"info","matrix":{},"msg":"npm warn EBADENGINE Unsupported engine {\n","raw_output":true,"stage":"Main","step":"Install dependencies","stepID":["3"],"time":"2026-09-10T01:56:56Z"}
{"dryrun":false,"job":"CI/Typecheck \u0026 Test","jobID":"verify","level":"info","matrix":{},"msg":"npm warn EBADENGINE   package: '@toruslabs/broadcast-channel@13.3.0',\n","raw_output":true,"stage":"Main","step":"Install dependencies","stepID":["3"],"time":"2026-09-10T01:56:56Z"}
{"dryrun":false,"job":"CI/Typecheck \u0026 Test","jobID":"verify","level":"info","matrix":{},"msg":"npm warn EBADENGINE   required: { node: '\u003e=22.x', npm: '\u003e=10.x' },\n","raw_output":true,"stage":"Main","step":"Install dependencies","stepID":["3"],"time":"2026-09-10T01:56:56Z"}
{"dryrun":false,"job":"CI/Typecheck \u0026 Test","jobID":"verify","level":"info","matrix":{},"msg":"npm warn EBADENGINE   current: { node: 'v20.20.2', npm: '10.8.2' }\n","raw_output":true,"stage":"Main","step":"Install dependencies","stepID":["3"],"time":"2026-09-10T01:56:56Z"}
{"dryrun":false,"job":"CI/Typecheck \u0026 Test","jobID":"verify","level":"info","matrix":{},"msg":"npm warn EBADENGINE }\n","raw_output":true,"stage":"Main","step":"Install dependencies","stepID":["3"],"time":"2026-09-10T01:56:56Z"}
{"dryrun":false,"job":"CI/Typecheck \u0026 Test","jobID":"verify","level":"info","matrix":{},"msg":"npm warn EBADENGINE Unsupported engine {\n","raw_output":true,"stage":"Main","step":"Install dependencies","stepID":["3"],"time":"2026-09-10T01:56:56Z"}
{"dryrun":false,"job":"CI/Typecheck \u0026 Test","jobID":"verify","level":"info","matrix":{},"msg":"npm warn EBADENGINE   package: '@toruslabs/constants@16.1.1',\n","raw_output":true,"stage":"Main","step":"Install dependencies","stepID":["3"],"time":"2026-09-10T01:56:56Z"}
{"dryrun":false,"job":"CI/Typecheck \u0026 Test","jobID":"verify","level":"info","matrix":{},"msg":"npm warn EBADENGINE   required: { node: '\u003e=22.x', npm: '\u003e=10.x' },\n","raw_output":true,"stage":"Main","step":"Install dependencies","stepID":["3"],"time":"2026-09-10T01:56:56Z"}
{"dryrun":false,"job":"CI/Typecheck \u0026 Test","jobID":"verify","level":"info","matrix":{},"msg":"npm warn EBADENGINE   current: { node: 'v20.20.2', npm: '10.8.2' }\n","raw_output":true,"stage":"Main","step":"Install dependencies","stepID":["3"],"time":"2026-09-10T01:56:56Z"}
{"dryrun":false,"job":"CI/Typecheck \u0026 Test","jobID":"verify","level":"info","matrix":{},"msg":"npm warn EBADENGINE }\n","raw_output":true,"stage":"Main","step":"Install dependencies","stepID":["3"],"time":"2026-09-10T01:56:56Z"}
{"dryrun":false,"job":"CI/Typecheck \u0026 Test","jobID":"verify","level":"info","matrix":{},"msg":"npm warn EBADENGINE Unsupported engine {\n","raw_output":true,"stage":"Main","step":"Install dependencies","stepID":["3"],"time":"2026-09-10T01:56:56Z"}
{"dryrun":false,"job":"CI/Typecheck \u0026 Test","jobID":"verify","level":"info","matrix":{},"msg":"npm warn EBADENGINE   package: '@toruslabs/eccrypto@7.0.0',\n","raw_output":true,"stage":"Main","step":"Install dependencies","stepID":["3"],"time":"2026-09-10T01:56:56Z"}
{"dryrun":false,"job":"CI/Typecheck \u0026 Test","jobID":"verify","level":"info","matrix":{},"msg":"npm warn EBADENGINE   required: { node: '\u003e=22.x', npm: '\u003e=10.x' },\n","raw_output":true,"stage":"Main","step":"Install dependencies","stepID":["3"],"time":"2026-09-10T01:56:56Z"}
{"dryrun":false,"job":"CI/Typecheck \u0026 Test","jobID":"verify","level":"info","matrix":{},"msg":"npm warn EBADENGINE   current: { node: 'v20.20.2', npm: '10.8.2' }\n","raw_output":true,"stage":"Main","step":"Install dependencies","stepID":["3"],"time":"2026-09-10T01:56:56Z"}
{"dryrun":false,"job":"CI/Typecheck \u0026 Test","jobID":"verify","level":"info","matrix":{},"msg":"npm warn EBADENGINE }\n","raw_output":true,"stage":"Main","step":"Install dependencies","stepID":["3"],"time":"2026-09-10T01:56:56Z"}
{"dryrun":false,"job":"CI/Typecheck \u0026 Test","jobID":"verify","level":"info","matrix":{},"msg":"npm warn EBADENGINE Unsupported engine {\n","raw_output":true,"stage":"Main","step":"Install dependencies","stepID":["3"],"time":"2026-09-10T01:56:56Z"}
{"dryrun":false,"job":"CI/Typecheck \u0026 Test","jobID":"verify","level":"info","matrix":{},"msg":"npm warn EBADENGINE   package: '@toruslabs/http-helpers@9.0.0',\n","raw_output":true,"stage":"Main","step":"Install dependencies","stepID":["3"],"time":"2026-09-10T01:56:56Z"}
{"dryrun":false,"job":"CI/Typecheck \u0026 Test","jobID":"verify","level":"info","matrix":{},"msg":"npm warn EBADENGINE   required: { node: '\u003e=22.x', npm: '\u003e=10.x' },\n","raw_output":true,"stage":"Main","step":"Install dependencies","stepID":["3"],"time":"2026-09-10T01:56:56Z"}
{"dryrun":false,"job":"CI/Typecheck \u0026 Test","jobID":"verify","level":"info","matrix":{},"msg":"npm warn EBADENGINE   current: { node: 'v20.20.2', npm: '10.8.2' }\n","raw_output":true,"stage":"Main","step":"Install dependencies","stepID":["3"],"time":"2026-09-10T01:56:56Z"}
{"dryrun":false,"job":"CI/Typecheck \u0026 Test","jobID":"verify","level":"info","matrix":{},"msg":"npm warn EBADENGINE }\n","raw_output":true,"stage":"Main","step":"Install dependencies","stepID":["3"],"time":"2026-09-10T01:56:56Z"}
{"dryrun":false,"job":"CI/Typecheck \u0026 Test","jobID":"verify","level":"info","matrix":{},"msg":"npm warn EBADENGINE Unsupported engine {\n","raw_output":true,"stage":"Main","step":"Install dependencies","stepID":["3"],"time":"2026-09-10T01:56:56Z"}
{"dryrun":false,"job":"CI/Typecheck \u0026 Test","jobID":"verify","level":"info","matrix":{},"msg":"npm warn EBADENGINE   package: '@toruslabs/metadata-helpers@8.2.0',\n","raw_output":true,"stage":"Main","step":"Install dependencies","stepID":["3"],"time":"2026-09-10T01:56:56Z"}
{"dryrun":false,"job":"CI/Typecheck \u0026 Test","jobID":"verify","level":"info","matrix":{},"msg":"npm warn EBADENGINE   required: { node: '\u003e=22.x', npm: '\u003e=10.x' },\n","raw_output":true,"stage":"Main","step":"Install dependencies","stepID":["3"],"time":"2026-09-10T01:56:56Z"}
{"dryrun":false,"job":"CI/Typecheck \u0026 Test","jobID":"verify","level":"info","matrix":{},"msg":"npm warn EBADENGINE   current: { node: 'v20.20.2', npm: '10.8.2' }\n","raw_output":true,"stage":"Main","step":"Install dependencies","stepID":["3"],"time":"2026-09-10T01:56:56Z"}
{"dryrun":false,"job":"CI/Typecheck \u0026 Test","jobID":"verify","level":"info","matrix":{},"msg":"npm warn EBADENGINE }\n","raw_output":true,"stage":"Main","step":"Install dependencies","stepID":["3"],"time":"2026-09-10T01:56:56Z"}
{"dryrun":false,"job":"CI/Typecheck \u0026 Test","jobID":"verify","level":"info","matrix":{},"msg":"npm warn EBADENGINE Unsupported engine {\n","raw_output":true,"stage":"Main","step":"Install dependencies","stepID":["3"],"time":"2026-09-10T01:56:56Z"}
{"dryrun":false,"job":"CI/Typecheck \u0026 Test","jobID":"verify","level":"info","matrix":{},"msg":"npm warn EBADENGINE   package: '@toruslabs/session-manager@5.6.0',\n","raw_output":true,"stage":"Main","step":"Install dependencies","stepID":["3"],"time":"2026-09-10T01:56:56Z"}
{"dryrun":false,"job":"CI/Typecheck \u0026 Test","jobID":"verify","level":"info","matrix":{},"msg":"npm warn EBADENGINE   required: { node: '\u003e=22.x', npm: '\u003e=10.x' },\n","raw_output":true,"stage":"Main","step":"Install dependencies","stepID":["3"],"time":"2026-09-10T01:56:56Z"}
{"dryrun":false,"job":"CI/Typecheck \u0026 Test","jobID":"verify","level":"info","matrix":{},"msg":"npm warn EBADENGINE   current: { node: 'v20.20.2', npm: '10.8.2' }\n","raw_output":true,"stage":"Main","step":"Install dependencies","stepID":["3"],"time":"2026-09-10T01:56:56Z"}
{"dryrun":false,"job":"CI/Typecheck \u0026 Test","jobID":"verify","level":"info","matrix":{},"msg":"npm warn EBADENGINE }\n","raw_output":true,"stage":"Main","step":"Install dependencies","stepID":["3"],"time":"2026-09-10T01:56:56Z"}
{"dryrun":false,"job":"CI/Typecheck \u0026 Test","jobID":"verify","level":"info","matrix":{},"msg":"npm warn EBADENGINE Unsupported engine {\n","raw_output":true,"stage":"Main","step":"Install dependencies","stepID":["3"],"time":"2026-09-10T01:56:56Z"}
{"dryrun":false,"job":"CI/Typecheck \u0026 Test","jobID":"verify","level":"info","matrix":{},"msg":"npm warn EBADENGINE   package: '@toruslabs/ethereum-controllers@9.12.0',\n","raw_output":true,"stage":"Main","step":"Install dependencies","stepID":["3"],"time":"2026-09-10T01:56:56Z"}
{"dryrun":false,"job":"CI/Typecheck \u0026 Test","jobID":"verify","level":"info","matrix":{},"msg":"npm warn EBADENGINE   required: { node: '\u003e=22.x', npm: '\u003e=10.x' },\n","raw_output":true,"stage":"Main","step":"Install dependencies","stepID":["3"],"time":"2026-09-10T01:56:56Z"}
{"dryrun":false,"job":"CI/Typecheck \u0026 Test","jobID":"verify","level":"info","matrix":{},"msg":"npm warn EBADENGINE   current: { node: 'v20.20.2', npm: '10.8.2' }\n","raw_output":true,"stage":"Main","step":"Install dependencies","stepID":["3"],"time":"2026-09-10T01:56:56Z"}
{"dryrun":false,"job":"CI/Typecheck \u0026 Test","jobID":"verify","level":"info","matrix":{},"msg":"npm warn EBADENGINE }\n","raw_output":true,"stage":"Main","step":"Install dependencies","stepID":["3"],"time":"2026-09-10T01:56:56Z"}
{"dryrun":false,"job":"CI/Typecheck \u0026 Test","jobID":"verify","level":"info","matrix":{},"msg":"npm warn EBADENGINE Unsupported engine {\n","raw_output":true,"stage":"Main","step":"Install dependencies","stepID":["3"],"time":"2026-09-10T01:56:56Z"}
{"dryrun":false,"job":"CI/Typecheck \u0026 Test","jobID":"verify","level":"info","matrix":{},"msg":"npm warn EBADENGINE   package: '@toruslabs/base-controllers@9.12.0',\n","raw_output":true,"stage":"Main","step":"Install dependencies","stepID":["3"],"time":"2026-09-10T01:56:56Z"}
{"dryrun":false,"job":"CI/Typecheck \u0026 Test","jobID":"verify","level":"info","matrix":{},"msg":"npm warn EBADENGINE   required: { node: '\u003e=22.x', npm: '\u003e=10.x' },\n","raw_output":true,"stage":"Main","step":"Install dependencies","stepID":["3"],"time":"2026-09-10T01:56:56Z"}
{"dryrun":false,"job":"CI/Typecheck \u0026 Test","jobID":"verify","level":"info","matrix":{},"msg":"npm warn EBADENGINE   current: { node: 'v20.20.2', npm: '10.8.2' }\n","raw_output":true,"stage":"Main","step":"Install dependencies","stepID":["3"],"time":"2026-09-10T01:56:56Z"}
{"dryrun":false,"job":"CI/Typecheck \u0026 Test","jobID":"verify","level":"info","matrix":{},"msg":"npm warn EBADENGINE }\n","raw_output":true,"stage":"Main","step":"Install dependencies","stepID":["3"],"time":"2026-09-10T01:56:56Z"}
{"dryrun":false,"job":"CI/Typecheck \u0026 Test","jobID":"verify","level":"info","matrix":{},"msg":"npm warn EBADENGINE Unsupported engine {\n","raw_output":true,"stage":"Main","step":"Install dependencies","stepID":["3"],"time":"2026-09-10T01:56:56Z"}
{"dryrun":false,"job":"CI/Typecheck \u0026 Test","jobID":"verify","level":"info","matrix":{},"msg":"npm warn EBADENGINE   package: '@toruslabs/broadcast-channel@13.3.0',\n","raw_output":true,"stage":"Main","step":"Install dependencies","stepID":["3"],"time":"2026-09-10T01:56:56Z"}
{"dryrun":false,"job":"CI/Typecheck \u0026 Test","jobID":"verify","level":"info","matrix":{},"msg":"npm warn EBADENGINE   required: { node: '\u003e=22.x', npm: '\u003e=10.x' },\n","raw_output":true,"stage":"Main","step":"Install dependencies","stepID":["3"],"time":"2026-09-10T01:56:56Z"}
{"dryrun":false,"job":"CI/Typecheck \u0026 Test","jobID":"verify","level":"info","matrix":{},"msg":"npm warn EBADENGINE   current: { node: 'v20.20.2', npm: '10.8.2' }\n","raw_output":true,"stage":"Main","step":"Install dependencies","stepID":["3"],"time":"2026-09-10T01:56:56Z"}
{"dryrun":false,"job":"CI/Typecheck \u0026 Test","jobID":"verify","level":"info","matrix":{},"msg":"npm warn EBADENGINE }\n","raw_output":true,"stage":"Main","step":"Install dependencies","stepID":["3"],"time":"2026-09-10T01:56:56Z"}
{"dryrun":false,"job":"CI/Typecheck \u0026 Test","jobID":"verify","level":"info","matrix":{},"msg":"npm warn EBADENGINE Unsupported engine {\n","raw_output":true,"stage":"Main","step":"Install dependencies","stepID":["3"],"time":"2026-09-10T01:56:56Z"}
{"dryrun":false,"job":"CI/Typecheck \u0026 Test","jobID":"verify","level":"info","matrix":{},"msg":"npm warn EBADENGINE   package: '@toruslabs/constants@16.1.1',\n","raw_output":true,"stage":"Main","step":"Install dependencies","stepID":["3"],"time":"2026-09-10T01:56:56Z"}
{"dryrun":false,"job":"CI/Typecheck \u0026 Test","jobID":"verify","level":"info","matrix":{},"msg":"npm warn EBADENGINE   required: { node: '\u003e=22.x', npm: '\u003e=10.x' },\n","raw_output":true,"stage":"Main","step":"Install dependencies","stepID":["3"],"time":"2026-09-10T01:56:56Z"}
{"dryrun":false,"job":"CI/Typecheck \u0026 Test","jobID":"verify","level":"info","matrix":{},"msg":"npm warn EBADENGINE   current: { node: 'v20.20.2', npm: '10.8.2' }\n","raw_output":true,"stage":"Main","step":"Install dependencies","stepID":["3"],"time":"2026-09-10T01:56:56Z"}
{"dryrun":false,"job":"CI/Typecheck \u0026 Test","jobID":"verify","level":"info","matrix":{},"msg":"npm warn EBADENGINE }\n","raw_output":true,"stage":"Main","step":"Install dependencies","stepID":["3"],"time":"2026-09-10T01:56:56Z"}
{"dryrun":false,"job":"CI/Typecheck \u0026 Test","jobID":"verify","level":"info","matrix":{},"msg":"npm warn EBADENGINE Unsupported engine {\n","raw_output":true,"stage":"Main","step":"Install dependencies","stepID":["3"],"time":"2026-09-10T01:56:56Z"}
{"dryrun":false,"job":"CI/Typecheck \u0026 Test","jobID":"verify","level":"info","matrix":{},"msg":"npm warn EBADENGINE   package: '@toruslabs/eccrypto@7.0.0',\n","raw_output":true,"stage":"Main","step":"Install dependencies","stepID":["3"],"time":"2026-09-10T01:56:56Z"}
{"dryrun":false,"job":"CI/Typecheck \u0026 Test","jobID":"verify","level":"info","matrix":{},"msg":"npm warn EBADENGINE   required: { node: '\u003e=22.x', npm: '\u003e=10.x' },\n","raw_output":true,"stage":"Main","step":"Install dependencies","stepID":["3"],"time":"2026-09-10T01:56:56Z"}
{"dryrun":false,"job":"CI/Typecheck \u0026 Test","jobID":"verify","level":"info","matrix":{},"msg":"npm warn EBADENGINE   current: { node: 'v20.20.2', npm: '10.8.2' }\n","raw_output":true,"stage":"Main","step":"Install dependencies","stepID":["3"],"time":"2026-09-10T01:56:56Z"}
{"dryrun":false,"job":"CI/Typecheck \u0026 Test","jobID":"verify","level":"info","matrix":{},"msg":"npm warn EBADENGINE }\n","raw_output":true,"stage":"Main","step":"Install dependencies","stepID":["3"],"time":"2026-09-10T01:56:56Z"}
{"dryrun":false,"job":"CI/Typecheck \u0026 Test","jobID":"verify","level":"info","matrix":{},"msg":"npm warn EBADENGINE Unsupported engine {\n","raw_output":true,"stage":"Main","step":"Install dependencies","stepID":["3"],"time":"2026-09-10T01:56:56Z"}
{"dryrun":false,"job":"CI/Typecheck \u0026 Test","jobID":"verify","level":"info","matrix":{},"msg":"npm warn EBADENGINE   package: '@toruslabs/ffjavascript@6.0.0',\n","raw_output":true,"stage":"Main","step":"Install dependencies","stepID":["3"],"time":"2026-09-10T01:56:56Z"}
{"dryrun":false,"job":"CI/Typecheck \u0026 Test","jobID":"verify","level":"info","matrix":{},"msg":"npm warn EBADENGINE   required: { node: '\u003e=22.x', npm: '\u003e=10.x' },\n","raw_output":true,"stage":"Main","step":"Install dependencies","stepID":["3"],"time":"2026-09-10T01:56:56Z"}
{"dryrun":false,"job":"CI/Typecheck \u0026 Test","jobID":"verify","level":"info","matrix":{},"msg":"npm warn EBADENGINE   current: { node: 'v20.20.2', npm: '10.8.2' }\n","raw_output":true,"stage":"Main","step":"Install dependencies","stepID":["3"],"time":"2026-09-10T01:56:56Z"}
{"dryrun":false,"job":"CI/Typecheck \u0026 Test","jobID":"verify","level":"info","matrix":{},"msg":"npm warn EBADENGINE }\n","raw_output":true,"stage":"Main","step":"Install dependencies","stepID":["3"],"time":"2026-09-10T01:56:56Z"}
{"dryrun":false,"job":"CI/Typecheck \u0026 Test","jobID":"verify","level":"info","matrix":{},"msg":"npm warn EBADENGINE Unsupported engine {\n","raw_output":true,"stage":"Main","step":"Install dependencies","stepID":["3"],"time":"2026-09-10T01:56:56Z"}
{"dryrun":false,"job":"CI/Typecheck \u0026 Test","jobID":"verify","level":"info","matrix":{},"msg":"npm warn EBADENGINE   package: '@toruslabs/http-helpers@9.0.0',\n","raw_output":true,"stage":"Main","step":"Install dependencies","stepID":["3"],"time":"2026-09-10T01:56:56Z"}
{"dryrun":false,"job":"CI/Typecheck \u0026 Test","jobID":"verify","level":"info","matrix":{},"msg":"npm warn EBADENGINE   required: { node: '\u003e=22.x', npm: '\u003e=10.x' },\n","raw_output":true,"stage":"Main","step":"Install dependencies","stepID":["3"],"time":"2026-09-10T01:56:56Z"}
{"dryrun":false,"job":"CI/Typecheck \u0026 Test","jobID":"verify","level":"info","matrix":{},"msg":"npm warn EBADENGINE   current: { node: 'v20.20.2', npm: '10.8.2' }\n","raw_output":true,"stage":"Main","step":"Install dependencies","stepID":["3"],"time":"2026-09-10T01:56:56Z"}
{"dryrun":false,"job":"CI/Typecheck \u0026 Test","jobID":"verify","level":"info","matrix":{},"msg":"npm warn EBADENGINE }\n","raw_output":true,"stage":"Main","step":"Install dependencies","stepID":["3"],"time":"2026-09-10T01:56:56Z"}
{"dryrun":false,"job":"CI/Typecheck \u0026 Test","jobID":"verify","level":"info","matrix":{},"msg":"npm warn EBADENGINE Unsupported engine {\n","raw_output":true,"stage":"Main","step":"Install dependencies","stepID":["3"],"time":"2026-09-10T01:56:56Z"}
{"dryrun":false,"job":"CI/Typecheck \u0026 Test","jobID":"verify","level":"info","matrix":{},"msg":"npm warn EBADENGINE   package: '@toruslabs/metadata-helpers@8.2.0',\n","raw_output":true,"stage":"Main","step":"Install dependencies","stepID":["3"],"time":"2026-09-10T01:56:56Z"}
{"dryrun":false,"job":"CI/Typecheck \u0026 Test","jobID":"verify","level":"info","matrix":{},"msg":"npm warn EBADENGINE   required: { node: '\u003e=22.x', npm: '\u003e=10.x' },\n","raw_output":true,"stage":"Main","step":"Install dependencies","stepID":["3"],"time":"2026-09-10T01:56:56Z"}
{"dryrun":false,"job":"CI/Typecheck \u0026 Test","jobID":"verify","level":"info","matrix":{},"msg":"npm warn EBADENGINE   current: { node: 'v20.20.2', npm: '10.8.2' }\n","raw_output":true,"stage":"Main","step":"Install dependencies","stepID":["3"],"time":"2026-09-10T01:56:56Z"}
{"dryrun":false,"job":"CI/Typecheck \u0026 Test","jobID":"verify","level":"info","matrix":{},"msg":"npm warn EBADENGINE }\n","raw_output":true,"stage":"Main","step":"Install dependencies","stepID":["3"],"time":"2026-09-10T01:56:56Z"}
{"dryrun":false,"job":"CI/Typecheck \u0026 Test","jobID":"verify","level":"info","matrix":{},"msg":"npm warn EBADENGINE Unsupported engine {\n","raw_output":true,"stage":"Main","step":"Install dependencies","stepID":["3"],"time":"2026-09-10T01:56:56Z"}
{"dryrun":false,"job":"CI/Typecheck \u0026 Test","jobID":"verify","level":"info","matrix":{},"msg":"npm warn EBADENGINE   package: '@toruslabs/secure-pub-sub@4.3.0',\n","raw_output":true,"stage":"Main","step":"Install dependencies","stepID":["3"],"time":"2026-09-10T01:56:56Z"}
{"dryrun":false,"job":"CI/Typecheck \u0026 Test","jobID":"verify","level":"info","matrix":{},"msg":"npm warn EBADENGINE   required: { node: '\u003e=22.x', npm: '\u003e=10.x' },\n","raw_output":true,"stage":"Main","step":"Install dependencies","stepID":["3"],"time":"2026-09-10T01:56:56Z"}
{"dryrun":false,"job":"CI/Typecheck \u0026 Test","jobID":"verify","level":"info","matrix":{},"msg":"npm warn EBADENGINE   current: { node: 'v20.20.2', npm: '10.8.2' }\n","raw_output":true,"stage":"Main","step":"Install dependencies","stepID":["3"],"time":"2026-09-10T01:56:56Z"}
{"dryrun":false,"job":"CI/Typecheck \u0026 Test","jobID":"verify","level":"info","matrix":{},"msg":"npm warn EBADENGINE }\n","raw_output":true,"stage":"Main","step":"Install dependencies","stepID":["3"],"time":"2026-09-10T01:56:56Z"}
{"dryrun":false,"job":"CI/Typecheck \u0026 Test","jobID":"verify","level":"info","matrix":{},"msg":"npm warn EBADENGINE Unsupported engine {\n","raw_output":true,"stage":"Main","step":"Install dependencies","stepID":["3"],"time":"2026-09-10T01:56:56Z"}
{"dryrun":false,"job":"CI/Typecheck \u0026 Test","jobID":"verify","level":"info","matrix":{},"msg":"npm warn EBADENGINE   package: '@toruslabs/session-manager@5.6.0',\n","raw_output":true,"stage":"Main","step":"Install dependencies","stepID":["3"],"time":"2026-09-10T01:56:56Z"}
{"dryrun":false,"job":"CI/Typecheck \u0026 Test","jobID":"verify","level":"info","matrix":{},"msg":"npm warn EBADENGINE   required: { node: '\u003e=22.x', npm: '\u003e=10.x' },\n","raw_output":true,"stage":"Main","step":"Install dependencies","stepID":["3"],"time":"2026-09-10T01:56:56Z"}
{"dryrun":false,"job":"CI/Typecheck \u0026 Test","jobID":"verify","level":"info","matrix":{},"msg":"npm warn EBADENGINE   current: { node: 'v20.20.2', npm: '10.8.2' }\n","raw_output":true,"stage":"Main","step":"Install dependencies","stepID":["3"],"time":"2026-09-10T01:56:56Z"}
{"dryrun":false,"job":"CI/Typecheck \u0026 Test","jobID":"verify","level":"info","matrix":{},"msg":"npm warn EBADENGINE }\n","raw_output":true,"stage":"Main","step":"Install dependencies","stepID":["3"],"time":"2026-09-10T01:56:56Z"}
{"dryrun":false,"job":"CI/Typecheck \u0026 Test","jobID":"verify","level":"info","matrix":{},"msg":"npm warn EBADENGINE Unsupported engine {\n","raw_output":true,"stage":"Main","step":"Install dependencies","stepID":["3"],"time":"2026-09-10T01:56:56Z"}
{"dryrun":false,"job":"CI/Typecheck \u0026 Test","jobID":"verify","level":"info","matrix":{},"msg":"npm warn EBADENGINE   package: '@web3auth/auth@11.8.2',\n","raw_output":true,"stage":"Main","step":"Install dependencies","stepID":["3"],"time":"2026-09-10T01:56:56Z"}
{"dryrun":false,"job":"CI/Typecheck \u0026 Test","jobID":"verify","level":"info","matrix":{},"msg":"npm warn EBADENGINE   required: { node: '\u003e=22.x', npm: '\u003e=10.x' },\n","raw_output":true,"stage":"Main","step":"Install dependencies","stepID":["3"],"time":"2026-09-10T01:56:56Z"}
{"dryrun":false,"job":"CI/Typecheck \u0026 Test","jobID":"verify","level":"info","matrix":{},"msg":"npm warn EBADENGINE   current: { node: 'v20.20.2', npm: '10.8.2' }\n","raw_output":true,"stage":"Main","step":"Install dependencies","stepID":["3"],"time":"2026-09-10T01:56:56Z"}
{"dryrun":false,"job":"CI/Typecheck \u0026 Test","jobID":"verify","level":"info","matrix":{},"msg":"npm warn EBADENGINE }\n","raw_output":true,"stage":"Main","step":"Install dependencies","stepID":["3"],"time":"2026-09-10T01:56:56Z"}
{"dryrun":false,"job":"CI/Typecheck \u0026 Test","jobID":"verify","level":"info","matrix":{},"msg":"npm warn EBADENGINE Unsupported engine {\n","raw_output":true,"stage":"Main","step":"Install dependencies","stepID":["3"],"time":"2026-09-10T01:56:56Z"}
{"dryrun":false,"job":"CI/Typecheck \u0026 Test","jobID":"verify","level":"info","matrix":{},"msg":"npm warn EBADENGINE   package: '@toruslabs/fetch-node-details@16.1.1',\n","raw_output":true,"stage":"Main","step":"Install dependencies","stepID":["3"],"time":"2026-09-10T01:56:56Z"}
{"dryrun":false,"job":"CI/Typecheck \u0026 Test","jobID":"verify","level":"info","matrix":{},"msg":"npm warn EBADENGINE   required: { node: '\u003e=22.x', npm: '\u003e=10.x' },\n","raw_output":true,"stage":"Main","step":"Install dependencies","stepID":["3"],"time":"2026-09-10T01:56:56Z"}
{"dryrun":false,"job":"CI/Typecheck \u0026 Test","jobID":"verify","level":"info","matrix":{},"msg":"npm warn EBADENGINE   current: { node: 'v20.20.2', npm: '10.8.2' }\n","raw_output":true,"stage":"Main","step":"Install dependencies","stepID":["3"],"time":"2026-09-10T01:56:56Z"}
{"dryrun":false,"job":"CI/Typecheck \u0026 Test","jobID":"verify","level":"info","matrix":{},"msg":"npm warn EBADENGINE }\n","raw_output":true,"stage":"Main","step":"Install dependencies","stepID":["3"],"time":"2026-09-10T01:56:56Z"}
{"dryrun":false,"job":"CI/Typecheck \u0026 Test","jobID":"verify","level":"info","matrix":{},"msg":"npm warn EBADENGINE Unsupported engine {\n","raw_output":true,"stage":"Main","step":"Install dependencies","stepID":["3"],"time":"2026-09-10T01:56:56Z"}
{"dryrun":false,"job":"CI/Typecheck \u0026 Test","jobID":"verify","level":"info","matrix":{},"msg":"npm warn EBADENGINE   package: '@toruslabs/constants@16.1.1',\n","raw_output":true,"stage":"Main","step":"Install dependencies","stepID":["3"],"time":"2026-09-10T01:56:56Z"}
{"dryrun":false,"job":"CI/Typecheck \u0026 Test","jobID":"verify","level":"info","matrix":{},"msg":"npm warn EBADENGINE   required: { node: '\u003e=22.x', npm: '\u003e=10.x' },\n","raw_output":true,"stage":"Main","step":"Install dependencies","stepID":["3"],"time":"2026-09-10T01:56:56Z"}
{"dryrun":false,"job":"CI/Typecheck \u0026 Test","jobID":"verify","level":"info","matrix":{},"msg":"npm warn EBADENGINE   current: { node: 'v20.20.2', npm: '10.8.2' }\n","raw_output":true,"stage":"Main","step":"Install dependencies","stepID":["3"],"time":"2026-09-10T01:56:56Z"}
{"dryrun":false,"job":"CI/Typecheck \u0026 Test","jobID":"verify","level":"info","matrix":{},"msg":"npm warn EBADENGINE }\n","raw_output":true,"stage":"Main","step":"Install dependencies","stepID":["3"],"time":"2026-09-10T01:56:56Z"}
{"dryrun":false,"job":"CI/Typecheck \u0026 Test","jobID":"verify","level":"info","matrix":{},"msg":"npm warn EBADENGINE Unsupported engine {\n","raw_output":true,"stage":"Main","step":"Install dependencies","stepID":["3"],"time":"2026-09-10T01:56:56Z"}
{"dryrun":false,"job":"CI/Typecheck \u0026 Test","jobID":"verify","level":"info","matrix":{},"msg":"npm warn EBADENGINE   package: '@toruslabs/http-helpers@9.0.0',\n","raw_output":true,"stage":"Main","step":"Install dependencies","stepID":["3"],"time":"2026-09-10T01:56:56Z"}
{"dryrun":false,"job":"CI/Typecheck \u0026 Test","jobID":"verify","level":"info","matrix":{},"msg":"npm warn EBADENGINE   required: { node: '\u003e=22.x', npm: '\u003e=10.x' },\n","raw_output":true,"stage":"Main","step":"Install dependencies","stepID":["3"],"time":"2026-09-10T01:56:56Z"}
{"dryrun":false,"job":"CI/Typecheck \u0026 Test","jobID":"verify","level":"info","matrix":{},"msg":"npm warn EBADENGINE   current: { node: 'v20.20.2', npm: '10.8.2' }\n","raw_output":true,"stage":"Main","step":"Install dependencies","stepID":["3"],"time":"2026-09-10T01:56:56Z"}
{"dryrun":false,"job":"CI/Typecheck \u0026 Test","jobID":"verify","level":"info","matrix":{},"msg":"npm warn EBADENGINE }\n","raw_output":true,"stage":"Main","step":"Install dependencies","stepID":["3"],"time":"2026-09-10T01:56:56Z"}
{"dryrun":false,"job":"CI/Typecheck \u0026 Test","jobID":"verify","level":"info","matrix":{},"msg":"npm warn EBADENGINE Unsupported engine {\n","raw_output":true,"stage":"Main","step":"Install dependencies","stepID":["3"],"time":"2026-09-10T01:56:56Z"}
{"dryrun":false,"job":"CI/Typecheck \u0026 Test","jobID":"verify","level":"info","matrix":{},"msg":"npm warn EBADENGINE   package: '@toruslabs/fnd-base@16.1.1',\n","raw_output":true,"stage":"Main","step":"Install dependencies","stepID":["3"],"time":"2026-09-10T01:56:56Z"}
{"dryrun":false,"job":"CI/Typecheck \u0026 Test","jobID":"verify","level":"info","matrix":{},"msg":"npm warn EBADENGINE   required: { node: '\u003e=22.x', npm: '\u003e=10.x' },\n","raw_output":true,"stage":"Main","step":"Install dependencies","stepID":["3"],"time":"2026-09-10T01:56:56Z"}
{"dryrun":false,"job":"CI/Typecheck \u0026 Test","jobID":"verify","level":"info","matrix":{},"msg":"npm warn EBADENGINE   current: { node: 'v20.20.2', npm: '10.8.2' }\n","raw_output":true,"stage":"Main","step":"Install dependencies","stepID":["3"],"time":"2026-09-10T01:56:56Z"}
{"dryrun":false,"job":"CI/Typecheck \u0026 Test","jobID":"verify","level":"info","matrix":{},"msg":"npm warn EBADENGINE }\n","raw_output":true,"stage":"Main","step":"Install dependencies","stepID":["3"],"time":"2026-09-10T01:56:56Z"}
{"dryrun":false,"job":"CI/Typecheck \u0026 Test","jobID":"verify","level":"info","matrix":{},"msg":"npm warn EBADENGINE Unsupported engine {\n","raw_output":true,"stage":"Main","step":"Install dependencies","stepID":["3"],"time":"2026-09-10T01:56:56Z"}
{"dryrun":false,"job":"CI/Typecheck \u0026 Test","jobID":"verify","level":"info","matrix":{},"msg":"npm warn EBADENGINE   package: '@toruslabs/constants@16.1.1',\n","raw_output":true,"stage":"Main","step":"Install dependencies","stepID":["3"],"time":"2026-09-10T01:56:56Z"}
{"dryrun":false,"job":"CI/Typecheck \u0026 Test","jobID":"verify","level":"info","matrix":{},"msg":"npm warn EBADENGINE   required: { node: '\u003e=22.x', npm: '\u003e=10.x' },\n","raw_output":true,"stage":"Main","step":"Install dependencies","stepID":["3"],"time":"2026-09-10T01:56:56Z"}
{"dryrun":false,"job":"CI/Typecheck \u0026 Test","jobID":"verify","level":"info","matrix":{},"msg":"npm warn EBADENGINE   current: { node: 'v20.20.2', npm: '10.8.2' }\n","raw_output":true,"stage":"Main","step":"Install dependencies","stepID":["3"],"time":"2026-09-10T01:56:56Z"}
{"dryrun":false,"job":"CI/Typecheck \u0026 Test","jobID":"verify","level":"info","matrix":{},"msg":"npm warn EBADENGINE }\n","raw_output":true,"stage":"Main","step":"Install dependencies","stepID":["3"],"time":"2026-09-10T01:56:56Z"}
{"dryrun":false,"job":"CI/Typecheck \u0026 Test","jobID":"verify","level":"info","matrix":{},"msg":"npm warn EBADENGINE Unsupported engine {\n","raw_output":true,"stage":"Main","step":"Install dependencies","stepID":["3"],"time":"2026-09-10T01:56:56Z"}
{"dryrun":false,"job":"CI/Typecheck \u0026 Test","jobID":"verify","level":"info","matrix":{},"msg":"npm warn EBADENGINE   package: '@toruslabs/loglevel-sentry@9.0.0',\n","raw_output":true,"stage":"Main","step":"Install dependencies","stepID":["3"],"time":"2026-09-10T01:56:56Z"}
{"dryrun":false,"job":"CI/Typecheck \u0026 Test","jobID":"verify","level":"info","matrix":{},"msg":"npm warn EBADENGINE   required: { node: '\u003e=22.x', npm: '\u003e=10.x' },\n","raw_output":true,"stage":"Main","step":"Install dependencies","stepID":["3"],"time":"2026-09-10T01:56:56Z"}
{"dryrun":false,"job":"CI/Typecheck \u0026 Test","jobID":"verify","level":"info","matrix":{},"msg":"npm warn EBADENGINE   current: { node: 'v20.20.2', npm: '10.8.2' }\n","raw_output":true,"stage":"Main","step":"Install dependencies","stepID":["3"],"time":"2026-09-10T01:56:56Z"}
{"dryrun":false,"job":"CI/Typecheck \u0026 Test","jobID":"verify","level":"info","matrix":{},"msg":"npm warn EBADENGINE }\n","raw_output":true,"stage":"Main","step":"Install dependencies","stepID":["3"],"time":"2026-09-10T01:56:56Z"}
{"dryrun":false,"job":"CI/Typecheck \u0026 Test","jobID":"verify","level":"info","matrix":{},"msg":"npm warn EBADENGINE Unsupported engine {\n","raw_output":true,"stage":"Main","step":"Install dependencies","stepID":["3"],"time":"2026-09-10T01:56:56Z"}
{"dryrun":false,"job":"CI/Typecheck \u0026 Test","jobID":"verify","level":"info","matrix":{},"msg":"npm warn EBADENGINE   package: '@toruslabs/torus.js@17.2.3',\n","raw_output":true,"stage":"Main","step":"Install dependencies","stepID":["3"],"time":"2026-09-10T01:56:56Z"}
{"dryrun":false,"job":"CI/Typecheck \u0026 Test","jobID":"verify","level":"info","matrix":{},"msg":"npm warn EBADENGINE   required: { node: '\u003e=22.x', npm: '\u003e=10.x' },\n","raw_output":true,"stage":"Main","step":"Install dependencies","stepID":["3"],"time":"2026-09-10T01:56:56Z"}
{"dryrun":false,"job":"CI/Typecheck \u0026 Test","jobID":"verify","level":"info","matrix":{},"msg":"npm warn EBADENGINE   current: { node: 'v20.20.2', npm: '10.8.2' }\n","raw_output":true,"stage":"Main","step":"Install dependencies","stepID":["3"],"time":"2026-09-10T01:56:56Z"}
{"dryrun":false,"job":"CI/Typecheck \u0026 Test","jobID":"verify","level":"info","matrix":{},"msg":"npm warn EBADENGINE }\n","raw_output":true,"stage":"Main","step":"Install dependencies","stepID":["3"],"time":"2026-09-10T01:56:56Z"}
{"dryrun":false,"job":"CI/Typecheck \u0026 Test","jobID":"verify","level":"info","matrix":{},"msg":"npm warn EBADENGINE Unsupported engine {\n","raw_output":true,"stage":"Main","step":"Install dependencies","stepID":["3"],"time":"2026-09-10T01:56:56Z"}
{"dryrun":false,"job":"CI/Typecheck \u0026 Test","jobID":"verify","level":"info","matrix":{},"msg":"npm warn EBADENGINE   package: '@toruslabs/constants@16.1.1',\n","raw_output":true,"stage":"Main","step":"Install dependencies","stepID":["3"],"time":"2026-09-10T01:56:56Z"}
{"dryrun":false,"job":"CI/Typecheck \u0026 Test","jobID":"verify","level":"info","matrix":{},"msg":"npm warn EBADENGINE   required: { node: '\u003e=22.x', npm: '\u003e=10.x' },\n","raw_output":true,"stage":"Main","step":"Install dependencies","stepID":["3"],"time":"2026-09-10T01:56:56Z"}
{"dryrun":false,"job":"CI/Typecheck \u0026 Test","jobID":"verify","level":"info","matrix":{},"msg":"npm warn EBADENGINE   current: { node: 'v20.20.2', npm: '10.8.2' }\n","raw_output":true,"stage":"Main","step":"Install dependencies","stepID":["3"],"time":"2026-09-10T01:56:56Z"}
{"dryrun":false,"job":"CI/Typecheck \u0026 Test","jobID":"verify","level":"info","matrix":{},"msg":"npm warn EBADENGINE }\n","raw_output":true,"stage":"Main","step":"Install dependencies","stepID":["3"],"time":"2026-09-10T01:56:56Z"}
{"dryrun":false,"job":"CI/Typecheck \u0026 Test","jobID":"verify","level":"info","matrix":{},"msg":"npm warn EBADENGINE Unsupported engine {\n","raw_output":true,"stage":"Main","step":"Install dependencies","stepID":["3"],"time":"2026-09-10T01:56:56Z"}
{"dryrun":false,"job":"CI/Typecheck \u0026 Test","jobID":"verify","level":"info","matrix":{},"msg":"npm warn EBADENGINE   package: '@toruslabs/eccrypto@7.0.0',\n","raw_output":true,"stage":"Main","step":"Install dependencies","stepID":["3"],"time":"2026-09-10T01:56:56Z"}
{"dryrun":false,"job":"CI/Typecheck \u0026 Test","jobID":"verify","level":"info","matrix":{},"msg":"npm warn EBADENGINE   required: { node: '\u003e=22.x', npm: '\u003e=10.x' },\n","raw_output":true,"stage":"Main","step":"Install dependencies","stepID":["3"],"time":"2026-09-10T01:56:56Z"}
{"dryrun":false,"job":"CI/Typecheck \u0026 Test","jobID":"verify","level":"info","matrix":{},"msg":"npm warn EBADENGINE   current: { node: 'v20.20.2', npm: '10.8.2' }\n","raw_output":true,"stage":"Main","step":"Install dependencies","stepID":["3"],"time":"2026-09-10T01:56:56Z"}
{"dryrun":false,"job":"CI/Typecheck \u0026 Test","jobID":"verify","level":"info","matrix":{},"msg":"npm warn EBADENGINE }\n","raw_output":true,"stage":"Main","step":"Install dependencies","stepID":["3"],"time":"2026-09-10T01:56:56Z"}
{"dryrun":false,"job":"CI/Typecheck \u0026 Test","jobID":"verify","level":"info","matrix":{},"msg":"npm warn EBADENGINE Unsupported engine {\n","raw_output":true,"stage":"Main","step":"Install dependencies","stepID":["3"],"time":"2026-09-10T01:56:56Z"}
{"dryrun":false,"job":"CI/Typecheck \u0026 Test","jobID":"verify","level":"info","matrix":{},"msg":"npm warn EBADENGINE   package: '@toruslabs/http-helpers@9.0.0',\n","raw_output":true,"stage":"Main","step":"Install dependencies","stepID":["3"],"time":"2026-09-10T01:56:56Z"}
{"dryrun":false,"job":"CI/Typecheck \u0026 Test","jobID":"verify","level":"info","matrix":{},"msg":"npm warn EBADENGINE   required: { node: '\u003e=22.x', npm: '\u003e=10.x' },\n","raw_output":true,"stage":"Main","step":"Install dependencies","stepID":["3"],"time":"2026-09-10T01:56:56Z"}
{"dryrun":false,"job":"CI/Typecheck \u0026 Test","jobID":"verify","level":"info","matrix":{},"msg":"npm warn EBADENGINE   current: { node: 'v20.20.2', npm: '10.8.2' }\n","raw_output":true,"stage":"Main","step":"Install dependencies","stepID":["3"],"time":"2026-09-10T01:56:56Z"}
{"dryrun":false,"job":"CI/Typecheck \u0026 Test","jobID":"verify","level":"info","matrix":{},"msg":"npm warn EBADENGINE }\n","raw_output":true,"stage":"Main","step":"Install dependencies","stepID":["3"],"time":"2026-09-10T01:56:56Z"}
{"dryrun":false,"job":"CI/Typecheck \u0026 Test","jobID":"verify","level":"info","matrix":{},"msg":"npm warn EBADENGINE Unsupported engine {\n","raw_output":true,"stage":"Main","step":"Install dependencies","stepID":["3"],"time":"2026-09-10T01:56:56Z"}
{"dryrun":false,"job":"CI/Typecheck \u0026 Test","jobID":"verify","level":"info","matrix":{},"msg":"npm warn EBADENGINE   package: '@toruslabs/metadata-helpers@8.2.0',\n","raw_output":true,"stage":"Main","step":"Install dependencies","stepID":["3"],"time":"2026-09-10T01:56:56Z"}
{"dryrun":false,"job":"CI/Typecheck \u0026 Test","jobID":"verify","level":"info","matrix":{},"msg":"npm warn EBADENGINE   required: { node: '\u003e=22.x', npm: '\u003e=10.x' },\n","raw_output":true,"stage":"Main","step":"Install dependencies","stepID":["3"],"time":"2026-09-10T01:56:56Z"}
{"dryrun":false,"job":"CI/Typecheck \u0026 Test","jobID":"verify","level":"info","matrix":{},"msg":"npm warn EBADENGINE   current: { node: 'v20.20.2', npm: '10.8.2' }\n","raw_output":true,"stage":"Main","step":"Install dependencies","stepID":["3"],"time":"2026-09-10T01:56:56Z"}
{"dryrun":false,"job":"CI/Typecheck \u0026 Test","jobID":"verify","level":"info","matrix":{},"msg":"npm warn EBADENGINE }\n","raw_output":true,"stage":"Main","step":"Install dependencies","stepID":["3"],"time":"2026-09-10T01:56:56Z"}
{"dryrun":false,"job":"CI/Typecheck \u0026 Test","jobID":"verify","level":"info","matrix":{},"msg":"npm warn EBADENGINE Unsupported engine {\n","raw_output":true,"stage":"Main","step":"Install dependencies","stepID":["3"],"time":"2026-09-10T01:56:56Z"}
{"dryrun":false,"job":"CI/Typecheck \u0026 Test","jobID":"verify","level":"info","matrix":{},"msg":"npm warn EBADENGINE   package: '@wallet-standard/app@1.1.1',\n","raw_output":true,"stage":"Main","step":"Install dependencies","stepID":["3"],"time":"2026-09-10T01:56:56Z"}
{"dryrun":false,"job":"CI/Typecheck \u0026 Test","jobID":"verify","level":"info","matrix":{},"msg":"npm warn EBADENGINE   required: { node: '\u003e=22' },\n","raw_output":true,"stage":"Main","step":"Install dependencies","stepID":["3"],"time":"2026-09-10T01:56:56Z"}
{"dryrun":false,"job":"CI/Typecheck \u0026 Test","jobID":"verify","level":"info","matrix":{},"msg":"npm warn EBADENGINE   current: { node: 'v20.20.2', npm: '10.8.2' }\n","raw_output":true,"stage":"Main","step":"Install dependencies","stepID":["3"],"time":"2026-09-10T01:56:56Z"}
{"dryrun":false,"job":"CI/Typecheck \u0026 Test","jobID":"verify","level":"info","matrix":{},"msg":"npm warn EBADENGINE }\n","raw_output":true,"stage":"Main","step":"Install dependencies","stepID":["3"],"time":"2026-09-10T01:56:56Z"}
{"dryrun":false,"job":"CI/Typecheck \u0026 Test","jobID":"verify","level":"info","matrix":{},"msg":"npm warn EBADENGINE Unsupported engine {\n","raw_output":true,"stage":"Main","step":"Install dependencies","stepID":["3"],"time":"2026-09-10T01:56:56Z"}
{"dryrun":false,"job":"CI/Typecheck \u0026 Test","jobID":"verify","level":"info","matrix":{},"msg":"npm warn EBADENGINE   package: '@wallet-standard/base@1.1.1',\n","raw_output":true,"stage":"Main","step":"Install dependencies","stepID":["3"],"time":"2026-09-10T01:56:56Z"}
{"dryrun":false,"job":"CI/Typecheck \u0026 Test","jobID":"verify","level":"info","matrix":{},"msg":"npm warn EBADENGINE   required: { node: '\u003e=22' },\n","raw_output":true,"stage":"Main","step":"Install dependencies","stepID":["3"],"time":"2026-09-10T01:56:56Z"}
{"dryrun":false,"job":"CI/Typecheck \u0026 Test","jobID":"verify","level":"info","matrix":{},"msg":"npm warn EBADENGINE   current: { node: 'v20.20.2', npm: '10.8.2' }\n","raw_output":true,"stage":"Main","step":"Install dependencies","stepID":["3"],"time":"2026-09-10T01:56:56Z"}
{"dryrun":false,"job":"CI/Typecheck \u0026 Test","jobID":"verify","level":"info","matrix":{},"msg":"npm warn EBADENGINE }\n","raw_output":true,"stage":"Main","step":"Install dependencies","stepID":["3"],"time":"2026-09-10T01:56:56Z"}
{"dryrun":false,"job":"CI/Typecheck \u0026 Test","jobID":"verify","level":"info","matrix":{},"msg":"npm warn EBADENGINE Unsupported engine {\n","raw_output":true,"stage":"Main","step":"Install dependencies","stepID":["3"],"time":"2026-09-10T01:56:56Z"}
{"dryrun":false,"job":"CI/Typecheck \u0026 Test","jobID":"verify","level":"info","matrix":{},"msg":"npm warn EBADENGINE   package: '@wallet-standard/errors@0.1.2',\n","raw_output":true,"stage":"Main","step":"Install dependencies","stepID":["3"],"time":"2026-09-10T01:56:56Z"}
{"dryrun":false,"job":"CI/Typecheck \u0026 Test","jobID":"verify","level":"info","matrix":{},"msg":"npm warn EBADENGINE   required: { node: '\u003e=22' },\n","raw_output":true,"stage":"Main","step":"Install dependencies","stepID":["3"],"time":"2026-09-10T01:56:56Z"}
{"dryrun":false,"job":"CI/Typecheck \u0026 Test","jobID":"verify","level":"info","matrix":{},"msg":"npm warn EBADENGINE   current: { node: 'v20.20.2', npm: '10.8.2' }\n","raw_output":true,"stage":"Main","step":"Install dependencies","stepID":["3"],"time":"2026-09-10T01:56:56Z"}
{"dryrun":false,"job":"CI/Typecheck \u0026 Test","jobID":"verify","level":"info","matrix":{},"msg":"npm warn EBADENGINE }\n","raw_output":true,"stage":"Main","step":"Install dependencies","stepID":["3"],"time":"2026-09-10T01:56:56Z"}
{"dryrun":false,"job":"CI/Typecheck \u0026 Test","jobID":"verify","level":"info","matrix":{},"msg":"npm warn EBADENGINE Unsupported engine {\n","raw_output":true,"stage":"Main","step":"Install dependencies","stepID":["3"],"time":"2026-09-10T01:56:56Z"}
{"dryrun":false,"job":"CI/Typecheck \u0026 Test","jobID":"verify","level":"info","matrix":{},"msg":"npm warn EBADENGINE   package: '@wallet-standard/features@1.1.1',\n","raw_output":true,"stage":"Main","step":"Install dependencies","stepID":["3"],"time":"2026-09-10T01:56:56Z"}
{"dryrun":false,"job":"CI/Typecheck \u0026 Test","jobID":"verify","level":"info","matrix":{},"msg":"npm warn EBADENGINE   required: { node: '\u003e=22' },\n","raw_output":true,"stage":"Main","step":"Install dependencies","stepID":["3"],"time":"2026-09-10T01:56:56Z"}
{"dryrun":false,"job":"CI/Typecheck \u0026 Test","jobID":"verify","level":"info","matrix":{},"msg":"npm warn EBADENGINE   current: { node: 'v20.20.2', npm: '10.8.2' }\n","raw_output":true,"stage":"Main","step":"Install dependencies","stepID":["3"],"time":"2026-09-10T01:56:56Z"}
{"dryrun":false,"job":"CI/Typecheck \u0026 Test","jobID":"verify","level":"info","matrix":{},"msg":"npm warn EBADENGINE }\n","raw_output":true,"stage":"Main","step":"Install dependencies","stepID":["3"],"time":"2026-09-10T01:56:56Z"}
{"dryrun":false,"job":"CI/Typecheck \u0026 Test","jobID":"verify","level":"info","matrix":{},"msg":"npm warn EBADENGINE Unsupported engine {\n","raw_output":true,"stage":"Main","step":"Install dependencies","stepID":["3"],"time":"2026-09-10T01:56:56Z"}
{"dryrun":false,"job":"CI/Typecheck \u0026 Test","jobID":"verify","level":"info","matrix":{},"msg":"npm warn EBADENGINE   package: '@wallet-standard/wallet@1.1.1',\n","raw_output":true,"stage":"Main","step":"Install dependencies","stepID":["3"],"time":"2026-09-10T01:56:56Z"}
{"dryrun":false,"job":"CI/Typecheck \u0026 Test","jobID":"verify","level":"info","matrix":{},"msg":"npm warn EBADENGINE   required: { node: '\u003e=22' },\n","raw_output":true,"stage":"Main","step":"Install dependencies","stepID":["3"],"time":"2026-09-10T01:56:56Z"}
{"dryrun":false,"job":"CI/Typecheck \u0026 Test","jobID":"verify","level":"info","matrix":{},"msg":"npm warn EBADENGINE   current: { node: 'v20.20.2', npm: '10.8.2' }\n","raw_output":true,"stage":"Main","step":"Install dependencies","stepID":["3"],"time":"2026-09-10T01:56:56Z"}
{"dryrun":false,"job":"CI/Typecheck \u0026 Test","jobID":"verify","level":"info","matrix":{},"msg":"npm warn EBADENGINE }\n","raw_output":true,"stage":"Main","step":"Install dependencies","stepID":["3"],"time":"2026-09-10T01:56:56Z"}
{"dryrun":false,"job":"CI/Typecheck \u0026 Test","jobID":"verify","level":"info","matrix":{},"msg":"npm warn EBADENGINE Unsupported engine {\n","raw_output":true,"stage":"Main","step":"Install dependencies","stepID":["3"],"time":"2026-09-10T01:56:56Z"}
{"dryrun":false,"job":"CI/Typecheck \u0026 Test","jobID":"verify","level":"info","matrix":{},"msg":"npm warn EBADENGINE   package: '@web3auth/no-modal@11.3.0',\n","raw_output":true,"stage":"Main","step":"Install dependencies","stepID":["3"],"time":"2026-09-10T01:56:56Z"}
{"dryrun":false,"job":"CI/Typecheck \u0026 Test","jobID":"verify","level":"info","matrix":{},"msg":"npm warn EBADENGINE   required: { node: '\u003e=22.x', npm: '\u003e=10.x' },\n","raw_output":true,"stage":"Main","step":"Install dependencies","stepID":["3"],"time":"2026-09-10T01:56:56Z"}
{"dryrun":false,"job":"CI/Typecheck \u0026 Test","jobID":"verify","level":"info","matrix":{},"msg":"npm warn EBADENGINE   current: { node: 'v20.20.2', npm: '10.8.2' }\n","raw_output":true,"stage":"Main","step":"Install dependencies","stepID":["3"],"time":"2026-09-10T01:56:56Z"}
{"dryrun":false,"job":"CI/Typecheck \u0026 Test","jobID":"verify","level":"info","matrix":{},"msg":"npm warn EBADENGINE }\n","raw_output":true,"stage":"Main","step":"Install dependencies","stepID":["3"],"time":"2026-09-10T01:56:56Z"}
{"dryrun":false,"job":"CI/Typecheck \u0026 Test","jobID":"verify","level":"info","matrix":{},"msg":"npm warn EBADENGINE Unsupported engine {\n","raw_output":true,"stage":"Main","step":"Install dependencies","stepID":["3"],"time":"2026-09-10T01:56:56Z"}
{"dryrun":false,"job":"CI/Typecheck \u0026 Test","jobID":"verify","level":"info","matrix":{},"msg":"npm warn EBADENGINE   package: '@toruslabs/base-controllers@9.12.0',\n","raw_output":true,"stage":"Main","step":"Install dependencies","stepID":["3"],"time":"2026-09-10T01:56:56Z"}
{"dryrun":false,"job":"CI/Typecheck \u0026 Test","jobID":"verify","level":"info","matrix":{},"msg":"npm warn EBADENGINE   required: { node: '\u003e=22.x', npm: '\u003e=10.x' },\n","raw_output":true,"stage":"Main","step":"Install dependencies","stepID":["3"],"time":"2026-09-10T01:56:56Z"}
{"dryrun":false,"job":"CI/Typecheck \u0026 Test","jobID":"verify","level":"info","matrix":{},"msg":"npm warn EBADENGINE   current: { node: 'v20.20.2', npm: '10.8.2' }\n","raw_output":true,"stage":"Main","step":"Install dependencies","stepID":["3"],"time":"2026-09-10T01:56:56Z"}
{"dryrun":false,"job":"CI/Typecheck \u0026 Test","jobID":"verify","level":"info","matrix":{},"msg":"npm warn EBADENGINE }\n","raw_output":true,"stage":"Main","step":"Install dependencies","stepID":["3"],"time":"2026-09-10T01:56:56Z"}
{"dryrun":false,"job":"CI/Typecheck \u0026 Test","jobID":"verify","level":"info","matrix":{},"msg":"npm warn EBADENGINE Unsupported engine {\n","raw_output":true,"stage":"Main","step":"Install dependencies","stepID":["3"],"time":"2026-09-10T01:56:56Z"}
{"dryrun":false,"job":"CI/Typecheck \u0026 Test","jobID":"verify","level":"info","matrix":{},"msg":"npm warn EBADENGINE   package: '@toruslabs/broadcast-channel@13.3.0',\n","raw_output":true,"stage":"Main","step":"Install dependencies","stepID":["3"],"time":"2026-09-10T01:56:56Z"}
{"dryrun":false,"job":"CI/Typecheck \u0026 Test","jobID":"verify","level":"info","matrix":{},"msg":"npm warn EBADENGINE   required: { node: '\u003e=22.x', npm: '\u003e=10.x' },\n","raw_output":true,"stage":"Main","step":"Install dependencies","stepID":["3"],"time":"2026-09-10T01:56:56Z"}
{"dryrun":false,"job":"CI/Typecheck \u0026 Test","jobID":"verify","level":"info","matrix":{},"msg":"npm warn EBADENGINE   current: { node: 'v20.20.2', npm: '10.8.2' }\n","raw_output":true,"stage":"Main","step":"Install dependencies","stepID":["3"],"time":"2026-09-10T01:56:56Z"}
{"dryrun":false,"job":"CI/Typecheck \u0026 Test","jobID":"verify","level":"info","matrix":{},"msg":"npm warn EBADENGINE }\n","raw_output":true,"stage":"Main","step":"Install dependencies","stepID":["3"],"time":"2026-09-10T01:56:56Z"}
{"dryrun":false,"job":"CI/Typecheck \u0026 Test","jobID":"verify","level":"info","matrix":{},"msg":"npm warn EBADENGINE Unsupported engine {\n","raw_output":true,"stage":"Main","step":"Install dependencies","stepID":["3"],"time":"2026-09-10T01:56:56Z"}
{"dryrun":false,"job":"CI/Typecheck \u0026 Test","jobID":"verify","level":"info","matrix":{},"msg":"npm warn EBADENGINE   package: '@toruslabs/constants@16.1.1',\n","raw_output":true,"stage":"Main","step":"Install dependencies","stepID":["3"],"time":"2026-09-10T01:56:56Z"}
{"dryrun":false,"job":"CI/Typecheck \u0026 Test","jobID":"verify","level":"info","matrix":{},"msg":"npm warn EBADENGINE   required: { node: '\u003e=22.x', npm: '\u003e=10.x' },\n","raw_output":true,"stage":"Main","step":"Install dependencies","stepID":["3"],"time":"2026-09-10T01:56:56Z"}
{"dryrun":false,"job":"CI/Typecheck \u0026 Test","jobID":"verify","level":"info","matrix":{},"msg":"npm warn EBADENGINE   current: { node: 'v20.20.2', npm: '10.8.2' }\n","raw_output":true,"stage":"Main","step":"Install dependencies","stepID":["3"],"time":"2026-09-10T01:56:56Z"}
{"dryrun":false,"job":"CI/Typecheck \u0026 Test","jobID":"verify","level":"info","matrix":{},"msg":"npm warn EBADENGINE }\n","raw_output":true,"stage":"Main","step":"Install dependencies","stepID":["3"],"time":"2026-09-10T01:56:56Z"}
{"dryrun":false,"job":"CI/Typecheck \u0026 Test","jobID":"verify","level":"info","matrix":{},"msg":"npm warn EBADENGINE Unsupported engine {\n","raw_output":true,"stage":"Main","step":"Install dependencies","stepID":["3"],"time":"2026-09-10T01:56:56Z"}
{"dryrun":false,"job":"CI/Typecheck \u0026 Test","jobID":"verify","level":"info","matrix":{},"msg":"npm warn EBADENGINE   package: '@toruslabs/eccrypto@7.0.0',\n","raw_output":true,"stage":"Main","step":"Install dependencies","stepID":["3"],"time":"2026-09-10T01:56:56Z"}
{"dryrun":false,"job":"CI/Typecheck \u0026 Test","jobID":"verify","level":"info","matrix":{},"msg":"npm warn EBADENGINE   required: { node: '\u003e=22.x', npm: '\u003e=10.x' },\n","raw_output":true,"stage":"Main","step":"Install dependencies","stepID":["3"],"time":"2026-09-10T01:56:56Z"}
{"dryrun":false,"job":"CI/Typecheck \u0026 Test","jobID":"verify","level":"info","matrix":{},"msg":"npm warn EBADENGINE   current: { node: 'v20.20.2', npm: '10.8.2' }\n","raw_output":true,"stage":"Main","step":"Install dependencies","stepID":["3"],"time":"2026-09-10T01:56:56Z"}
{"dryrun":false,"job":"CI/Typecheck \u0026 Test","jobID":"verify","level":"info","matrix":{},"msg":"npm warn EBADENGINE }\n","raw_output":true,"stage":"Main","step":"Install dependencies","stepID":["3"],"time":"2026-09-10T01:56:56Z"}
{"dryrun":false,"job":"CI/Typecheck \u0026 Test","jobID":"verify","level":"info","matrix":{},"msg":"npm warn EBADENGINE Unsupported engine {\n","raw_output":true,"stage":"Main","step":"Install dependencies","stepID":["3"],"time":"2026-09-10T01:56:56Z"}
{"dryrun":false,"job":"CI/Typecheck \u0026 Test","jobID":"verify","level":"info","matrix":{},"msg":"npm warn EBADENGINE   package: '@toruslabs/ffjavascript@6.0.0',\n","raw_output":true,"stage":"Main","step":"Install dependencies","stepID":["3"],"time":"2026-09-10T01:56:56Z"}
{"dryrun":false,"job":"CI/Typecheck \u0026 Test","jobID":"verify","level":"info","matrix":{},"msg":"npm warn EBADENGINE   required: { node: '\u003e=22.x', npm: '\u003e=10.x' },\n","raw_output":true,"stage":"Main","step":"Install dependencies","stepID":["3"],"time":"2026-09-10T01:56:56Z"}
{"dryrun":false,"job":"CI/Typecheck \u0026 Test","jobID":"verify","level":"info","matrix":{},"msg":"npm warn EBADENGINE   current: { node: 'v20.20.2', npm: '10.8.2' }\n","raw_output":true,"stage":"Main","step":"Install dependencies","stepID":["3"],"time":"2026-09-10T01:56:56Z"}
{"dryrun":false,"job":"CI/Typecheck \u0026 Test","jobID":"verify","level":"info","matrix":{},"msg":"npm warn EBADENGINE }\n","raw_output":true,"stage":"Main","step":"Install dependencies","stepID":["3"],"time":"2026-09-10T01:56:56Z"}
{"dryrun":false,"job":"CI/Typecheck \u0026 Test","jobID":"verify","level":"info","matrix":{},"msg":"npm warn EBADENGINE Unsupported engine {\n","raw_output":true,"stage":"Main","step":"Install dependencies","stepID":["3"],"time":"2026-09-10T01:56:56Z"}
{"dryrun":false,"job":"CI/Typecheck \u0026 Test","jobID":"verify","level":"info","matrix":{},"msg":"npm warn EBADENGINE   package: '@toruslabs/http-helpers@9.0.0',\n","raw_output":true,"stage":"Main","step":"Install dependencies","stepID":["3"],"time":"2026-09-10T01:56:56Z"}
{"dryrun":false,"job":"CI/Typecheck \u0026 Test","jobID":"verify","level":"info","matrix":{},"msg":"npm warn EBADENGINE   required: { node: '\u003e=22.x', npm: '\u003e=10.x' },\n","raw_output":true,"stage":"Main","step":"Install dependencies","stepID":["3"],"time":"2026-09-10T01:56:56Z"}
{"dryrun":false,"job":"CI/Typecheck \u0026 Test","jobID":"verify","level":"info","matrix":{},"msg":"npm warn EBADENGINE   current: { node: 'v20.20.2', npm: '10.8.2' }\n","raw_output":true,"stage":"Main","step":"Install dependencies","stepID":["3"],"time":"2026-09-10T01:56:56Z"}
{"dryrun":false,"job":"CI/Typecheck \u0026 Test","jobID":"verify","level":"info","matrix":{},"msg":"npm warn EBADENGINE }\n","raw_output":true,"stage":"Main","step":"Install dependencies","stepID":["3"],"time":"2026-09-10T01:56:56Z"}
{"dryrun":false,"job":"CI/Typecheck \u0026 Test","jobID":"verify","level":"info","matrix":{},"msg":"npm warn EBADENGINE Unsupported engine {\n","raw_output":true,"stage":"Main","step":"Install dependencies","stepID":["3"],"time":"2026-09-10T01:56:56Z"}
{"dryrun":false,"job":"CI/Typecheck \u0026 Test","jobID":"verify","level":"info","matrix":{},"msg":"npm warn EBADENGINE   package: '@toruslabs/metadata-helpers@8.2.0',\n","raw_output":true,"stage":"Main","step":"Install dependencies","stepID":["3"],"time":"2026-09-10T01:56:56Z"}
{"dryrun":false,"job":"CI/Typecheck \u0026 Test","jobID":"verify","level":"info","matrix":{},"msg":"npm warn EBADENGINE   required: { node: '\u003e=22.x', npm: '\u003e=10.x' },\n","raw_output":true,"stage":"Main","step":"Install dependencies","stepID":["3"],"time":"2026-09-10T01:56:56Z"}
{"dryrun":false,"job":"CI/Typecheck \u0026 Test","jobID":"verify","level":"info","matrix":{},"msg":"npm warn EBADENGINE   current: { node: 'v20.20.2', npm: '10.8.2' }\n","raw_output":true,"stage":"Main","step":"Install dependencies","stepID":["3"],"time":"2026-09-10T01:56:56Z"}
{"dryrun":false,"job":"CI/Typecheck \u0026 Test","jobID":"verify","level":"info","matrix":{},"msg":"npm warn EBADENGINE }\n","raw_output":true,"stage":"Main","step":"Install dependencies","stepID":["3"],"time":"2026-09-10T01:56:56Z"}
{"dryrun":false,"job":"CI/Typecheck \u0026 Test","jobID":"verify","level":"info","matrix":{},"msg":"npm warn EBADENGINE Unsupported engine {\n","raw_output":true,"stage":"Main","step":"Install dependencies","stepID":["3"],"time":"2026-09-10T01:56:56Z"}
{"dryrun":false,"job":"CI/Typecheck \u0026 Test","jobID":"verify","level":"info","matrix":{},"msg":"npm warn EBADENGINE   package: '@toruslabs/secure-pub-sub@4.3.0',\n","raw_output":true,"stage":"Main","step":"Install dependencies","stepID":["3"],"time":"2026-09-10T01:56:56Z"}
{"dryrun":false,"job":"CI/Typecheck \u0026 Test","jobID":"verify","level":"info","matrix":{},"msg":"npm warn EBADENGINE   required: { node: '\u003e=22.x', npm: '\u003e=10.x' },\n","raw_output":true,"stage":"Main","step":"Install dependencies","stepID":["3"],"time":"2026-09-10T01:56:56Z"}
{"dryrun":false,"job":"CI/Typecheck \u0026 Test","jobID":"verify","level":"info","matrix":{},"msg":"npm warn EBADENGINE   current: { node: 'v20.20.2', npm: '10.8.2' }\n","raw_output":true,"stage":"Main","step":"Install dependencies","stepID":["3"],"time":"2026-09-10T01:56:56Z"}
{"dryrun":false,"job":"CI/Typecheck \u0026 Test","jobID":"verify","level":"info","matrix":{},"msg":"npm warn EBADENGINE }\n","raw_output":true,"stage":"Main","step":"Install dependencies","stepID":["3"],"time":"2026-09-10T01:56:56Z"}
{"dryrun":false,"job":"CI/Typecheck \u0026 Test","jobID":"verify","level":"info","matrix":{},"msg":"npm warn EBADENGINE Unsupported engine {\n","raw_output":true,"stage":"Main","step":"Install dependencies","stepID":["3"],"time":"2026-09-10T01:56:56Z"}
{"dryrun":false,"job":"CI/Typecheck \u0026 Test","jobID":"verify","level":"info","matrix":{},"msg":"npm warn EBADENGINE   package: '@toruslabs/session-manager@5.6.0',\n","raw_output":true,"stage":"Main","step":"Install dependencies","stepID":["3"],"time":"2026-09-10T01:56:56Z"}
{"dryrun":false,"job":"CI/Typecheck \u0026 Test","jobID":"verify","level":"info","matrix":{},"msg":"npm warn EBADENGINE   required: { node: '\u003e=22.x', npm: '\u003e=10.x' },\n","raw_output":true,"stage":"Main","step":"Install dependencies","stepID":["3"],"time":"2026-09-10T01:56:56Z"}
{"dryrun":false,"job":"CI/Typecheck \u0026 Test","jobID":"verify","level":"info","matrix":{},"msg":"npm warn EBADENGINE   current: { node: 'v20.20.2', npm: '10.8.2' }\n","raw_output":true,"stage":"Main","step":"Install dependencies","stepID":["3"],"time":"2026-09-10T01:56:56Z"}
{"dryrun":false,"job":"CI/Typecheck \u0026 Test","jobID":"verify","level":"info","matrix":{},"msg":"npm warn EBADENGINE }\n","raw_output":true,"stage":"Main","step":"Install dependencies","stepID":["3"],"time":"2026-09-10T01:56:56Z"}
{"dryrun":false,"job":"CI/Typecheck \u0026 Test","jobID":"verify","level":"info","matrix":{},"msg":"npm warn EBADENGINE Unsupported engine {\n","raw_output":true,"stage":"Main","step":"Install dependencies","stepID":["3"],"time":"2026-09-10T01:56:56Z"}
{"dryrun":false,"job":"CI/Typecheck \u0026 Test","jobID":"verify","level":"info","matrix":{},"msg":"npm warn EBADENGINE   package: '@web3auth/auth@11.8.2',\n","raw_output":true,"stage":"Main","step":"Install dependencies","stepID":["3"],"time":"2026-09-10T01:56:56Z"}
{"dryrun":false,"job":"CI/Typecheck \u0026 Test","jobID":"verify","level":"info","matrix":{},"msg":"npm warn EBADENGINE   required: { node: '\u003e=22.x', npm: '\u003e=10.x' },\n","raw_output":true,"stage":"Main","step":"Install dependencies","stepID":["3"],"time":"2026-09-10T01:56:56Z"}
{"dryrun":false,"job":"CI/Typecheck \u0026 Test","jobID":"verify","level":"info","matrix":{},"msg":"npm warn EBADENGINE   current: { node: 'v20.20.2', npm: '10.8.2' }\n","raw_output":true,"stage":"Main","step":"Install dependencies","stepID":["3"],"time":"2026-09-10T01:56:56Z"}
{"dryrun":false,"job":"CI/Typecheck \u0026 Test","jobID":"verify","level":"info","matrix":{},"msg":"npm warn EBADENGINE }\n","raw_output":true,"stage":"Main","step":"Install dependencies","stepID":["3"],"time":"2026-09-10T01:56:56Z"}
{"dryrun":false,"job":"CI/Typecheck \u0026 Test","jobID":"verify","level":"info","matrix":{},"msg":"npm warn EBADENGINE Unsupported engine {\n","raw_output":true,"stage":"Main","step":"Install dependencies","stepID":["3"],"time":"2026-09-10T01:56:56Z"}
{"dryrun":false,"job":"CI/Typecheck \u0026 Test","jobID":"verify","level":"info","matrix":{},"msg":"npm warn EBADENGINE   package: '@web3auth/react-native-sdk@10.0.0',\n","raw_output":true,"stage":"Main","step":"Install dependencies","stepID":["3"],"time":"2026-09-10T01:56:56Z"}
{"dryrun":false,"job":"CI/Typecheck \u0026 Test","jobID":"verify","level":"info","matrix":{},"msg":"npm warn EBADENGINE   required: { node: '\u003e=22.x', npm: '\u003e=10.x' },\n","raw_output":true,"stage":"Main","step":"Install dependencies","stepID":["3"],"time":"2026-09-10T01:56:56Z"}
{"dryrun":false,"job":"CI/Typecheck \u0026 Test","jobID":"verify","level":"info","matrix":{},"msg":"npm warn EBADENGINE   current: { node: 'v20.20.2', npm: '10.8.2' }\n","raw_output":true,"stage":"Main","step":"Install dependencies","stepID":["3"],"time":"2026-09-10T01:56:56Z"}
{"dryrun":false,"job":"CI/Typecheck \u0026 Test","jobID":"verify","level":"info","matrix":{},"msg":"npm warn EBADENGINE }\n","raw_output":true,"stage":"Main","step":"Install dependencies","stepID":["3"],"time":"2026-09-10T01:56:56Z"}
{"dryrun":false,"job":"CI/Typecheck \u0026 Test","jobID":"verify","level":"info","matrix":{},"msg":"npm warn EBADENGINE Unsupported engine {\n","raw_output":true,"stage":"Main","step":"Install dependencies","stepID":["3"],"time":"2026-09-10T01:56:56Z"}
{"dryrun":false,"job":"CI/Typecheck \u0026 Test","jobID":"verify","level":"info","matrix":{},"msg":"npm warn EBADENGINE   package: '@toruslabs/base-controllers@9.12.0',\n","raw_output":true,"stage":"Main","step":"Install dependencies","stepID":["3"],"time":"2026-09-10T01:56:56Z"}
{"dryrun":false,"job":"CI/Typecheck \u0026 Test","jobID":"verify","level":"info","matrix":{},"msg":"npm warn EBADENGINE   required: { node: '\u003e=22.x', npm: '\u003e=10.x' },\n","raw_output":true,"stage":"Main","step":"Install dependencies","stepID":["3"],"time":"2026-09-10T01:56:56Z"}
{"dryrun":false,"job":"CI/Typecheck \u0026 Test","jobID":"verify","level":"info","matrix":{},"msg":"npm warn EBADENGINE   current: { node: 'v20.20.2', npm: '10.8.2' }\n","raw_output":true,"stage":"Main","step":"Install dependencies","stepID":["3"],"time":"2026-09-10T01:56:56Z"}
{"dryrun":false,"job":"CI/Typecheck \u0026 Test","jobID":"verify","level":"info","matrix":{},"msg":"npm warn EBADENGINE }\n","raw_output":true,"stage":"Main","step":"Install dependencies","stepID":["3"],"time":"2026-09-10T01:56:56Z"}
{"dryrun":false,"job":"CI/Typecheck \u0026 Test","jobID":"verify","level":"info","matrix":{},"msg":"npm warn EBADENGINE Unsupported engine {\n","raw_output":true,"stage":"Main","step":"Install dependencies","stepID":["3"],"time":"2026-09-10T01:56:56Z"}
{"dryrun":false,"job":"CI/Typecheck \u0026 Test","jobID":"verify","level":"info","matrix":{},"msg":"npm warn EBADENGINE   package: '@toruslabs/broadcast-channel@13.3.0',\n","raw_output":true,"stage":"Main","step":"Install dependencies","stepID":["3"],"time":"2026-09-10T01:56:56Z"}
{"dryrun":false,"job":"CI/Typecheck \u0026 Test","jobID":"verify","level":"info","matrix":{},"msg":"npm warn EBADENGINE   required: { node: '\u003e=22.x', npm: '\u003e=10.x' },\n","raw_output":true,"stage":"Main","step":"Install dependencies","stepID":["3"],"time":"2026-09-10T01:56:56Z"}
{"dryrun":false,"job":"CI/Typecheck \u0026 Test","jobID":"verify","level":"info","matrix":{},"msg":"npm warn EBADENGINE   current: { node: 'v20.20.2', npm: '10.8.2' }\n","raw_output":true,"stage":"Main","step":"Install dependencies","stepID":["3"],"time":"2026-09-10T01:56:56Z"}
{"dryrun":false,"job":"CI/Typecheck \u0026 Test","jobID":"verify","level":"info","matrix":{},"msg":"npm warn EBADENGINE }\n","raw_output":true,"stage":"Main","step":"Install dependencies","stepID":["3"],"time":"2026-09-10T01:56:56Z"}
{"dryrun":false,"job":"CI/Typecheck \u0026 Test","jobID":"verify","level":"info","matrix":{},"msg":"npm warn EBADENGINE Unsupported engine {\n","raw_output":true,"stage":"Main","step":"Install dependencies","stepID":["3"],"time":"2026-09-10T01:56:56Z"}
{"dryrun":false,"job":"CI/Typecheck \u0026 Test","jobID":"verify","level":"info","matrix":{},"msg":"npm warn EBADENGINE   package: '@toruslabs/constants@16.1.1',\n","raw_output":true,"stage":"Main","step":"Install dependencies","stepID":["3"],"time":"2026-09-10T01:56:56Z"}
{"dryrun":false,"job":"CI/Typecheck \u0026 Test","jobID":"verify","level":"info","matrix":{},"msg":"npm warn EBADENGINE   required: { node: '\u003e=22.x', npm: '\u003e=10.x' },\n","raw_output":true,"stage":"Main","step":"Install dependencies","stepID":["3"],"time":"2026-09-10T01:56:56Z"}
{"dryrun":false,"job":"CI/Typecheck \u0026 Test","jobID":"verify","level":"info","matrix":{},"msg":"npm warn EBADENGINE   current: { node: 'v20.20.2', npm: '10.8.2' }\n","raw_output":true,"stage":"Main","step":"Install dependencies","stepID":["3"],"time":"2026-09-10T01:56:56Z"}
{"dryrun":false,"job":"CI/Typecheck \u0026 Test","jobID":"verify","level":"info","matrix":{},"msg":"npm warn EBADENGINE }\n","raw_output":true,"stage":"Main","step":"Install dependencies","stepID":["3"],"time":"2026-09-10T01:56:56Z"}
{"dryrun":false,"job":"CI/Typecheck \u0026 Test","jobID":"verify","level":"info","matrix":{},"msg":"npm warn EBADENGINE Unsupported engine {\n","raw_output":true,"stage":"Main","step":"Install dependencies","stepID":["3"],"time":"2026-09-10T01:56:56Z"}
{"dryrun":false,"job":"CI/Typecheck \u0026 Test","jobID":"verify","level":"info","matrix":{},"msg":"npm warn EBADENGINE   package: '@toruslabs/eccrypto@7.0.0',\n","raw_output":true,"stage":"Main","step":"Install dependencies","stepID":["3"],"time":"2026-09-10T01:56:56Z"}
{"dryrun":false,"job":"CI/Typecheck \u0026 Test","jobID":"verify","level":"info","matrix":{},"msg":"npm warn EBADENGINE   required: { node: '\u003e=22.x', npm: '\u003e=10.x' },\n","raw_output":true,"stage":"Main","step":"Install dependencies","stepID":["3"],"time":"2026-09-10T01:56:56Z"}
{"dryrun":false,"job":"CI/Typecheck \u0026 Test","jobID":"verify","level":"info","matrix":{},"msg":"npm warn EBADENGINE   current: { node: 'v20.20.2', npm: '10.8.2' }\n","raw_output":true,"stage":"Main","step":"Install dependencies","stepID":["3"],"time":"2026-09-10T01:56:56Z"}
{"dryrun":false,"job":"CI/Typecheck \u0026 Test","jobID":"verify","level":"info","matrix":{},"msg":"npm warn EBADENGINE }\n","raw_output":true,"stage":"Main","step":"Install dependencies","stepID":["3"],"time":"2026-09-10T01:56:56Z"}
{"dryrun":false,"job":"CI/Typecheck \u0026 Test","jobID":"verify","level":"info","matrix":{},"msg":"npm warn EBADENGINE Unsupported engine {\n","raw_output":true,"stage":"Main","step":"Install dependencies","stepID":["3"],"time":"2026-09-10T01:56:56Z"}
{"dryrun":false,"job":"CI/Typecheck \u0026 Test","jobID":"verify","level":"info","matrix":{},"msg":"npm warn EBADENGINE   package: '@toruslabs/ffjavascript@6.0.0',\n","raw_output":true,"stage":"Main","step":"Install dependencies","stepID":["3"],"time":"2026-09-10T01:56:56Z"}
{"dryrun":false,"job":"CI/Typecheck \u0026 Test","jobID":"verify","level":"info","matrix":{},"msg":"npm warn EBADENGINE   required: { node: '\u003e=22.x', npm: '\u003e=10.x' },\n","raw_output":true,"stage":"Main","step":"Install dependencies","stepID":["3"],"time":"2026-09-10T01:56:56Z"}
{"dryrun":false,"job":"CI/Typecheck \u0026 Test","jobID":"verify","level":"info","matrix":{},"msg":"npm warn EBADENGINE   current: { node: 'v20.20.2', npm: '10.8.2' }\n","raw_output":true,"stage":"Main","step":"Install dependencies","stepID":["3"],"time":"2026-09-10T01:56:56Z"}
{"dryrun":false,"job":"CI/Typecheck \u0026 Test","jobID":"verify","level":"info","matrix":{},"msg":"npm warn EBADENGINE }\n","raw_output":true,"stage":"Main","step":"Install dependencies","stepID":["3"],"time":"2026-09-10T01:56:56Z"}
{"dryrun":false,"job":"CI/Typecheck \u0026 Test","jobID":"verify","level":"info","matrix":{},"msg":"npm warn EBADENGINE Unsupported engine {\n","raw_output":true,"stage":"Main","step":"Install dependencies","stepID":["3"],"time":"2026-09-10T01:56:56Z"}
{"dryrun":false,"job":"CI/Typecheck \u0026 Test","jobID":"verify","level":"info","matrix":{},"msg":"npm warn EBADENGINE   package: '@toruslabs/http-helpers@9.0.0',\n","raw_output":true,"stage":"Main","step":"Install dependencies","stepID":["3"],"time":"2026-09-10T01:56:56Z"}
{"dryrun":false,"job":"CI/Typecheck \u0026 Test","jobID":"verify","level":"info","matrix":{},"msg":"npm warn EBADENGINE   required: { node: '\u003e=22.x', npm: '\u003e=10.x' },\n","raw_output":true,"stage":"Main","step":"Install dependencies","stepID":["3"],"time":"2026-09-10T01:56:56Z"}
{"dryrun":false,"job":"CI/Typecheck \u0026 Test","jobID":"verify","level":"info","matrix":{},"msg":"npm warn EBADENGINE   current: { node: 'v20.20.2', npm: '10.8.2' }\n","raw_output":true,"stage":"Main","step":"Install dependencies","stepID":["3"],"time":"2026-09-10T01:56:56Z"}
{"dryrun":false,"job":"CI/Typecheck \u0026 Test","jobID":"verify","level":"info","matrix":{},"msg":"npm warn EBADENGINE }\n","raw_output":true,"stage":"Main","step":"Install dependencies","stepID":["3"],"time":"2026-09-10T01:56:56Z"}
{"dryrun":false,"job":"CI/Typecheck \u0026 Test","jobID":"verify","level":"info","matrix":{},"msg":"npm warn EBADENGINE Unsupported engine {\n","raw_output":true,"stage":"Main","step":"Install dependencies","stepID":["3"],"time":"2026-09-10T01:56:56Z"}
{"dryrun":false,"job":"CI/Typecheck \u0026 Test","jobID":"verify","level":"info","matrix":{},"msg":"npm warn EBADENGINE   package: '@toruslabs/metadata-helpers@8.2.0',\n","raw_output":true,"stage":"Main","step":"Install dependencies","stepID":["3"],"time":"2026-09-10T01:56:56Z"}
{"dryrun":false,"job":"CI/Typecheck \u0026 Test","jobID":"verify","level":"info","matrix":{},"msg":"npm warn EBADENGINE   required: { node: '\u003e=22.x', npm: '\u003e=10.x' },\n","raw_output":true,"stage":"Main","step":"Install dependencies","stepID":["3"],"time":"2026-09-10T01:56:56Z"}
{"dryrun":false,"job":"CI/Typecheck \u0026 Test","jobID":"verify","level":"info","matrix":{},"msg":"npm warn EBADENGINE   current: { node: 'v20.20.2', npm: '10.8.2' }\n","raw_output":true,"stage":"Main","step":"Install dependencies","stepID":["3"],"time":"2026-09-10T01:56:56Z"}
{"dryrun":false,"job":"CI/Typecheck \u0026 Test","jobID":"verify","level":"info","matrix":{},"msg":"npm warn EBADENGINE }\n","raw_output":true,"stage":"Main","step":"Install dependencies","stepID":["3"],"time":"2026-09-10T01:56:56Z"}
{"dryrun":false,"job":"CI/Typecheck \u0026 Test","jobID":"verify","level":"info","matrix":{},"msg":"npm warn EBADENGINE Unsupported engine {\n","raw_output":true,"stage":"Main","step":"Install dependencies","stepID":["3"],"time":"2026-09-10T01:56:56Z"}
{"dryrun":false,"job":"CI/Typecheck \u0026 Test","jobID":"verify","level":"info","matrix":{},"msg":"npm warn EBADENGINE   package: '@toruslabs/secure-pub-sub@4.3.0',\n","raw_output":true,"stage":"Main","step":"Install dependencies","stepID":["3"],"time":"2026-09-10T01:56:56Z"}
{"dryrun":false,"job":"CI/Typecheck \u0026 Test","jobID":"verify","level":"info","matrix":{},"msg":"npm warn EBADENGINE   required: { node: '\u003e=22.x', npm: '\u003e=10.x' },\n","raw_output":true,"stage":"Main","step":"Install dependencies","stepID":["3"],"time":"2026-09-10T01:56:56Z"}
{"dryrun":false,"job":"CI/Typecheck \u0026 Test","jobID":"verify","level":"info","matrix":{},"msg":"npm warn EBADENGINE   current: { node: 'v20.20.2', npm: '10.8.2' }\n","raw_output":true,"stage":"Main","step":"Install dependencies","stepID":["3"],"time":"2026-09-10T01:56:56Z"}
{"dryrun":false,"job":"CI/Typecheck \u0026 Test","jobID":"verify","level":"info","matrix":{},"msg":"npm warn EBADENGINE }\n","raw_output":true,"stage":"Main","step":"Install dependencies","stepID":["3"],"time":"2026-09-10T01:56:56Z"}
{"dryrun":false,"job":"CI/Typecheck \u0026 Test","jobID":"verify","level":"info","matrix":{},"msg":"npm warn EBADENGINE Unsupported engine {\n","raw_output":true,"stage":"Main","step":"Install dependencies","stepID":["3"],"time":"2026-09-10T01:56:56Z"}
{"dryrun":false,"job":"CI/Typecheck \u0026 Test","jobID":"verify","level":"info","matrix":{},"msg":"npm warn EBADENGINE   package: '@toruslabs/session-manager@5.6.0',\n","raw_output":true,"stage":"Main","step":"Install dependencies","stepID":["3"],"time":"2026-09-10T01:56:56Z"}
{"dryrun":false,"job":"CI/Typecheck \u0026 Test","jobID":"verify","level":"info","matrix":{},"msg":"npm warn EBADENGINE   required: { node: '\u003e=22.x', npm: '\u003e=10.x' },\n","raw_output":true,"stage":"Main","step":"Install dependencies","stepID":["3"],"time":"2026-09-10T01:56:56Z"}
{"dryrun":false,"job":"CI/Typecheck \u0026 Test","jobID":"verify","level":"info","matrix":{},"msg":"npm warn EBADENGINE   current: { node: 'v20.20.2', npm: '10.8.2' }\n","raw_output":true,"stage":"Main","step":"Install dependencies","stepID":["3"],"time":"2026-09-10T01:56:56Z"}
{"dryrun":false,"job":"CI/Typecheck \u0026 Test","jobID":"verify","level":"info","matrix":{},"msg":"npm warn EBADENGINE }\n","raw_output":true,"stage":"Main","step":"Install dependencies","stepID":["3"],"time":"2026-09-10T01:56:56Z"}
{"dryrun":false,"job":"CI/Typecheck \u0026 Test","jobID":"verify","level":"info","matrix":{},"msg":"npm warn EBADENGINE Unsupported engine {\n","raw_output":true,"stage":"Main","step":"Install dependencies","stepID":["3"],"time":"2026-09-10T01:56:56Z"}
{"dryrun":false,"job":"CI/Typecheck \u0026 Test","jobID":"verify","level":"info","matrix":{},"msg":"npm warn EBADENGINE   package: '@web3auth/auth@11.8.2',\n","raw_output":true,"stage":"Main","step":"Install dependencies","stepID":["3"],"time":"2026-09-10T01:56:56Z"}
{"dryrun":false,"job":"CI/Typecheck \u0026 Test","jobID":"verify","level":"info","matrix":{},"msg":"npm warn EBADENGINE   required: { node: '\u003e=22.x', npm: '\u003e=10.x' },\n","raw_output":true,"stage":"Main","step":"Install dependencies","stepID":["3"],"time":"2026-09-10T01:56:56Z"}
{"dryrun":false,"job":"CI/Typecheck \u0026 Test","jobID":"verify","level":"info","matrix":{},"msg":"npm warn EBADENGINE   current: { node: 'v20.20.2', npm: '10.8.2' }\n","raw_output":true,"stage":"Main","step":"Install dependencies","stepID":["3"],"time":"2026-09-10T01:56:56Z"}
{"dryrun":false,"job":"CI/Typecheck \u0026 Test","jobID":"verify","level":"info","matrix":{},"msg":"npm warn EBADENGINE }\n","raw_output":true,"stage":"Main","step":"Install dependencies","stepID":["3"],"time":"2026-09-10T01:56:56Z"}
{"dryrun":false,"job":"CI/Typecheck \u0026 Test","jobID":"verify","level":"info","matrix":{},"msg":"npm warn EBADENGINE Unsupported engine {\n","raw_output":true,"stage":"Main","step":"Install dependencies","stepID":["3"],"time":"2026-09-10T01:56:56Z"}
{"dryrun":false,"job":"CI/Typecheck \u0026 Test","jobID":"verify","level":"info","matrix":{},"msg":"npm warn EBADENGINE   package: '@web3auth/ws-embed@6.1.0',\n","raw_output":true,"stage":"Main","step":"Install dependencies","stepID":["3"],"time":"2026-09-10T01:56:56Z"}
{"dryrun":false,"job":"CI/Typecheck \u0026 Test","jobID":"verify","level":"info","matrix":{},"msg":"npm warn EBADENGINE   required: { node: '\u003e=22.x', npm: '\u003e=10.x' },\n","raw_output":true,"stage":"Main","step":"Install dependencies","stepID":["3"],"time":"2026-09-10T01:56:56Z"}
{"dryrun":false,"job":"CI/Typecheck \u0026 Test","jobID":"verify","level":"info","matrix":{},"msg":"npm warn EBADENGINE   current: { node: 'v20.20.2', npm: '10.8.2' }\n","raw_output":true,"stage":"Main","step":"Install dependencies","stepID":["3"],"time":"2026-09-10T01:56:56Z"}
{"dryrun":false,"job":"CI/Typecheck \u0026 Test","jobID":"verify","level":"info","matrix":{},"msg":"npm warn EBADENGINE }\n","raw_output":true,"stage":"Main","step":"Install dependencies","stepID":["3"],"time":"2026-09-10T01:56:56Z"}
{"dryrun":false,"job":"CI/Typecheck \u0026 Test","jobID":"verify","level":"info","matrix":{},"msg":"npm warn EBADENGINE Unsupported engine {\n","raw_output":true,"stage":"Main","step":"Install dependencies","stepID":["3"],"time":"2026-09-10T01:56:56Z"}
{"dryrun":false,"job":"CI/Typecheck \u0026 Test","jobID":"verify","level":"info","matrix":{},"msg":"npm warn EBADENGINE   package: '@toruslabs/base-controllers@9.12.0',\n","raw_output":true,"stage":"Main","step":"Install dependencies","stepID":["3"],"time":"2026-09-10T01:56:56Z"}
{"dryrun":false,"job":"CI/Typecheck \u0026 Test","jobID":"verify","level":"info","matrix":{},"msg":"npm warn EBADENGINE   required: { node: '\u003e=22.x', npm: '\u003e=10.x' },\n","raw_output":true,"stage":"Main","step":"Install dependencies","stepID":["3"],"time":"2026-09-10T01:56:56Z"}
{"dryrun":false,"job":"CI/Typecheck \u0026 Test","jobID":"verify","level":"info","matrix":{},"msg":"npm warn EBADENGINE   current: { node: 'v20.20.2', npm: '10.8.2' }\n","raw_output":true,"stage":"Main","step":"Install dependencies","stepID":["3"],"time":"2026-09-10T01:56:56Z"}
{"dryrun":false,"job":"CI/Typecheck \u0026 Test","jobID":"verify","level":"info","matrix":{},"msg":"npm warn EBADENGINE }\n","raw_output":true,"stage":"Main","step":"Install dependencies","stepID":["3"],"time":"2026-09-10T01:56:56Z"}
{"dryrun":false,"job":"CI/Typecheck \u0026 Test","jobID":"verify","level":"info","matrix":{},"msg":"npm warn EBADENGINE Unsupported engine {\n","raw_output":true,"stage":"Main","step":"Install dependencies","stepID":["3"],"time":"2026-09-10T01:56:56Z"}
{"dryrun":false,"job":"CI/Typecheck \u0026 Test","jobID":"verify","level":"info","matrix":{},"msg":"npm warn EBADENGINE   package: '@toruslabs/broadcast-channel@13.3.0',\n","raw_output":true,"stage":"Main","step":"Install dependencies","stepID":["3"],"time":"2026-09-10T01:56:56Z"}
{"dryrun":false,"job":"CI/Typecheck \u0026 Test","jobID":"verify","level":"info","matrix":{},"msg":"npm warn EBADENGINE   required: { node: '\u003e=22.x', npm: '\u003e=10.x' },\n","raw_output":true,"stage":"Main","step":"Install dependencies","stepID":["3"],"time":"2026-09-10T01:56:56Z"}
{"dryrun":false,"job":"CI/Typecheck \u0026 Test","jobID":"verify","level":"info","matrix":{},"msg":"npm warn EBADENGINE   current: { node: 'v20.20.2', npm: '10.8.2' }\n","raw_output":true,"stage":"Main","step":"Install dependencies","stepID":["3"],"time":"2026-09-10T01:56:56Z"}
{"dryrun":false,"job":"CI/Typecheck \u0026 Test","jobID":"verify","level":"info","matrix":{},"msg":"npm warn EBADENGINE }\n","raw_output":true,"stage":"Main","step":"Install dependencies","stepID":["3"],"time":"2026-09-10T01:56:56Z"}
{"dryrun":false,"job":"CI/Typecheck \u0026 Test","jobID":"verify","level":"info","matrix":{},"msg":"npm warn EBADENGINE Unsupported engine {\n","raw_output":true,"stage":"Main","step":"Install dependencies","stepID":["3"],"time":"2026-09-10T01:56:56Z"}
{"dryrun":false,"job":"CI/Typecheck \u0026 Test","jobID":"verify","level":"info","matrix":{},"msg":"npm warn EBADENGINE   package: '@toruslabs/constants@16.1.1',\n","raw_output":true,"stage":"Main","step":"Install dependencies","stepID":["3"],"time":"2026-09-10T01:56:56Z"}
{"dryrun":false,"job":"CI/Typecheck \u0026 Test","jobID":"verify","level":"info","matrix":{},"msg":"npm warn EBADENGINE   required: { node: '\u003e=22.x', npm: '\u003e=10.x' },\n","raw_output":true,"stage":"Main","step":"Install dependencies","stepID":["3"],"time":"2026-09-10T01:56:56Z"}
{"dryrun":false,"job":"CI/Typecheck \u0026 Test","jobID":"verify","level":"info","matrix":{},"msg":"npm warn EBADENGINE   current: { node: 'v20.20.2', npm: '10.8.2' }\n","raw_output":true,"stage":"Main","step":"Install dependencies","stepID":["3"],"time":"2026-09-10T01:56:56Z"}
{"dryrun":false,"job":"CI/Typecheck \u0026 Test","jobID":"verify","level":"info","matrix":{},"msg":"npm warn EBADENGINE }\n","raw_output":true,"stage":"Main","step":"Install dependencies","stepID":["3"],"time":"2026-09-10T01:56:56Z"}
{"dryrun":false,"job":"CI/Typecheck \u0026 Test","jobID":"verify","level":"info","matrix":{},"msg":"npm warn EBADENGINE Unsupported engine {\n","raw_output":true,"stage":"Main","step":"Install dependencies","stepID":["3"],"time":"2026-09-10T01:56:56Z"}
{"dryrun":false,"job":"CI/Typecheck \u0026 Test","jobID":"verify","level":"info","matrix":{},"msg":"npm warn EBADENGINE   package: '@toruslabs/eccrypto@7.0.0',\n","raw_output":true,"stage":"Main","step":"Install dependencies","stepID":["3"],"time":"2026-09-10T01:56:56Z"}
{"dryrun":false,"job":"CI/Typecheck \u0026 Test","jobID":"verify","level":"info","matrix":{},"msg":"npm warn EBADENGINE   required: { node: '\u003e=22.x', npm: '\u003e=10.x' },\n","raw_output":true,"stage":"Main","step":"Install dependencies","stepID":["3"],"time":"2026-09-10T01:56:56Z"}
{"dryrun":false,"job":"CI/Typecheck \u0026 Test","jobID":"verify","level":"info","matrix":{},"msg":"npm warn EBADENGINE   current: { node: 'v20.20.2', npm: '10.8.2' }\n","raw_output":true,"stage":"Main","step":"Install dependencies","stepID":["3"],"time":"2026-09-10T01:56:56Z"}
{"dryrun":false,"job":"CI/Typecheck \u0026 Test","jobID":"verify","level":"info","matrix":{},"msg":"npm warn EBADENGINE }\n","raw_output":true,"stage":"Main","step":"Install dependencies","stepID":["3"],"time":"2026-09-10T01:56:56Z"}
{"dryrun":false,"job":"CI/Typecheck \u0026 Test","jobID":"verify","level":"info","matrix":{},"msg":"npm warn EBADENGINE Unsupported engine {\n","raw_output":true,"stage":"Main","step":"Install dependencies","stepID":["3"],"time":"2026-09-10T01:56:56Z"}
{"dryrun":false,"job":"CI/Typecheck \u0026 Test","jobID":"verify","level":"info","matrix":{},"msg":"npm warn EBADENGINE   package: '@toruslabs/ffjavascript@6.0.0',\n","raw_output":true,"stage":"Main","step":"Install dependencies","stepID":["3"],"time":"2026-09-10T01:56:56Z"}
{"dryrun":false,"job":"CI/Typecheck \u0026 Test","jobID":"verify","level":"info","matrix":{},"msg":"npm warn EBADENGINE   required: { node: '\u003e=22.x', npm: '\u003e=10.x' },\n","raw_output":true,"stage":"Main","step":"Install dependencies","stepID":["3"],"time":"2026-09-10T01:56:56Z"}
{"dryrun":false,"job":"CI/Typecheck \u0026 Test","jobID":"verify","level":"info","matrix":{},"msg":"npm warn EBADENGINE   current: { node: 'v20.20.2', npm: '10.8.2' }\n","raw_output":true,"stage":"Main","step":"Install dependencies","stepID":["3"],"time":"2026-09-10T01:56:56Z"}
{"dryrun":false,"job":"CI/Typecheck \u0026 Test","jobID":"verify","level":"info","matrix":{},"msg":"npm warn EBADENGINE }\n","raw_output":true,"stage":"Main","step":"Install dependencies","stepID":["3"],"time":"2026-09-10T01:56:56Z"}
{"dryrun":false,"job":"CI/Typecheck \u0026 Test","jobID":"verify","level":"info","matrix":{},"msg":"npm warn EBADENGINE Unsupported engine {\n","raw_output":true,"stage":"Main","step":"Install dependencies","stepID":["3"],"time":"2026-09-10T01:56:56Z"}
{"dryrun":false,"job":"CI/Typecheck \u0026 Test","jobID":"verify","level":"info","matrix":{},"msg":"npm warn EBADENGINE   package: '@toruslabs/http-helpers@9.0.0',\n","raw_output":true,"stage":"Main","step":"Install dependencies","stepID":["3"],"time":"2026-09-10T01:56:56Z"}
{"dryrun":false,"job":"CI/Typecheck \u0026 Test","jobID":"verify","level":"info","matrix":{},"msg":"npm warn EBADENGINE   required: { node: '\u003e=22.x', npm: '\u003e=10.x' },\n","raw_output":true,"stage":"Main","step":"Install dependencies","stepID":["3"],"time":"2026-09-10T01:56:56Z"}
{"dryrun":false,"job":"CI/Typecheck \u0026 Test","jobID":"verify","level":"info","matrix":{},"msg":"npm warn EBADENGINE   current: { node: 'v20.20.2', npm: '10.8.2' }\n","raw_output":true,"stage":"Main","step":"Install dependencies","stepID":["3"],"time":"2026-09-10T01:56:56Z"}
{"dryrun":false,"job":"CI/Typecheck \u0026 Test","jobID":"verify","level":"info","matrix":{},"msg":"npm warn EBADENGINE }\n","raw_output":true,"stage":"Main","step":"Install dependencies","stepID":["3"],"time":"2026-09-10T01:56:56Z"}
{"dryrun":false,"job":"CI/Typecheck \u0026 Test","jobID":"verify","level":"info","matrix":{},"msg":"npm warn EBADENGINE Unsupported engine {\n","raw_output":true,"stage":"Main","step":"Install dependencies","stepID":["3"],"time":"2026-09-10T01:56:56Z"}
{"dryrun":false,"job":"CI/Typecheck \u0026 Test","jobID":"verify","level":"info","matrix":{},"msg":"npm warn EBADENGINE   package: '@toruslabs/metadata-helpers@8.2.0',\n","raw_output":true,"stage":"Main","step":"Install dependencies","stepID":["3"],"time":"2026-09-10T01:56:56Z"}
{"dryrun":false,"job":"CI/Typecheck \u0026 Test","jobID":"verify","level":"info","matrix":{},"msg":"npm warn EBADENGINE   required: { node: '\u003e=22.x', npm: '\u003e=10.x' },\n","raw_output":true,"stage":"Main","step":"Install dependencies","stepID":["3"],"time":"2026-09-10T01:56:56Z"}
{"dryrun":false,"job":"CI/Typecheck \u0026 Test","jobID":"verify","level":"info","matrix":{},"msg":"npm warn EBADENGINE   current: { node: 'v20.20.2', npm: '10.8.2' }\n","raw_output":true,"stage":"Main","step":"Install dependencies","stepID":["3"],"time":"2026-09-10T01:56:56Z"}
{"dryrun":false,"job":"CI/Typecheck \u0026 Test","jobID":"verify","level":"info","matrix":{},"msg":"npm warn EBADENGINE }\n","raw_output":true,"stage":"Main","step":"Install dependencies","stepID":["3"],"time":"2026-09-10T01:56:56Z"}
{"dryrun":false,"job":"CI/Typecheck \u0026 Test","jobID":"verify","level":"info","matrix":{},"msg":"npm warn EBADENGINE Unsupported engine {\n","raw_output":true,"stage":"Main","step":"Install dependencies","stepID":["3"],"time":"2026-09-10T01:56:56Z"}
{"dryrun":false,"job":"CI/Typecheck \u0026 Test","jobID":"verify","level":"info","matrix":{},"msg":"npm warn EBADENGINE   package: '@toruslabs/secure-pub-sub@4.3.0',\n","raw_output":true,"stage":"Main","step":"Install dependencies","stepID":["3"],"time":"2026-09-10T01:56:56Z"}
{"dryrun":false,"job":"CI/Typecheck \u0026 Test","jobID":"verify","level":"info","matrix":{},"msg":"npm warn EBADENGINE   required: { node: '\u003e=22.x', npm: '\u003e=10.x' },\n","raw_output":true,"stage":"Main","step":"Install dependencies","stepID":["3"],"time":"2026-09-10T01:56:56Z"}
{"dryrun":false,"job":"CI/Typecheck \u0026 Test","jobID":"verify","level":"info","matrix":{},"msg":"npm warn EBADENGINE   current: { node: 'v20.20.2', npm: '10.8.2' }\n","raw_output":true,"stage":"Main","step":"Install dependencies","stepID":["3"],"time":"2026-09-10T01:56:56Z"}
{"dryrun":false,"job":"CI/Typecheck \u0026 Test","jobID":"verify","level":"info","matrix":{},"msg":"npm warn EBADENGINE }\n","raw_output":true,"stage":"Main","step":"Install dependencies","stepID":["3"],"time":"2026-09-10T01:56:56Z"}
{"dryrun":false,"job":"CI/Typecheck \u0026 Test","jobID":"verify","level":"info","matrix":{},"msg":"npm warn EBADENGINE Unsupported engine {\n","raw_output":true,"stage":"Main","step":"Install dependencies","stepID":["3"],"time":"2026-09-10T01:56:56Z"}
{"dryrun":false,"job":"CI/Typecheck \u0026 Test","jobID":"verify","level":"info","matrix":{},"msg":"npm warn EBADENGINE   package: '@toruslabs/session-manager@5.6.0',\n","raw_output":true,"stage":"Main","step":"Install dependencies","stepID":["3"],"time":"2026-09-10T01:56:56Z"}
{"dryrun":false,"job":"CI/Typecheck \u0026 Test","jobID":"verify","level":"info","matrix":{},"msg":"npm warn EBADENGINE   required: { node: '\u003e=22.x', npm: '\u003e=10.x' },\n","raw_output":true,"stage":"Main","step":"Install dependencies","stepID":["3"],"time":"2026-09-10T01:56:56Z"}
{"dryrun":false,"job":"CI/Typecheck \u0026 Test","jobID":"verify","level":"info","matrix":{},"msg":"npm warn EBADENGINE   current: { node: 'v20.20.2', npm: '10.8.2' }\n","raw_output":true,"stage":"Main","step":"Install dependencies","stepID":["3"],"time":"2026-09-10T01:56:56Z"}
{"dryrun":false,"job":"CI/Typecheck \u0026 Test","jobID":"verify","level":"info","matrix":{},"msg":"npm warn EBADENGINE }\n","raw_output":true,"stage":"Main","step":"Install dependencies","stepID":["3"],"time":"2026-09-10T01:56:56Z"}
{"dryrun":false,"job":"CI/Typecheck \u0026 Test","jobID":"verify","level":"info","matrix":{},"msg":"npm warn EBADENGINE Unsupported engine {\n","raw_output":true,"stage":"Main","step":"Install dependencies","stepID":["3"],"time":"2026-09-10T01:56:56Z"}
{"dryrun":false,"job":"CI/Typecheck \u0026 Test","jobID":"verify","level":"info","matrix":{},"msg":"npm warn EBADENGINE   package: '@web3auth/auth@11.8.2',\n","raw_output":true,"stage":"Main","step":"Install dependencies","stepID":["3"],"time":"2026-09-10T01:56:56Z"}
{"dryrun":false,"job":"CI/Typecheck \u0026 Test","jobID":"verify","level":"info","matrix":{},"msg":"npm warn EBADENGINE   required: { node: '\u003e=22.x', npm: '\u003e=10.x' },\n","raw_output":true,"stage":"Main","step":"Install dependencies","stepID":["3"],"time":"2026-09-10T01:56:56Z"}
{"dryrun":false,"job":"CI/Typecheck \u0026 Test","jobID":"verify","level":"info","matrix":{},"msg":"npm warn EBADENGINE   current: { node: 'v20.20.2', npm: '10.8.2' }\n","raw_output":true,"stage":"Main","step":"Install dependencies","stepID":["3"],"time":"2026-09-10T01:56:56Z"}
{"dryrun":false,"job":"CI/Typecheck \u0026 Test","jobID":"verify","level":"info","matrix":{},"msg":"npm warn EBADENGINE }\n","raw_output":true,"stage":"Main","step":"Install dependencies","stepID":["3"],"time":"2026-09-10T01:56:56Z"}
{"dryrun":false,"job":"CI/Typecheck \u0026 Test","jobID":"verify","level":"info","matrix":{},"msg":"npm warn deprecated text-encoding@0.7.0: no longer maintained\n","raw_output":true,"stage":"Main","step":"Install dependencies","stepID":["3"],"time":"2026-09-10T01:57:02Z"}
{"dryrun":false,"job":"CI/Typecheck \u0026 Test","jobID":"verify","level":"info","matrix":{},"msg":"npm warn deprecated source-map-resolve@0.6.0: See https://github.com/lydell/source-map-resolve#deprecated\n","raw_output":true,"stage":"Main","step":"Install dependencies","stepID":["3"],"time":"2026-09-10T01:57:03Z"}
{"dryrun":false,"job":"CI/Typecheck \u0026 Test","jobID":"verify","level":"info","matrix":{},"msg":"npm warn deprecated rimraf@3.0.2: Rimraf versions prior to v4 are no longer supported\n","raw_output":true,"stage":"Main","step":"Install dependencies","stepID":["3"],"time":"2026-09-10T01:57:07Z"}
{"dryrun":false,"job":"CI/Typecheck \u0026 Test","jobID":"verify","level":"info","matrix":{},"msg":"npm warn deprecated inflight@1.0.6: This module is not supported, and leaks memory. Do not use it. Check out lru-cache if you want a good and tested way to coalesce async requests by a key value, which is much more comprehensive and powerful.\n","raw_output":true,"stage":"Main","step":"Install dependencies","stepID":["3"],"time":"2026-09-10T01:57:24Z"}
{"dryrun":false,"job":"CI/Typecheck \u0026 Test","jobID":"verify","level":"info","matrix":{},"msg":"npm warn deprecated glob@7.1.7: Old versions of glob are not supported, and contain widely publicized security vulnerabilities, which have been fixed in the current version. Please update. Support for old versions may be purchased (at exorbitant rates) by contacting i@izs.me\n","raw_output":true,"stage":"Main","step":"Install dependencies","stepID":["3"],"time":"2026-09-10T01:57:25Z"}
{"dryrun":false,"job":"CI/Typecheck \u0026 Test","jobID":"verify","level":"info","matrix":{},"msg":"npm warn deprecated @walletconnect/universal-provider@2.21.5: Reliability and performance improvements. See: https://github.com/WalletConnect/walletconnect-monorepo/releases\n","raw_output":true,"stage":"Main","step":"Install dependencies","stepID":["3"],"time":"2026-09-10T01:57:53Z"}
{"dryrun":false,"job":"CI/Typecheck \u0026 Test","jobID":"verify","level":"info","matrix":{},"msg":"npm warn deprecated @walletconnect/sign-client@2.21.5: Reliability and performance improvements. See: https://github.com/WalletConnect/walletconnect-monorepo/releases\n","raw_output":true,"stage":"Main","step":"Install dependencies","stepID":["3"],"time":"2026-09-10T01:57:53Z"}
{"dryrun":false,"job":"CI/Typecheck \u0026 Test","jobID":"verify","level":"info","matrix":{},"msg":"npm warn deprecated @walletconnect/ethereum-provider@2.21.5: Reliability and performance improvements. See: https://github.com/WalletConnect/walletconnect-monorepo/releases\n","raw_output":true,"stage":"Main","step":"Install dependencies","stepID":["3"],"time":"2026-09-10T01:58:01Z"}
{"dryrun":false,"job":"CI/Typecheck \u0026 Test","jobID":"verify","level":"info","matrix":{},"msg":"npm warn deprecated @solana-program/token-2022@0.7.0: This package has been deprecated\n","raw_output":true,"stage":"Main","step":"Install dependencies","stepID":["3"],"time":"2026-09-10T01:58:10Z"}
{"dryrun":false,"job":"CI/Typecheck \u0026 Test","jobID":"verify","level":"info","matrix":{},"msg":"npm warn deprecated @paulmillr/qr@0.2.1: Switch to \"qr\" (new package name) for security updates: npm install qr\n","raw_output":true,"stage":"Main","step":"Install dependencies","stepID":["3"],"time":"2026-09-10T01:58:15Z"}
{"dryrun":false,"job":"CI/Typecheck \u0026 Test","jobID":"verify","level":"info","matrix":{},"msg":"npm warn deprecated @livepeer/react-native@2.0.13: Package no longer supported. Contact Support at https://www.npmjs.com/support for more info.\n","raw_output":true,"stage":"Main","step":"Install dependencies","stepID":["3"],"time":"2026-09-10T01:58:17Z"}
{"dryrun":false,"job":"CI/Typecheck \u0026 Test","jobID":"verify","level":"info","matrix":{},"msg":"npm warn deprecated uuid@8.3.2: uuid@10 and below is no longer supported.  For ESM codebases, update to uuid@latest.  For CommonJS codebases, use uuid@11 (but be aware this version will likely be deprecated in 2028).\n","raw_output":true,"stage":"Main","step":"Install dependencies","stepID":["3"],"time":"2026-09-10T01:58:34Z"}
{"dryrun":false,"job":"CI/Typecheck \u0026 Test","jobID":"verify","level":"info","matrix":{},"msg":"npm warn deprecated @walletconnect/sign-client@2.21.0: Reliability and performance improvements. See: https://github.com/WalletConnect/walletconnect-monorepo/releases\n","raw_output":true,"stage":"Main","step":"Install dependencies","stepID":["3"],"time":"2026-09-10T01:59:26Z"}
{"dryrun":false,"job":"CI/Typecheck \u0026 Test","jobID":"verify","level":"info","matrix":{},"msg":"npm warn deprecated @walletconnect/universal-provider@2.21.0: Reliability and performance improvements. See: https://github.com/WalletConnect/walletconnect-monorepo/releases\n","raw_output":true,"stage":"Main","step":"Install dependencies","stepID":["3"],"time":"2026-09-10T01:59:29Z"}
{"dryrun":false,"job":"CI/Typecheck \u0026 Test","jobID":"verify","level":"info","matrix":{},"msg":"npm warn deprecated @walletconnect/universal-provider@2.21.0: Reliability and performance improvements. See: https://github.com/WalletConnect/walletconnect-monorepo/releases\n","raw_output":true,"stage":"Main","step":"Install dependencies","stepID":["3"],"time":"2026-09-10T01:59:29Z"}
{"dryrun":false,"job":"CI/Typecheck \u0026 Test","jobID":"verify","level":"info","matrix":{},"msg":"npm warn deprecated @walletconnect/sign-client@2.21.0: Reliability and performance improvements. See: https://github.com/WalletConnect/walletconnect-monorepo/releases\n","raw_output":true,"stage":"Main","step":"Install dependencies","stepID":["3"],"time":"2026-09-10T01:59:29Z"}
{"dryrun":false,"job":"CI/Typecheck \u0026 Test","jobID":"verify","level":"info","matrix":{},"msg":"npm warn deprecated @walletconnect/universal-provider@2.21.0: Reliability and performance improvements. See: https://github.com/WalletConnect/walletconnect-monorepo/releases\n","raw_output":true,"stage":"Main","step":"Install dependencies","stepID":["3"],"time":"2026-09-10T01:59:29Z"}
{"dryrun":false,"job":"CI/Typecheck \u0026 Test","jobID":"verify","level":"info","matrix":{},"msg":"npm warn deprecated @walletconnect/sign-client@2.21.0: Reliability and performance improvements. See: https://github.com/WalletConnect/walletconnect-monorepo/releases\n","raw_output":true,"stage":"Main","step":"Install dependencies","stepID":["3"],"time":"2026-09-10T01:59:29Z"}
{"dryrun":false,"job":"CI/Typecheck \u0026 Test","jobID":"verify","level":"info","matrix":{},"msg":"npm warn deprecated uuid@9.0.1: uuid@10 and below is no longer supported.  For ESM codebases, update to uuid@latest.  For CommonJS codebases, use uuid@11 (but be aware this version will likely be deprecated in 2028).\n","raw_output":true,"stage":"Main","step":"Install dependencies","stepID":["3"],"time":"2026-09-10T01:59:30Z"}
{"dryrun":false,"job":"CI/Typecheck \u0026 Test","jobID":"verify","level":"info","matrix":{},"msg":"npm warn deprecated uuid@9.0.1: uuid@10 and below is no longer supported.  For ESM codebases, update to uuid@latest.  For CommonJS codebases, use uuid@11 (but be aware this version will likely be deprecated in 2028).\n","raw_output":true,"stage":"Main","step":"Install dependencies","stepID":["3"],"time":"2026-09-10T01:59:30Z"}
{"dryrun":false,"job":"CI/Typecheck \u0026 Test","jobID":"verify","level":"info","matrix":{},"msg":"\n","raw_output":true,"stage":"Main","step":"Install dependencies","stepID":["3"],"time":"2026-09-10T02:00:38Z"}
{"dryrun":false,"job":"CI/Typecheck \u0026 Test","jobID":"verify","level":"info","matrix":{},"msg":"\u003e dehub-mobile@1.0.0 postinstall\n","raw_output":true,"stage":"Main","step":"Install dependencies","stepID":["3"],"time":"2026-09-10T02:00:38Z"}
{"dryrun":false,"job":"CI/Typecheck \u0026 Test","jobID":"verify","level":"info","matrix":{},"msg":"\u003e patch-package || exit 0\n","raw_output":true,"stage":"Main","step":"Install dependencies","stepID":["3"],"time":"2026-09-10T02:00:38Z"}
{"dryrun":false,"job":"CI/Typecheck \u0026 Test","jobID":"verify","level":"info","matrix":{},"msg":"\n","raw_output":true,"stage":"Main","step":"Install dependencies","stepID":["3"],"time":"2026-09-10T02:00:38Z"}
{"dryrun":false,"job":"CI/Typecheck \u0026 Test","jobID":"verify","level":"info","matrix":{},"msg":"patch-package 8.0.1\n","raw_output":true,"stage":"Main","step":"Install dependencies","stepID":["3"],"time":"2026-09-10T02:00:38Z"}
{"dryrun":false,"job":"CI/Typecheck \u0026 Test","jobID":"verify","level":"info","matrix":{},"msg":"Applying patches...\n","raw_output":true,"stage":"Main","step":"Install dependencies","stepID":["3"],"time":"2026-09-10T02:00:38Z"}
{"dryrun":false,"job":"CI/Typecheck \u0026 Test","jobID":"verify","level":"info","matrix":{},"msg":"@noble/hashes@1.7.0 ✔\n","raw_output":true,"stage":"Main","step":"Install dependencies","stepID":["3"],"time":"2026-09-10T02:00:38Z"}
{"dryrun":false,"job":"CI/Typecheck \u0026 Test","jobID":"verify","level":"info","matrix":{},"msg":"@toruslabs/ethereum-controllers/@toruslabs/base-controllers@9.12.0 ✔\n","raw_output":true,"stage":"Main","step":"Install dependencies","stepID":["3"],"time":"2026-09-10T02:00:38Z"}
{"dryrun":false,"job":"CI/Typecheck \u0026 Test","jobID":"verify","level":"info","matrix":{},"msg":"@walletconnect/react-native-compat@2.21.6 ✔\n","raw_output":true,"stage":"Main","step":"Install dependencies","stepID":["3"],"time":"2026-09-10T02:00:38Z"}
{"dryrun":false,"job":"CI/Typecheck \u0026 Test","jobID":"verify","level":"info","matrix":{},"msg":"@web3auth/no-modal/@toruslabs/base-controllers@9.12.0 ✔\n","raw_output":true,"stage":"Main","step":"Install dependencies","stepID":["3"],"time":"2026-09-10T02:00:38Z"}
{"dryrun":false,"job":"CI/Typecheck \u0026 Test","jobID":"verify","level":"info","matrix":{},"msg":"@web3auth/react-native-sdk/@toruslabs/base-controllers@9.12.0 ✔\n","raw_output":true,"stage":"Main","step":"Install dependencies","stepID":["3"],"time":"2026-09-10T02:00:38Z"}
{"dryrun":false,"job":"CI/Typecheck \u0026 Test","jobID":"verify","level":"info","matrix":{},"msg":"@web3auth/ws-embed/@toruslabs/base-controllers@9.12.0 ✔\n","raw_output":true,"stage":"Main","step":"Install dependencies","stepID":["3"],"time":"2026-09-10T02:00:38Z"}
{"dryrun":false,"job":"CI/Typecheck \u0026 Test","jobID":"verify","level":"info","matrix":{},"msg":"expo-video@3.0.16 ✔\n","raw_output":true,"stage":"Main","step":"Install dependencies","stepID":["3"],"time":"2026-09-10T02:00:38Z"}
{"dryrun":false,"job":"CI/Typecheck \u0026 Test","jobID":"verify","level":"info","matrix":{},"msg":"react-native-webrtc@124.0.7 ✔\n","raw_output":true,"stage":"Main","step":"Install dependencies","stepID":["3"],"time":"2026-09-10T02:00:38Z"}
{"dryrun":false,"job":"CI/Typecheck \u0026 Test","jobID":"verify","level":"info","matrix":{},"msg":"\n","raw_output":true,"stage":"Main","step":"Install dependencies","stepID":["3"],"time":"2026-09-10T02:00:38Z"}
{"dryrun":false,"job":"CI/Typecheck \u0026 Test","jobID":"verify","level":"info","matrix":{},"msg":"added 2190 packages, and audited 2191 packages in 4m\n","raw_output":true,"stage":"Main","step":"Install dependencies","stepID":["3"],"time":"2026-09-10T02:00:38Z"}
{"dryrun":false,"job":"CI/Typecheck \u0026 Test","jobID":"verify","level":"info","matrix":{},"msg":"\n","raw_output":true,"stage":"Main","step":"Install dependencies","stepID":["3"],"time":"2026-09-10T02:00:38Z"}
{"dryrun":false,"job":"CI/Typecheck \u0026 Test","jobID":"verify","level":"info","matrix":{},"msg":"264 packages are looking for funding\n","raw_output":true,"stage":"Main","step":"Install dependencies","stepID":["3"],"time":"2026-09-10T02:00:38Z"}
{"dryrun":false,"job":"CI/Typecheck \u0026 Test","jobID":"verify","level":"info","matrix":{},"msg":"  run `npm fund` for details\n","raw_output":true,"stage":"Main","step":"Install dependencies","stepID":["3"],"time":"2026-09-10T02:00:38Z"}
{"dryrun":false,"job":"CI/Typecheck \u0026 Test","jobID":"verify","level":"info","matrix":{},"msg":"\n","raw_output":true,"stage":"Main","step":"Install dependencies","stepID":["3"],"time":"2026-09-10T02:00:39Z"}
{"dryrun":false,"job":"CI/Typecheck \u0026 Test","jobID":"verify","level":"info","matrix":{},"msg":"120 vulnerabilities (35 low, 59 moderate, 24 high, 2 critical)\n","raw_output":true,"stage":"Main","step":"Install dependencies","stepID":["3"],"time":"2026-09-10T02:00:39Z"}
{"dryrun":false,"job":"CI/Typecheck \u0026 Test","jobID":"verify","level":"info","matrix":{},"msg":"\n","raw_output":true,"stage":"Main","step":"Install dependencies","stepID":["3"],"time":"2026-09-10T02:00:39Z"}
{"dryrun":false,"job":"CI/Typecheck \u0026 Test","jobID":"verify","level":"info","matrix":{},"msg":"To address issues that do not require attention, run:\n","raw_output":true,"stage":"Main","step":"Install dependencies","stepID":["3"],"time":"2026-09-10T02:00:39Z"}
{"dryrun":false,"job":"CI/Typecheck \u0026 Test","jobID":"verify","level":"info","matrix":{},"msg":"  npm audit fix\n","raw_output":true,"stage":"Main","step":"Install dependencies","stepID":["3"],"time":"2026-09-10T02:00:39Z"}
{"dryrun":false,"job":"CI/Typecheck \u0026 Test","jobID":"verify","level":"info","matrix":{},"msg":"\n","raw_output":true,"stage":"Main","step":"Install dependencies","stepID":["3"],"time":"2026-09-10T02:00:39Z"}
{"dryrun":false,"job":"CI/Typecheck \u0026 Test","jobID":"verify","level":"info","matrix":{},"msg":"To address all issues possible (including breaking changes), run:\n","raw_output":true,"stage":"Main","step":"Install dependencies","stepID":["3"],"time":"2026-09-10T02:00:39Z"}
{"dryrun":false,"job":"CI/Typecheck \u0026 Test","jobID":"verify","level":"info","matrix":{},"msg":"  npm audit fix --force\n","raw_output":true,"stage":"Main","step":"Install dependencies","stepID":["3"],"time":"2026-09-10T02:00:39Z"}
{"dryrun":false,"job":"CI/Typecheck \u0026 Test","jobID":"verify","level":"info","matrix":{},"msg":"\n","raw_output":true,"stage":"Main","step":"Install dependencies","stepID":["3"],"time":"2026-09-10T02:00:39Z"}
{"dryrun":false,"job":"CI/Typecheck \u0026 Test","jobID":"verify","level":"info","matrix":{},"msg":"Some issues need review, and may require choosing\n","raw_output":true,"stage":"Main","step":"Install dependencies","stepID":["3"],"time":"2026-09-10T02:00:39Z"}
{"dryrun":false,"job":"CI/Typecheck \u0026 Test","jobID":"verify","level":"info","matrix":{},"msg":"a different dependency.\n","raw_output":true,"stage":"Main","step":"Install dependencies","stepID":["3"],"time":"2026-09-10T02:00:39Z"}
{"dryrun":false,"job":"CI/Typecheck \u0026 Test","jobID":"verify","level":"info","matrix":{},"msg":"\n","raw_output":true,"stage":"Main","step":"Install dependencies","stepID":["3"],"time":"2026-09-10T02:00:39Z"}
{"dryrun":false,"job":"CI/Typecheck \u0026 Test","jobID":"verify","level":"info","matrix":{},"msg":"Run `npm audit` for details.\n","raw_output":true,"stage":"Main","step":"Install dependencies","stepID":["3"],"time":"2026-09-10T02:00:39Z"}
{"dryrun":false,"executionTime":223503877375,"job":"CI/Typecheck \u0026 Test","jobID":"verify","level":"info","matrix":{},"msg":"  ✅  Success - Main Install dependencies [3m43.503877375s]","stage":"Main","step":"Install dependencies","stepID":["3"],"stepResult":"success","time":"2026-09-10T02:00:39Z"}
{"dryrun":false,"job":"CI/Typecheck \u0026 Test","jobID":"verify","level":"info","matrix":{},"msg":"⭐ Run Main i18n coverage","stage":"Main","step":"i18n coverage","stepID":["4"],"time":"2026-09-10T02:00:39Z"}
{"dryrun":false,"job":"CI/Typecheck \u0026 Test","jobID":"verify","level":"info","matrix":{},"msg":"  🐳  docker exec cmd=[bash -e /var/run/act/workflow/4] user= workdir=","stage":"Main","step":"i18n coverage","stepID":["4"],"time":"2026-09-10T02:00:39Z"}
{"dryrun":false,"job":"CI/Typecheck \u0026 Test","jobID":"verify","level":"info","matrix":{},"msg":"\n","raw_output":true,"stage":"Main","step":"i18n coverage","stepID":["4"],"time":"2026-09-10T02:00:39Z"}
{"dryrun":false,"job":"CI/Typecheck \u0026 Test","jobID":"verify","level":"info","matrix":{},"msg":"\u003e dehub-mobile@1.0.0 i18n:coverage\n","raw_output":true,"stage":"Main","step":"i18n coverage","stepID":["4"],"time":"2026-09-10T02:00:39Z"}
{"dryrun":false,"job":"CI/Typecheck \u0026 Test","jobID":"verify","level":"info","matrix":{},"msg":"\u003e node scripts/i18n-coverage.js\n","raw_output":true,"stage":"Main","step":"i18n coverage","stepID":["4"],"time":"2026-09-10T02:00:39Z"}
{"dryrun":false,"job":"CI/Typecheck \u0026 Test","jobID":"verify","level":"info","matrix":{},"msg":"\n","raw_output":true,"stage":"Main","step":"i18n coverage","stepID":["4"],"time":"2026-09-10T02:00:39Z"}
{"dryrun":false,"job":"CI/Typecheck \u0026 Test","jobID":"verify","level":"info","matrix":{},"msg":"en.json: 2681 keys across 109 locales\n","raw_output":true,"stage":"Main","step":"i18n coverage","stepID":["4"],"time":"2026-09-10T02:00:39Z"}
{"dryrun":false,"job":"CI/Typecheck \u0026 Test","jobID":"verify","level":"info","matrix":{},"msg":"complete locales: 5/109\n","raw_output":true,"stage":"Main","step":"i18n coverage","stepID":["4"],"time":"2026-09-10T02:00:39Z"}
{"dryrun":false,"job":"CI/Typecheck \u0026 Test","jobID":"verify","level":"info","matrix":{},"msg":"lowest coverage:\n","raw_output":true,"stage":"Main","step":"i18n coverage","stepID":["4"],"time":"2026-09-10T02:00:39Z"}
{"dryrun":false,"job":"CI/Typecheck \u0026 Test","jobID":"verify","level":"info","matrix":{},"msg":"  dcc    92.7%  197 missing\n","raw_output":true,"stage":"Main","step":"i18n coverage","stepID":["4"],"time":"2026-09-10T02:00:39Z"}
{"dryrun":false,"job":"CI/Typecheck \u0026 Test","jobID":"verify","level":"info","matrix":{},"msg":"  rkt    92.7%  197 missing\n","raw_output":true,"stage":"Main","step":"i18n coverage","stepID":["4"],"time":"2026-09-10T02:00:39Z"}
{"dryrun":false,"job":"CI/Typecheck \u0026 Test","jobID":"verify","level":"info","matrix":{},"msg":"  sr     93.7%  168 missing\n","raw_output":true,"stage":"Main","step":"i18n coverage","stepID":["4"],"time":"2026-09-10T02:00:39Z"}
{"dryrun":false,"job":"CI/Typecheck \u0026 Test","jobID":"verify","level":"info","matrix":{},"msg":"  pcm    94.7%  141 missing\n","raw_output":true,"stage":"Main","step":"i18n coverage","stepID":["4"],"time":"2026-09-10T02:00:39Z"}
{"dryrun":false,"job":"CI/Typecheck \u0026 Test","jobID":"verify","level":"info","matrix":{},"msg":"  wes    94.9%  138 missing\n","raw_output":true,"stage":"Main","step":"i18n coverage","stepID":["4"],"time":"2026-09-10T02:00:39Z"}
{"dryrun":false,"job":"CI/Typecheck \u0026 Test","jobID":"verify","level":"info","matrix":{},"msg":"  ku       95%  134 missing\n","raw_output":true,"stage":"Main","step":"i18n coverage","stepID":["4"],"time":"2026-09-10T02:00:39Z"}
{"dryrun":false,"job":"CI/Typecheck \u0026 Test","jobID":"verify","level":"info","matrix":{},"msg":"  ctg    95.2%  129 missing\n","raw_output":true,"stage":"Main","step":"i18n coverage","stepID":["4"],"time":"2026-09-10T02:00:39Z"}
{"dryrun":false,"job":"CI/Typecheck \u0026 Test","jobID":"verify","level":"info","matrix":{},"msg":"  sdr    95.4%  124 missing\n","raw_output":true,"stage":"Main","step":"i18n coverage","stepID":["4"],"time":"2026-09-10T02:00:39Z"}
{"dryrun":false,"job":"CI/Typecheck \u0026 Test","jobID":"verify","level":"info","matrix":{},"msg":"  skr      96%  108 missing\n","raw_output":true,"stage":"Main","step":"i18n coverage","stepID":["4"],"time":"2026-09-10T02:00:39Z"}
{"dryrun":false,"job":"CI/Typecheck \u0026 Test","jobID":"verify","level":"info","matrix":{},"msg":"  syl    96.1%  105 missing\n","raw_output":true,"stage":"Main","step":"i18n coverage","stepID":["4"],"time":"2026-09-10T02:00:39Z"}
{"dryrun":false,"job":"CI/Typecheck \u0026 Test","jobID":"verify","level":"info","matrix":{},"msg":"\n","raw_output":true,"stage":"Main","step":"i18n coverage","stepID":["4"],"time":"2026-09-10T02:00:39Z"}
{"dryrun":false,"job":"CI/Typecheck \u0026 Test","jobID":"verify","level":"info","matrix":{},"msg":"204 key(s) are defined in no locale file and render their fallback everywhere (45 cleared since the baseline)\n","raw_output":true,"stage":"Main","step":"i18n coverage","stepID":["4"],"time":"2026-09-10T02:00:39Z"}
{"dryrun":false,"job":"CI/Typecheck \u0026 Test","jobID":"verify","level":"info","matrix":{},"msg":"\n","raw_output":true,"stage":"Main","step":"i18n coverage","stepID":["4"],"time":"2026-09-10T02:00:39Z"}
{"dryrun":false,"job":"CI/Typecheck \u0026 Test","jobID":"verify","level":"info","matrix":{},"msg":"1 new t() key(s) have no entry in en.json, so the English text is the call's fallback:\n","raw_output":true,"stage":"Main","step":"i18n coverage","stepID":["4"],"time":"2026-09-10T02:00:39Z"}
{"dryrun":false,"job":"CI/Typecheck \u0026 Test","jobID":"verify","level":"info","matrix":{},"msg":"  settings.display  components/Settings/AppearancePanel.tsx\n","raw_output":true,"stage":"Main","step":"i18n coverage","stepID":["4"],"time":"2026-09-10T02:00:39Z"}
{"dryrun":false,"job":"CI/Typecheck \u0026 Test","jobID":"verify","level":"info","matrix":{},"msg":"\n","raw_output":true,"stage":"Main","step":"i18n coverage","stepID":["4"],"time":"2026-09-10T02:00:39Z"}
{"dryrun":false,"job":"CI/Typecheck \u0026 Test","jobID":"verify","level":"info","matrix":{},"msg":"Add them to i18n/locales/en.json and translate them. A fallback string reads\n","raw_output":true,"stage":"Main","step":"i18n coverage","stepID":["4"],"time":"2026-09-10T02:00:39Z"}
{"dryrun":false,"job":"CI/Typecheck \u0026 Test","jobID":"verify","level":"info","matrix":{},"msg":"as English to all 110 other languages, and nothing else in this script can see it.\n","raw_output":true,"stage":"Main","step":"i18n coverage","stepID":["4"],"time":"2026-09-10T02:00:39Z"}
{"dryrun":false,"executionTime":519570886,"job":"CI/Typecheck \u0026 Test","jobID":"verify","level":"info","matrix":{},"msg":"  ❌  Failure - Main i18n coverage [519.570886ms]","stage":"Main","step":"i18n coverage","stepID":["4"],"stepResult":"failure","time":"2026-09-10T02:00:39Z"}
{"dryrun":false,"job":"CI/Typecheck \u0026 Test","jobID":"verify","level":"error","matrix":{},"msg":"exitcode '1': failure","stage":"Main","step":"i18n coverage","stepID":["4"],"time":"2026-09-10T02:00:39Z"}
{"dryrun":false,"job":"CI/Typecheck \u0026 Test","jobID":"verify","level":"info","matrix":{},"msg":"⭐ Run Main Upload coverage report","stage":"Main","step":"Upload coverage report","stepID":["8"],"time":"2026-09-10T02:00:39Z"}
{"dryrun":false,"job":"CI/Typecheck \u0026 Test","jobID":"verify","level":"info","matrix":{},"msg":"GoGitActionCache get content actions/upload-artifact with sha ea165f8d65b6e75b540449e92b4886f43607fa02 subpath '' at /tmp/rb/72980b25947a/actions/actions-upload-artifact.git","stage":"Main","step":"Upload coverage report","stepID":["8"],"time":"2026-09-10T02:00:39Z"}
{"dryrun":false,"job":"CI/Typecheck \u0026 Test","jobID":"verify","level":"info","matrix":{},"msg":"  🐳  docker exec cmd=[/opt/acttoolcache/node/24.19.0/x64/bin/node /var/run/act/actions/actions-upload-artifact@v4/dist/upload/index.js] user= workdir=","stage":"Main","step":"Upload coverage report","stepID":["8"],"time":"2026-09-10T02:00:40Z"}
{"dryrun":false,"job":"CI/Typecheck \u0026 Test","jobID":"verify","level":"info","matrix":{},"msg":"(node:312) [DEP0040] DeprecationWarning: The `punycode` module is deprecated. Please use a userland alternative instead.\n","raw_output":true,"stage":"Main","step":"Upload coverage report","stepID":["8"],"time":"2026-09-10T02:00:40Z"}
{"dryrun":false,"job":"CI/Typecheck \u0026 Test","jobID":"verify","level":"info","matrix":{},"msg":"(Use `node --trace-deprecation ...` to show where the warning was created)\n","raw_output":true,"stage":"Main","step":"Upload coverage report","stepID":["8"],"time":"2026-09-10T02:00:40Z"}
{"arg":"No files were found with the provided path: coverage/. No artifacts will be uploaded.","command":"warning","dryrun":false,"job":"CI/Typecheck \u0026 Test","jobID":"verify","kvPairs":{},"level":"warning","matrix":{},"msg":"  🚧  ::warning::No files were found with the provided path: coverage/. No artifacts will be uploaded.\n","raw":"::warning::No files were found with the provided path: coverage/. No artifacts will be uploaded.\n","stage":"Main","step":"Upload coverage report","stepID":["8"],"time":"2026-09-10T02:00:40Z"}
{"dryrun":false,"executionTime":373685067,"job":"CI/Typecheck \u0026 Test","jobID":"verify","level":"info","matrix":{},"msg":"  ✅  Success - Main Upload coverage report [373.685067ms]","stage":"Main","step":"Upload coverage report","stepID":["8"],"stepResult":"success","time":"2026-09-10T02:00:40Z"}
{"dryrun":false,"job":"CI/Typecheck \u0026 Test","jobID":"verify","level":"info","matrix":{},"msg":"⭐ Run Main Coverage summary","stage":"Main","step":"Coverage summary","stepID":["9"],"time":"2026-09-10T02:00:40Z"}
{"dryrun":false,"job":"CI/Typecheck \u0026 Test","jobID":"verify","level":"info","matrix":{},"msg":"  🐳  docker exec cmd=[bash -e /var/run/act/workflow/9] user= workdir=","stage":"Main","step":"Coverage summary","stepID":["9"],"time":"2026-09-10T02:00:40Z"}
{"dryrun":false,"executionTime":70219129,"job":"CI/Typecheck \u0026 Test","jobID":"verify","level":"info","matrix":{},"msg":"  ✅  Success - Main Coverage summary [70.219129ms]","stage":"Main","step":"Coverage summary","stepID":["9"],"stepResult":"success","time":"2026-09-10T02:00:40Z"}
{"command":"summary","content":"No coverage summary produced.\n","dryrun":false,"job":"CI/Typecheck \u0026 Test","jobID":"verify","level":"info","matrix":{},"msg":"  ⚙  Summary - No coverage summary produced.\n","stage":"Main","step":"Coverage summary","stepID":["9"],"time":"2026-09-10T02:00:40Z"}
{"dryrun":false,"job":"CI/Typecheck \u0026 Test","jobID":"verify","level":"info","matrix":{},"msg":"  🐳  docker exec cmd=[/opt/acttoolcache/node/24.19.0/x64/bin/node /var/run/act/workflow/hashfiles/index.js] user= workdir=","stage":"Post","step":"Cache node_modules","stepID":["node-modules-cache"],"time":"2026-09-10T02:00:40Z"}
{"dryrun":false,"job":"CI/Typecheck \u0026 Test","jobID":"verify","level":"info","matrix":{},"msg":"⭐ Run Complete job","step":"Complete job","stepid":["--complete-job"],"time":"2026-09-10T02:00:40Z"}
{"dryrun":false,"job":"CI/Typecheck \u0026 Test","jobID":"verify","level":"info","matrix":{},"msg":"  ✅  Success - Complete job","step":"Complete job","stepResult":"success","stepid":["--complete-job"],"time":"2026-09-10T02:00:40Z"}
{"dryrun":false,"job":"CI/Typecheck \u0026 Test","jobID":"verify","jobResult":"failure","level":"info","matrix":{},"msg":"🏁  Job failed","time":"2026-09-10T02:00:40Z"}
Error: Job 'Typecheck & Test' failed

Result: INSUFFICIENT_EVIDENCE
Stage: MATCH
Cause: 
Evidence level: STEP
Remote failures: 0
Local failures: 0
Matched: 0
not enough matching step evidence or remote exit code
Report: /tmp/rb/72980b25947a/result.json
{
  "status": "INSUFFICIENT_EVIDENCE",
  "evidence_level": "STEP",
  "reason": "not enough matching step evidence or remote exit code",
  "remote": {
    "failure_count": 0,
    "level": "STEP",
    "step": "i18n coverage",
    "command": "npm run i18n:coverage",
    "exit": 1,
    "normalized_excerpt": [],
    "items": []
  },
  "local": {
    "failure_count": 0,
    "level": "STEP",
    "step": "i18n coverage",
    "command": "npm run i18n:coverage",
    "exit": 1,
    "normalized_excerpt": [],
    "items": []
  },
  "matched_fields": {
    "Identity": false,
    "Exception": false,
    "File": false,
    "Line": false,
    "Message": false,
    "Exit": true
  },
  "remote_failures": 0,
  "local_failures": 0,
  "matched_failures": 0
}
CLI elapsed: 260.163s (through final result)
