Evidence: ONLINE
Cache: HIT
Auth mode: token
Image: ghcr.io/catthehacker/ubuntu:act-latest (GENERIC_DEFAULT)
Network: bridge
Network Source: GENERIC_DEFAULT
Workflow      .github/workflows/ci.yml
Commit        3893a49b4c2c6e7c471997b4befaf01136045573
Job           unit [unit]
Matrix        map[]
Runner        ubuntu-latest
Failed step   Unit tests with coverage
Command       npm run test:coverage
Lock          /tmp/rb/fcd90158c882/runback.lock
NOTE          event payload is reconstructed; original secrets, caches, artifacts, runner VM and floating action/tool versions are not recoverable
NOTE          act uses a container approximation; the original job conditions and remaining steps are preserved
OK       git: /usr/bin/git
OK       docker: /usr/bin/docker
OK       act: /usr/local/bin/act
OK       Docker linux / 29.1.3
HOST     linux/amd64
AUTH     GitHub acquisition: RUNBACK_GITHUB_TOKEN > GH_TOKEN > anonymous; execution is isolated
{"level":"info","msg":"Using docker host 'unix:///var/run/docker.sock', and daemon socket '-'","time":"2026-09-10T12:02:43Z"}
{"dryrun":false,"job":"CI/unit","jobID":"unit","level":"info","matrix":{},"msg":"⭐ Run Set up job","step":"Set up job","stepid":["--setup-job"],"time":"2026-09-10T12:02:43Z"}
{"dryrun":false,"job":"CI/unit","jobID":"unit","level":"info","matrix":{},"msg":"🚀  Start image=ghcr.io/catthehacker/ubuntu:act-latest","step":"Set up job","stepid":["--setup-job"],"time":"2026-09-10T12:02:43Z"}
{"dryrun":false,"job":"CI/unit","jobID":"unit","level":"info","matrix":{},"msg":"  🐳  docker pull image=ghcr.io/catthehacker/ubuntu:act-latest platform=linux/amd64 username= forcePull=false","step":"Set up job","stepid":["--setup-job"],"time":"2026-09-10T12:02:43Z"}
{"dryrun":false,"job":"CI/unit","jobID":"unit","level":"info","matrix":{},"msg":"  🐳  docker create image=ghcr.io/catthehacker/ubuntu:act-latest platform=linux/amd64 entrypoint=[\"tail\" \"-f\" \"/dev/null\"] cmd=[] network=\"bridge\"","step":"Set up job","stepid":["--setup-job"],"time":"2026-09-10T12:02:44Z"}
{"dryrun":false,"job":"CI/unit","jobID":"unit","level":"info","matrix":{},"msg":"  🐳  docker run image=ghcr.io/catthehacker/ubuntu:act-latest platform=linux/amd64 entrypoint=[\"tail\" \"-f\" \"/dev/null\"] cmd=[] network=\"bridge\"","step":"Set up job","stepid":["--setup-job"],"time":"2026-09-10T12:02:44Z"}
{"dryrun":false,"job":"CI/unit","jobID":"unit","level":"info","matrix":{},"msg":"  🐳  docker exec cmd=[node --no-warnings -e console.log(process.execPath)] user= workdir=","step":"Set up job","stepid":["--setup-job"],"time":"2026-09-10T12:02:44Z"}
{"dryrun":false,"job":"CI/unit","jobID":"unit","level":"info","matrix":{},"msg":"  ✅  Success - Set up job","step":"Set up job","stepResult":"success","stepid":["--setup-job"],"time":"2026-09-10T12:02:44Z"}
{"dryrun":false,"job":"CI/unit","jobID":"unit","level":"info","matrix":{},"msg":"GoGitActionCache fetch https://github.com/actions/setup-node with ref v6 at /tmp/rb/fcd90158c882/actions/actions-setup-node.git","stage":"Pre","step":"actions/setup-node@v6","stepID":["1"],"time":"2026-09-10T12:02:45Z"}
{"dryrun":false,"job":"CI/unit","jobID":"unit","level":"info","matrix":{},"msg":"GoGitActionCache fetch https://github.com/actions/setup-node with ref v6 at /tmp/rb/fcd90158c882/actions/actions-setup-node.git resolved to 249970729cb0ef3589644e2896645e5dc5ba9c38","stage":"Pre","step":"actions/setup-node@v6","stepID":["1"],"time":"2026-09-10T12:02:47Z"}
{"dryrun":false,"job":"CI/unit","jobID":"unit","level":"info","matrix":{},"msg":"GoGitActionCache get content actions/setup-node with sha 249970729cb0ef3589644e2896645e5dc5ba9c38 subpath 'action.yml' at /tmp/rb/fcd90158c882/actions/actions-setup-node.git","stage":"Pre","step":"actions/setup-node@v6","stepID":["1"],"time":"2026-09-10T12:02:47Z"}
{"dryrun":false,"job":"CI/unit","jobID":"unit","level":"info","matrix":{},"msg":"⭐ Run Main actions/checkout@v6","stage":"Main","step":"actions/checkout@v6","stepID":["0"],"time":"2026-09-10T12:02:47Z"}
{"dryrun":false,"job":"CI/unit","jobID":"unit","level":"info","matrix":{},"msg":"  🐳  docker cp src=/tmp/rb/fcd90158c882/workspace/. dst=/tmp/rb/fcd90158c882/workspace","stage":"Main","step":"actions/checkout@v6","stepID":["0"],"time":"2026-09-10T12:02:47Z"}
{"dryrun":false,"executionTime":139094634,"job":"CI/unit","jobID":"unit","level":"info","matrix":{},"msg":"  ✅  Success - Main actions/checkout@v6 [139.094634ms]","stage":"Main","step":"actions/checkout@v6","stepID":["0"],"stepResult":"success","time":"2026-09-10T12:02:47Z"}
{"dryrun":false,"job":"CI/unit","jobID":"unit","level":"info","matrix":{},"msg":"⭐ Run Main actions/setup-node@v6","stage":"Main","step":"actions/setup-node@v6","stepID":["1"],"time":"2026-09-10T12:02:47Z"}
{"dryrun":false,"job":"CI/unit","jobID":"unit","level":"info","matrix":{},"msg":"GoGitActionCache get content actions/setup-node with sha 249970729cb0ef3589644e2896645e5dc5ba9c38 subpath '' at /tmp/rb/fcd90158c882/actions/actions-setup-node.git","stage":"Main","step":"actions/setup-node@v6","stepID":["1"],"time":"2026-09-10T12:02:47Z"}
{"dryrun":false,"job":"CI/unit","jobID":"unit","level":"info","matrix":{},"msg":"  🐳  docker exec cmd=[/opt/acttoolcache/node/24.19.0/x64/bin/node /var/run/act/actions/actions-setup-node@v6/dist/setup/index.js] user= workdir=","stage":"Main","step":"actions/setup-node@v6","stepID":["1"],"time":"2026-09-10T12:02:47Z"}
{"dryrun":false,"job":"CI/unit","jobID":"unit","level":"info","matrix":{},"msg":"Found in cache @ /opt/hostedtoolcache/node/24.20.0/x64\n","raw_output":true,"stage":"Main","step":"actions/setup-node@v6","stepID":["1"],"time":"2026-09-10T12:02:48Z"}
{"arg":"Environment details","command":"group","dryrun":false,"job":"CI/unit","jobID":"unit","kvPairs":{},"level":"info","matrix":{},"msg":"  ❓  ::group::Environment details\n","raw":"::group::Environment details\n","stage":"Main","step":"actions/setup-node@v6","stepID":["1"],"time":"2026-09-10T12:02:48Z"}
{"dryrun":false,"job":"CI/unit","jobID":"unit","level":"info","matrix":{},"msg":"node: v24.20.0\n","raw_output":true,"stage":"Main","step":"actions/setup-node@v6","stepID":["1"],"time":"2026-09-10T12:02:50Z"}
{"dryrun":false,"job":"CI/unit","jobID":"unit","level":"info","matrix":{},"msg":"npm: 11.19.0\n","raw_output":true,"stage":"Main","step":"actions/setup-node@v6","stepID":["1"],"time":"2026-09-10T12:02:50Z"}
{"dryrun":false,"job":"CI/unit","jobID":"unit","level":"info","matrix":{},"msg":"yarn: 1.22.22\n","raw_output":true,"stage":"Main","step":"actions/setup-node@v6","stepID":["1"],"time":"2026-09-10T12:02:50Z"}
{"arg":"","command":"endgroup","dryrun":false,"job":"CI/unit","jobID":"unit","kvPairs":{},"level":"info","matrix":{},"msg":"  ❓  ::endgroup::\n","raw":"::endgroup::\n","stage":"Main","step":"actions/setup-node@v6","stepID":["1"],"time":"2026-09-10T12:02:50Z"}
{"arg":"/run/act/actions/actions-setup-node@v6/.github/tsc.json","command":"add-matcher","dryrun":false,"job":"CI/unit","jobID":"unit","kvPairs":{},"level":"info","matrix":{},"msg":"  ❓ add-matcher /run/act/actions/actions-setup-node@v6/.github/tsc.json","raw":"##[add-matcher]/run/act/actions/actions-setup-node@v6/.github/tsc.json\n","stage":"Main","step":"actions/setup-node@v6","stepID":["1"],"time":"2026-09-10T12:02:50Z"}
{"arg":"/run/act/actions/actions-setup-node@v6/.github/eslint-stylish.json","command":"add-matcher","dryrun":false,"job":"CI/unit","jobID":"unit","kvPairs":{},"level":"info","matrix":{},"msg":"  ❓ add-matcher /run/act/actions/actions-setup-node@v6/.github/eslint-stylish.json","raw":"##[add-matcher]/run/act/actions/actions-setup-node@v6/.github/eslint-stylish.json\n","stage":"Main","step":"actions/setup-node@v6","stepID":["1"],"time":"2026-09-10T12:02:50Z"}
{"arg":"/run/act/actions/actions-setup-node@v6/.github/eslint-compact.json","command":"add-matcher","dryrun":false,"job":"CI/unit","jobID":"unit","kvPairs":{},"level":"info","matrix":{},"msg":"  ❓ add-matcher /run/act/actions/actions-setup-node@v6/.github/eslint-compact.json","raw":"##[add-matcher]/run/act/actions/actions-setup-node@v6/.github/eslint-compact.json\n","stage":"Main","step":"actions/setup-node@v6","stepID":["1"],"time":"2026-09-10T12:02:50Z"}
{"dryrun":false,"executionTime":3337368762,"job":"CI/unit","jobID":"unit","level":"info","matrix":{},"msg":"  ✅  Success - Main actions/setup-node@v6 [3.337368762s]","stage":"Main","step":"actions/setup-node@v6","stepID":["1"],"stepResult":"success","time":"2026-09-10T12:02:50Z"}
{"arg":"v24.20.0","command":"set-output","dryrun":false,"job":"CI/unit","jobID":"unit","level":"info","matrix":{},"msg":"  ⚙  ::set-output:: node-version=v24.20.0","name":"node-version","stage":"Main","step":"actions/setup-node@v6","stepID":["1"],"time":"2026-09-10T12:02:50Z"}
{"arg":"/opt/hostedtoolcache/node/24.20.0/x64/bin","command":"add-path","dryrun":false,"job":"CI/unit","jobID":"unit","level":"info","matrix":{},"msg":"  ⚙  ::add-path:: /opt/hostedtoolcache/node/24.20.0/x64/bin","stage":"Main","step":"actions/setup-node@v6","stepID":["1"],"time":"2026-09-10T12:02:51Z"}
{"dryrun":false,"job":"CI/unit","jobID":"unit","level":"info","matrix":{},"msg":"⭐ Run Main npm install --legacy-peer-deps","stage":"Main","step":"npm install --legacy-peer-deps","stepID":["2"],"time":"2026-09-10T12:02:51Z"}
{"dryrun":false,"job":"CI/unit","jobID":"unit","level":"info","matrix":{},"msg":"  🐳  docker exec cmd=[bash -e /var/run/act/workflow/2] user= workdir=","stage":"Main","step":"npm install --legacy-peer-deps","stepID":["2"],"time":"2026-09-10T12:02:51Z"}
{"dryrun":false,"job":"CI/unit","jobID":"unit","level":"info","matrix":{},"msg":"\n","raw_output":true,"stage":"Main","step":"npm install --legacy-peer-deps","stepID":["2"],"time":"2026-09-10T12:04:34Z"}
{"dryrun":false,"job":"CI/unit","jobID":"unit","level":"info","matrix":{},"msg":"\u003e svelte-widgets@1.8.0 prepare\n","raw_output":true,"stage":"Main","step":"npm install --legacy-peer-deps","stepID":["2"],"time":"2026-09-10T12:04:34Z"}
{"dryrun":false,"job":"CI/unit","jobID":"unit","level":"info","matrix":{},"msg":"\u003e vp config --no-agent \u0026\u0026 npm run package\n","raw_output":true,"stage":"Main","step":"npm install --legacy-peer-deps","stepID":["2"],"time":"2026-09-10T12:04:34Z"}
{"dryrun":false,"job":"CI/unit","jobID":"unit","level":"info","matrix":{},"msg":"\n","raw_output":true,"stage":"Main","step":"npm install --legacy-peer-deps","stepID":["2"],"time":"2026-09-10T12:04:34Z"}
{"dryrun":false,"job":"CI/unit","jobID":"unit","level":"info","matrix":{},"msg":".git can't be found\n","raw_output":true,"stage":"Main","step":"npm install --legacy-peer-deps","stepID":["2"],"time":"2026-09-10T12:04:34Z"}
{"dryrun":false,"job":"CI/unit","jobID":"unit","level":"info","matrix":{},"msg":"\n","raw_output":true,"stage":"Main","step":"npm install --legacy-peer-deps","stepID":["2"],"time":"2026-09-10T12:04:35Z"}
{"dryrun":false,"job":"CI/unit","jobID":"unit","level":"info","matrix":{},"msg":"\u003e svelte-widgets@1.8.0 package\n","raw_output":true,"stage":"Main","step":"npm install --legacy-peer-deps","stepID":["2"],"time":"2026-09-10T12:04:35Z"}
{"dryrun":false,"job":"CI/unit","jobID":"unit","level":"info","matrix":{},"msg":"\u003e npm run gen:icons \u0026\u0026 svelte-package \u0026\u0026 node scripts/finalize-package.ts\n","raw_output":true,"stage":"Main","step":"npm install --legacy-peer-deps","stepID":["2"],"time":"2026-09-10T12:04:35Z"}
{"dryrun":false,"job":"CI/unit","jobID":"unit","level":"info","matrix":{},"msg":"\n","raw_output":true,"stage":"Main","step":"npm install --legacy-peer-deps","stepID":["2"],"time":"2026-09-10T12:04:35Z"}
{"dryrun":false,"job":"CI/unit","jobID":"unit","level":"info","matrix":{},"msg":"\n","raw_output":true,"stage":"Main","step":"npm install --legacy-peer-deps","stepID":["2"],"time":"2026-09-10T12:04:35Z"}
{"dryrun":false,"job":"CI/unit","jobID":"unit","level":"info","matrix":{},"msg":"\u003e svelte-widgets@1.8.0 gen:icons\n","raw_output":true,"stage":"Main","step":"npm install --legacy-peer-deps","stepID":["2"],"time":"2026-09-10T12:04:35Z"}
{"dryrun":false,"job":"CI/unit","jobID":"unit","level":"info","matrix":{},"msg":"\u003e node --experimental-strip-types scripts/generate-icons.ts\n","raw_output":true,"stage":"Main","step":"npm install --legacy-peer-deps","stepID":["2"],"time":"2026-09-10T12:04:35Z"}
{"dryrun":false,"job":"CI/unit","jobID":"unit","level":"info","matrix":{},"msg":"\n","raw_output":true,"stage":"Main","step":"npm install --legacy-peer-deps","stepID":["2"],"time":"2026-09-10T12:04:35Z"}
{"dryrun":false,"job":"CI/unit","jobID":"unit","level":"info","matrix":{},"msg":"generated 1884 icons from 13 sets\n","raw_output":true,"stage":"Main","step":"npm install --legacy-peer-deps","stepID":["2"],"time":"2026-09-10T12:04:36Z"}
{"dryrun":false,"job":"CI/unit","jobID":"unit","level":"info","matrix":{},"msg":"src/lib -\u003e dist\n","raw_output":true,"stage":"Main","step":"npm install --legacy-peer-deps","stepID":["2"],"time":"2026-09-10T12:04:48Z"}
{"dryrun":false,"job":"CI/unit","jobID":"unit","level":"info","matrix":{},"msg":"\n","raw_output":true,"stage":"Main","step":"npm install --legacy-peer-deps","stepID":["2"],"time":"2026-09-10T12:04:51Z"}
{"dryrun":false,"job":"CI/unit","jobID":"unit","level":"info","matrix":{},"msg":"added 186 packages, and audited 187 packages in 2m\n","raw_output":true,"stage":"Main","step":"npm install --legacy-peer-deps","stepID":["2"],"time":"2026-09-10T12:04:51Z"}
{"dryrun":false,"job":"CI/unit","jobID":"unit","level":"info","matrix":{},"msg":"\n","raw_output":true,"stage":"Main","step":"npm install --legacy-peer-deps","stepID":["2"],"time":"2026-09-10T12:04:51Z"}
{"dryrun":false,"job":"CI/unit","jobID":"unit","level":"info","matrix":{},"msg":"38 packages are looking for funding\n","raw_output":true,"stage":"Main","step":"npm install --legacy-peer-deps","stepID":["2"],"time":"2026-09-10T12:04:51Z"}
{"dryrun":false,"job":"CI/unit","jobID":"unit","level":"info","matrix":{},"msg":"  run `npm fund` for details\n","raw_output":true,"stage":"Main","step":"npm install --legacy-peer-deps","stepID":["2"],"time":"2026-09-10T12:04:51Z"}
{"dryrun":false,"job":"CI/unit","jobID":"unit","level":"info","matrix":{},"msg":"\n","raw_output":true,"stage":"Main","step":"npm install --legacy-peer-deps","stepID":["2"],"time":"2026-09-10T12:04:51Z"}
{"dryrun":false,"job":"CI/unit","jobID":"unit","level":"info","matrix":{},"msg":"2 low severity vulnerabilities\n","raw_output":true,"stage":"Main","step":"npm install --legacy-peer-deps","stepID":["2"],"time":"2026-09-10T12:04:51Z"}
{"dryrun":false,"job":"CI/unit","jobID":"unit","level":"info","matrix":{},"msg":"\n","raw_output":true,"stage":"Main","step":"npm install --legacy-peer-deps","stepID":["2"],"time":"2026-09-10T12:04:51Z"}
{"dryrun":false,"job":"CI/unit","jobID":"unit","level":"info","matrix":{},"msg":"To address all issues (including breaking changes), run:\n","raw_output":true,"stage":"Main","step":"npm install --legacy-peer-deps","stepID":["2"],"time":"2026-09-10T12:04:51Z"}
{"dryrun":false,"job":"CI/unit","jobID":"unit","level":"info","matrix":{},"msg":"  npm audit fix --force\n","raw_output":true,"stage":"Main","step":"npm install --legacy-peer-deps","stepID":["2"],"time":"2026-09-10T12:04:51Z"}
{"dryrun":false,"job":"CI/unit","jobID":"unit","level":"info","matrix":{},"msg":"\n","raw_output":true,"stage":"Main","step":"npm install --legacy-peer-deps","stepID":["2"],"time":"2026-09-10T12:04:51Z"}
{"dryrun":false,"job":"CI/unit","jobID":"unit","level":"info","matrix":{},"msg":"Run `npm audit` for details.\n","raw_output":true,"stage":"Main","step":"npm install --legacy-peer-deps","stepID":["2"],"time":"2026-09-10T12:04:51Z"}
{"dryrun":false,"executionTime":120272183140,"job":"CI/unit","jobID":"unit","level":"info","matrix":{},"msg":"  ✅  Success - Main npm install --legacy-peer-deps [2m0.27218314s]","stage":"Main","step":"npm install --legacy-peer-deps","stepID":["2"],"stepResult":"success","time":"2026-09-10T12:04:51Z"}
{"dryrun":false,"job":"CI/unit","jobID":"unit","level":"info","matrix":{},"msg":"⭐ Run Main Unit tests with coverage","stage":"Main","step":"Unit tests with coverage","stepID":["3"],"time":"2026-09-10T12:04:51Z"}
{"dryrun":false,"job":"CI/unit","jobID":"unit","level":"info","matrix":{},"msg":"  🐳  docker exec cmd=[bash -e /var/run/act/workflow/3] user= workdir=","stage":"Main","step":"Unit tests with coverage","stepID":["3"],"time":"2026-09-10T12:04:51Z"}
{"dryrun":false,"job":"CI/unit","jobID":"unit","level":"info","matrix":{},"msg":"\n","raw_output":true,"stage":"Main","step":"Unit tests with coverage","stepID":["3"],"time":"2026-09-10T12:04:51Z"}
{"dryrun":false,"job":"CI/unit","jobID":"unit","level":"info","matrix":{},"msg":"\u003e svelte-widgets@1.8.0 test:coverage\n","raw_output":true,"stage":"Main","step":"Unit tests with coverage","stepID":["3"],"time":"2026-09-10T12:04:51Z"}
{"dryrun":false,"job":"CI/unit","jobID":"unit","level":"info","matrix":{},"msg":"\u003e vitest run --coverage\n","raw_output":true,"stage":"Main","step":"Unit tests with coverage","stepID":["3"],"time":"2026-09-10T12:04:51Z"}
{"dryrun":false,"job":"CI/unit","jobID":"unit","level":"info","matrix":{},"msg":"\n","raw_output":true,"stage":"Main","step":"Unit tests with coverage","stepID":["3"],"time":"2026-09-10T12:04:51Z"}
{"dryrun":false,"job":"CI/unit","jobID":"unit","level":"info","matrix":{},"msg":"\n","raw_output":true,"stage":"Main","step":"Unit tests with coverage","stepID":["3"],"time":"2026-09-10T12:04:55Z"}
{"dryrun":false,"job":"CI/unit","jobID":"unit","level":"info","matrix":{},"msg":"\u001b[1m\u001b[30m\u001b[46m RUN \u001b[49m\u001b[39m\u001b[22m \u001b[36mv5.0.0 \u001b[39m\u001b[90m/tmp/rb/fcd90158c882/workspace\u001b[39m\n","raw_output":true,"stage":"Main","step":"Unit tests with coverage","stepID":["3"],"time":"2026-09-10T12:04:55Z"}
{"dryrun":false,"job":"CI/unit","jobID":"unit","level":"info","matrix":{},"msg":"      \u001b[2mCoverage enabled with \u001b[22m\u001b[33mv8\u001b[39m\n","raw_output":true,"stage":"Main","step":"Unit tests with coverage","stepID":["3"],"time":"2026-09-10T12:04:55Z"}
{"dryrun":false,"job":"CI/unit","jobID":"unit","level":"info","matrix":{},"msg":"\n","raw_output":true,"stage":"Main","step":"Unit tests with coverage","stepID":["3"],"time":"2026-09-10T12:04:55Z"}
{"dryrun":false,"job":"CI/unit","jobID":"unit","level":"info","matrix":{},"msg":" \u001b[31m❯\u001b[39m tests/vitest/toc.svelte.test.ts \u001b[2m(\u001b[22m\u001b[2m114 tests\u001b[22m\u001b[2m | \u001b[22m\u001b[31m3 failed\u001b[39m\u001b[2m)\u001b[22m\u001b[33m 3018\u001b[2mms\u001b[22m\u001b[39m\n","raw_output":true,"stage":"Main","step":"Unit tests with coverage","stepID":["3"],"time":"2026-09-10T12:05:03Z"}
{"dryrun":false,"job":"CI/unit","jobID":"unit","level":"info","matrix":{},"msg":"   \u001b[31m❯\u001b[39m Toc \u001b[2m(80)\u001b[22m\n","raw_output":true,"stage":"Main","step":"Unit tests with coverage","stepID":["3"],"time":"2026-09-10T12:05:03Z"}
{"dryrun":false,"job":"CI/unit","jobID":"unit","level":"info","matrix":{},"msg":"     \u001b[32m✓\u001b[39m supplemental navigation remains usable without headings at width 390\u001b[32m 192\u001b[2mms\u001b[22m\u001b[39m\n","raw_output":true,"stage":"Main","step":"Unit tests with coverage","stepID":["3"],"time":"2026-09-10T12:05:03Z"}
{"dryrun":false,"job":"CI/unit","jobID":"unit","level":"info","matrix":{},"msg":"     \u001b[32m✓\u001b[39m supplemental navigation remains usable without headings at width 1200\u001b[32m 16\u001b[2mms\u001b[22m\u001b[39m\n","raw_output":true,"stage":"Main","step":"Unit tests with coverage","stepID":["3"],"time":"2026-09-10T12:05:03Z"}
{"dryrun":false,"job":"CI/unit","jobID":"unit","level":"info","matrix":{},"msg":"     \u001b[32m✓\u001b[39m renders default title element\u001b[32m 9\u001b[2mms\u001b[22m\u001b[39m\n","raw_output":true,"stage":"Main","step":"Unit tests with coverage","stepID":["3"],"time":"2026-09-10T12:05:03Z"}
{"dryrun":false,"job":"CI/unit","jobID":"unit","level":"info","matrix":{},"msg":"     \u001b[32m✓\u001b[39m ToC lists expected headings for heading_selector='undefined'\u001b[32m 28\u001b[2mms\u001b[22m\u001b[39m\n","raw_output":true,"stage":"Main","step":"Unit tests with coverage","stepID":["3"],"time":"2026-09-10T12:05:03Z"}
{"dryrun":false,"job":"CI/unit","jobID":"unit","level":"info","matrix":{},"msg":"     \u001b[32m✓\u001b[39m ToC lists expected headings for heading_selector='body \u003e :is(h1, h2, h3, h4, h5, h6)'\u001b[32m 29\u001b[2mms\u001b[22m\u001b[39m\n","raw_output":true,"stage":"Main","step":"Unit tests with coverage","stepID":["3"],"time":"2026-09-10T12:05:03Z"}
{"dryrun":false,"job":"CI/unit","jobID":"unit","level":"info","matrix":{},"msg":"     \u001b[32m✓\u001b[39m ToC lists expected headings for heading_selector='h1'\u001b[32m 14\u001b[2mms\u001b[22m\u001b[39m\n","raw_output":true,"stage":"Main","step":"Unit tests with coverage","stepID":["3"],"time":"2026-09-10T12:05:03Z"}
{"dryrun":false,"job":"CI/unit","jobID":"unit","level":"info","matrix":{},"msg":"     \u001b[32m✓\u001b[39m default exclusion with custom heading_selector\u001b[32m 21\u001b[2mms\u001b[22m\u001b[39m\n","raw_output":true,"stage":"Main","step":"Unit tests with coverage","stepID":["3"],"time":"2026-09-10T12:05:03Z"}
{"dryrun":false,"job":"CI/unit","jobID":"unit","level":"info","matrix":{},"msg":"     \u001b[32m✓\u001b[39m custom exclusion with custom heading_selector\u001b[32m 24\u001b[2mms\u001b[22m\u001b[39m\n","raw_output":true,"stage":"Main","step":"Unit tests with coverage","stepID":["3"],"time":"2026-09-10T12:05:03Z"}
{"dryrun":false,"job":"CI/unit","jobID":"unit","level":"info","matrix":{},"msg":"     \u001b[32m✓\u001b[39m disabled exclusion with custom heading_selector\u001b[32m 37\u001b[2mms\u001b[22m\u001b[39m\n","raw_output":true,"stage":"Main","step":"Unit tests with coverage","stepID":["3"],"time":"2026-09-10T12:05:03Z"}
{"dryrun":false,"job":"CI/unit","jobID":"unit","level":"info","matrix":{},"msg":"     \u001b[32m✓\u001b[39m get_heading_data customizes listed headings\u001b[32m 24\u001b[2mms\u001b[22m\u001b[39m\n","raw_output":true,"stage":"Main","step":"Unit tests with coverage","stepID":["3"],"time":"2026-09-10T12:05:03Z"}
{"dryrun":false,"job":"CI/unit","jobID":"unit","level":"info","matrix":{},"msg":"     \u001b[32m✓\u001b[39m encoded fragment links keep native navigation and existing history state\u001b[32m 13\u001b[2mms\u001b[22m\u001b[39m\n","raw_output":true,"stage":"Main","step":"Unit tests with coverage","stepID":["3"],"time":"2026-09-10T12:05:03Z"}
{"dryrun":false,"job":"CI/unit","jobID":"unit","level":"info","matrix":{},"msg":"     \u001b[32m✓\u001b[39m existing heading ids stay the fragment target over get_heading_data ids\u001b[32m 32\u001b[2mms\u001b[22m\u001b[39m\n","raw_output":true,"stage":"Main","step":"Unit tests with coverage","stepID":["3"],"time":"2026-09-10T12:05:03Z"}
{"dryrun":false,"job":"CI/unit","jobID":"unit","level":"info","matrix":{},"msg":"     \u001b[32m✓\u001b[39m static metadata keeps matching item indexes for id=second\u001b[32m 8\u001b[2mms\u001b[22m\u001b[39m\n","raw_output":true,"stage":"Main","step":"Unit tests with coverage","stepID":["3"],"time":"2026-09-10T12:05:03Z"}
{"dryrun":false,"job":"CI/unit","jobID":"unit","level":"info","matrix":{},"msg":"\u001b[31m     \u001b[31m×\u001b[31m static metadata keeps matching item indexes for id=sec:1\u001b[39m\u001b[32m 25\u001b[2mms\u001b[22m\u001b[39m\n","raw_output":true,"stage":"Main","step":"Unit tests with coverage","stepID":["3"],"time":"2026-09-10T12:05:03Z"}
{"dryrun":false,"job":"CI/unit","jobID":"unit","level":"info","matrix":{},"msg":"\u001b[31m     \u001b[31m×\u001b[31m static metadata keeps matching item indexes for id=123\u001b[39m\u001b[32m 28\u001b[2mms\u001b[22m\u001b[39m\n","raw_output":true,"stage":"Main","step":"Unit tests with coverage","stepID":["3"],"time":"2026-09-10T12:05:03Z"}
{"dryrun":false,"job":"CI/unit","jobID":"unit","level":"info","matrix":{},"msg":"\u001b[31m     \u001b[31m×\u001b[31m static metadata keeps matching item indexes for id=part.one\u001b[39m\u001b[32m 7\u001b[2mms\u001b[22m\u001b[39m\n","raw_output":true,"stage":"Main","step":"Unit tests with coverage","stepID":["3"],"time":"2026-09-10T12:05:03Z"}
{"dryrun":false,"job":"CI/unit","jobID":"unit","level":"info","matrix":{},"msg":"     \u001b[32m✓\u001b[39m Heading keeps its identity and link synchronized with dynamic props\u001b[32m 11\u001b[2mms\u001b[22m\u001b[39m\n","raw_output":true,"stage":"Main","step":"Unit tests with coverage","stepID":["3"],"time":"2026-09-10T12:05:03Z"}
{"dryrun":false,"job":"CI/unit","jobID":"unit","level":"info","matrix":{},"msg":"     \u001b[32m✓\u001b[39m DOM observation is opt-in\u001b[32m 11\u001b[2mms\u001b[22m\u001b[39m\n","raw_output":true,"stage":"Main","step":"Unit tests with coverage","stepID":["3"],"time":"2026-09-10T12:05:03Z"}
{"dryrun":false,"job":"CI/unit","jobID":"unit","level":"info","matrix":{},"msg":"     \u001b[32m✓\u001b[39m ignores headings without IDs and never mutates their markup\u001b[32m 13\u001b[2mms\u001b[22m\u001b[39m\n","raw_output":true,"stage":"Main","step":"Unit tests with coverage","stepID":["3"],"time":"2026-09-10T12:05:03Z"}
{"dryrun":false,"job":"CI/unit","jobID":"unit","level":"info","matrix":{},"msg":"     \u001b[32m✓\u001b[39m toc_item snippet replaces default link content\u001b[32m 14\u001b[2mms\u001b[22m\u001b[39m\n","raw_output":true,"stage":"Main","step":"Unit tests with coverage","stepID":["3"],"time":"2026-09-10T12:05:03Z"}
{"dryrun":false,"job":"CI/unit","jobID":"unit","level":"info","matrix":{},"msg":"     \u001b[32m✓\u001b[39m toc_item anchor keeps its own click behavior\u001b[32m 17\u001b[2mms\u001b[22m\u001b[39m\n","raw_output":true,"stage":"Main","step":"Unit tests with coverage","stepID":["3"],"time":"2026-09-10T12:05:03Z"}
{"dryrun":false,"job":"CI/unit","jobID":"unit","level":"info","matrix":{},"msg":"     \u001b[32m✓\u001b[39m toc_item button keeps its own click behavior\u001b[32m 27\u001b[2mms\u001b[22m\u001b[39m\n","raw_output":true,"stage":"Main","step":"Unit tests with coverage","stepID":["3"],"time":"2026-09-10T12:05:03Z"}
{"dryrun":false,"job":"CI/unit","jobID":"unit","level":"info","matrix":{},"msg":"     \u001b[32m✓\u001b[39m toc_item non-interactive span scrolls to the hea…\u001b[32m 24\u001b[2mms\u001b[22m\u001b[39m\n","raw_output":true,"stage":"Main","step":"Unit tests with coverage","stepID":["3"],"time":"2026-09-10T12:05:03Z"}
{"dryrun":false,"job":"CI/unit","jobID":"unit","level":"info","matrix":{},"msg":"     \u001b[32m✓\u001b[39m toc_item text fields keep their own arrow keys\u001b[32m 12\u001b[2mms\u001b[22m\u001b[39m\n","raw_output":true,"stage":"Main","step":"Unit tests with coverage","stepID":["3"],"time":"2026-09-10T12:05:03Z"}
{"dryrun":false,"job":"CI/unit","jobID":"unit","level":"info","matrix":{},"msg":"     \u001b[32m✓\u001b[39m modified clicks on ToC links keep native browser behavior\u001b[32m 7\u001b[2mms\u001b[22m\u001b[39m\n","raw_output":true,"stage":"Main","step":"Unit tests with coverage","stepID":["3"],"time":"2026-09-10T12:05:03Z"}
{"dryrun":false,"job":"CI/unit","jobID":"unit","level":"info","matrix":{},"msg":"     \u001b[32m✓\u001b[39m flash_clicked_headings_for_ms removes the clicked-heading class\u001b[32m 13\u001b[2mms\u001b[22m\u001b[39m\n","raw_output":true,"stage":"Main","step":"Unit tests with coverage","stepID":["3"],"time":"2026-09-10T12:05:03Z"}
{"dryrun":false,"job":"CI/unit","jobID":"unit","level":"info","matrix":{},"msg":"     \u001b[32m✓\u001b[39m throws for invalid selectors {\"heading_selector\":\"[\"}\u001b[32m 10\u001b[2mms\u001b[22m\u001b[39m\n","raw_output":true,"stage":"Main","step":"Unit tests with coverage","stepID":["3"],"time":"2026-09-10T12:05:03Z"}
{"dryrun":false,"job":"CI/unit","jobID":"unit","level":"info","matrix":{},"msg":"     \u001b[32m✓\u001b[39m throws for invalid selectors {\"exclude_selector\":\"((\"}\u001b[32m 13\u001b[2mms\u001b[22m\u001b[39m\n","raw_output":true,"stage":"Main","step":"Unit tests with coverage","stepID":["3"],"time":"2026-09-10T12:05:03Z"}
{"dryrun":false,"job":"CI/unit","jobID":"unit","level":"info","matrix":{},"msg":"     \u001b[32m✓\u001b[39m throws for invalid selectors {\"hide_on_intersect\":\"[invalid\"}\u001b[32m 7\u001b[2mms\u001b[22m\u001b[39m\n","raw_output":true,"stage":"Main","step":"Unit tests with coverage","stepID":["3"],"time":"2026-09-10T12:05:03Z"}
{"dryrun":false,"job":"CI/unit","jobID":"unit","level":"info","matrix":{},"msg":"     \u001b[32m✓\u001b[39m auto_hide=true with heading_selector='undefined' on an empty page\u001b[32m 9\u001b[2mms\u001b[22m\u001b[39m\n","raw_output":true,"stage":"Main","step":"Unit tests with coverage","stepID":["3"],"time":"2026-09-10T12:05:03Z"}
{"dryrun":false,"job":"CI/unit","jobID":"unit","level":"info","matrix":{},"msg":"     \u001b[32m✓\u001b[39m auto_hide=false with heading_selector='undefined' on an empty page\u001b[32m 6\u001b[2mms\u001b[22m\u001b[39m\n","raw_output":true,"stage":"Main","step":"Unit tests with coverage","stepID":["3"],"time":"2026-09-10T12:05:03Z"}
{"dryrun":false,"job":"CI/unit","jobID":"unit","level":"info","matrix":{},"msg":"     \u001b[32m✓\u001b[39m auto_hide=true with heading_selector='foobar' on an empty page\u001b[32m 6\u001b[2mms\u001b[22m\u001b[39m\n","raw_output":true,"stage":"Main","step":"Unit tests with coverage","stepID":["3"],"time":"2026-09-10T12:05:03Z"}
{"dryrun":false,"job":"CI/unit","jobID":"unit","level":"info","matrix":{},"msg":"     \u001b[32m✓\u001b[39m auto_hide=false with heading_selector='foobar' on an empty page\u001b[32m 5\u001b[2mms\u001b[22m\u001b[39m\n","raw_output":true,"stage":"Main","step":"Unit tests with coverage","stepID":["3"],"time":"2026-09-10T12:05:03Z"}
{"dryrun":false,"job":"CI/unit","jobID":"unit","level":"info","matrix":{},"msg":"     \u001b[32m✓\u001b[39m auto_hide=true with heading_selector='h2' on an empty page\u001b[32m 8\u001b[2mms\u001b[22m\u001b[39m\n","raw_output":true,"stage":"Main","step":"Unit tests with coverage","stepID":["3"],"time":"2026-09-10T12:05:03Z"}
{"dryrun":false,"job":"CI/unit","jobID":"unit","level":"info","matrix":{},"msg":"     \u001b[32m✓\u001b[39m auto_hide=false with heading_selector='h2' on an empty page\u001b[32m 5\u001b[2mms\u001b[22m\u001b[39m\n","raw_output":true,"stage":"Main","step":"Unit tests with coverage","stepID":["3"],"time":"2026-09-10T12:05:03Z"}
{"dryrun":false,"job":"CI/unit","jobID":"unit","level":"info","matrix":{},"msg":"     \u001b[32m✓\u001b[39m auto_hide=true with heading_selector='h4' on an empty page\u001b[32m 7\u001b[2mms\u001b[22m\u001b[39m\n","raw_output":true,"stage":"Main","step":"Unit tests with coverage","stepID":["3"],"time":"2026-09-10T12:05:03Z"}
{"dryrun":false,"job":"CI/unit","jobID":"unit","level":"info","matrix":{},"msg":"     \u001b[32m✓\u001b[39m auto_hide=false with heading_selector='h4' on an empty page\u001b[32m 5\u001b[2mms\u001b[22m\u001b[39m\n","raw_output":true,"stage":"Main","step":"Unit tests with coverage","stepID":["3"],"time":"2026-09-10T12:05:03Z"}
{"dryrun":false,"job":"CI/unit","jobID":"unit","level":"info","matrix":{},"msg":"     \u001b[32m✓\u001b[39m warn_on_empty=true stays consistent across later mutations\u001b[32m 8\u001b[2mms\u001b[22m\u001b[39m\n","raw_output":true,"stage":"Main","step":"Unit tests with coverage","stepID":["3"],"time":"2026-09-10T12:05:03Z"}
{"dryrun":false,"job":"CI/unit","jobID":"unit","level":"info","matrix":{},"msg":"     \u001b[32m✓\u001b[39m warn_on_empty=false stays consistent across later mutations\u001b[32m 6\u001b[2mms\u001b[22m\u001b[39m\n","raw_output":true,"stage":"Main","step":"Unit tests with coverage","stepID":["3"],"time":"2026-09-10T12:05:03Z"}
{"dryrun":false,"job":"CI/unit","jobID":"unit","level":"info","matrix":{},"msg":"     \u001b[32m✓\u001b[39m levels=[1,2,3,4] with min_items=1 renders 3 items\u001b[32m 26\u001b[2mms\u001b[22m\u001b[39m\n","raw_output":true,"stage":"Main","step":"Unit tests with coverage","stepID":["3"],"time":"2026-09-10T12:05:03Z"}
{"dryrun":false,"job":"CI/unit","jobID":"unit","level":"info","matrix":{},"msg":"     \u001b[32m✓\u001b[39m levels=[1,2,3,4] with min_items=3 renders 3 items\u001b[32m 21\u001b[2mms\u001b[22m\u001b[39m\n","raw_output":true,"stage":"Main","step":"Unit tests with coverage","stepID":["3"],"time":"2026-09-10T12:05:03Z"}
{"dryrun":false,"job":"CI/unit","jobID":"unit","level":"info","matrix":{},"msg":"     \u001b[32m✓\u001b[39m levels=[1,2,3,4] with min_items=4 renders 0 items\u001b[32m 8\u001b[2mms\u001b[22m\u001b[39m\n","raw_output":true,"stage":"Main","step":"Unit tests with coverage","stepID":["3"],"time":"2026-09-10T12:05:03Z"}
{"dryrun":false,"job":"CI/unit","jobID":"unit","level":"info","matrix":{},"msg":"     \u001b[32m✓\u001b[39m levels=[1,5,6] with min_items=1 renders 0 items\u001b[32m 6\u001b[2mms\u001b[22m\u001b[39m\n","raw_output":true,"stage":"Main","step":"Unit tests with coverage","stepID":["3"],"time":"2026-09-10T12:05:03Z"}
{"dryrun":false,"job":"CI/unit","jobID":"unit","level":"info","matrix":{},"msg":"     \u001b[32m✓\u001b[39m should handle custom breakpoint with small=400, breakpoint=500, large=600\u001b[32m 19\u001b[2mms\u001b[22m\u001b[39m\n","raw_output":true,"stage":"Main","step":"Unit tests with coverage","stepID":["3"],"time":"2026-09-10T12:05:03Z"}
{"dryrun":false,"job":"CI/unit","jobID":"unit","level":"info","matrix":{},"msg":"     \u001b[32m✓\u001b[39m should handle custom breakpoint with small=700, breakpoint=800, large=900\u001b[32m 21\u001b[2mms\u001b[22m\u001b[39m\n","raw_output":true,"stage":"Main","step":"Unit tests with coverage","stepID":["3"],"time":"2026-09-10T12:05:03Z"}
{"dryrun":false,"job":"CI/unit","jobID":"unit","level":"info","matrix":{},"msg":"     \u001b[32m✓\u001b[39m should handle custom breakpoint with small=999, breakpoint=1000, large=1001\u001b[32m 21\u001b[2mms\u001b[22m\u001b[39m\n","raw_output":true,"stage":"Main","step":"Unit tests with coverage","stepID":["3"],"time":"2026-09-10T12:05:03Z"}
{"dryrun":false,"job":"CI/unit","jobID":"unit","level":"info","matrix":{},"msg":"     \u001b[32m✓\u001b[39m on_open_change handler receives open state, desktop state, and trigger\u001b[32m 37\u001b[2mms\u001b[22m\u001b[39m\n","raw_output":true,"stage":"Main","step":"Unit tests with coverage","stepID":["3"],"time":"2026-09-10T12:05:03Z"}
{"dryrun":false,"job":"CI/unit","jobID":"unit","level":"info","matrix":{},"msg":"     \u001b[32m✓\u001b[39m mobile button opens the ToC and cross-fades its icon\u001b[32m 25\u001b[2mms\u001b[22m\u001b[39m\n","raw_output":true,"stage":"Main","step":"Unit tests with coverage","stepID":["3"],"time":"2026-09-10T12:05:03Z"}
{"dryrun":false,"job":"CI/unit","jobID":"unit","level":"info","matrix":{},"msg":"     \u001b[33m\u001b[2m✓\u001b[22m\u001b[39m active heading is scrolled into view and highlighted when opening ToC on mobile\u001b[33m 863\u001b[2mms\u001b[22m\u001b[39m\n","raw_output":true,"stage":"Main","step":"Unit tests with coverage","stepID":["3"],"time":"2026-09-10T12:05:03Z"}
{"dryrun":false,"job":"CI/unit","jobID":"unit","level":"info","matrix":{},"msg":"     \u001b[32m✓\u001b[39m ArrowDown then ArrowUp returns to the start\u001b[32m 29\u001b[2mms\u001b[22m\u001b[39m\n","raw_output":true,"stage":"Main","step":"Unit tests with coverage","stepID":["3"],"time":"2026-09-10T12:05:03Z"}
{"dryrun":false,"job":"CI/unit","jobID":"unit","level":"info","matrix":{},"msg":"     \u001b[32m✓\u001b[39m ArrowDown moves to the next item\u001b[32m 21\u001b[2mms\u001b[22m\u001b[39m\n","raw_output":true,"stage":"Main","step":"Unit tests with coverage","stepID":["3"],"time":"2026-09-10T12:05:03Z"}
{"dryrun":false,"job":"CI/unit","jobID":"unit","level":"info","matrix":{},"msg":"     \u001b[32m✓\u001b[39m ArrowDown holds at the last item\u001b[32m 9\u001b[2mms\u001b[22m\u001b[39m\n","raw_output":true,"stage":"Main","step":"Unit tests with coverage","stepID":["3"],"time":"2026-09-10T12:05:03Z"}
{"dryrun":false,"job":"CI/unit","jobID":"unit","level":"info","matrix":{},"msg":"     \u001b[32m✓\u001b[39m ArrowUp holds at the first item\u001b[32m 7\u001b[2mms\u001b[22m\u001b[39m\n","raw_output":true,"stage":"Main","step":"Unit tests with coverage","stepID":["3"],"time":"2026-09-10T12:05:03Z"}
{"dryrun":false,"job":"CI/unit","jobID":"unit","level":"info","matrix":{},"msg":"     \u001b[32m✓\u001b[39m desktop arrow keys move focus + selection and \"Enter\" follows the real link\u001b[32m 37\u001b[2mms\u001b[22m\u001b[39m\n","raw_output":true,"stage":"Main","step":"Unit tests with coverage","stepID":["3"],"time":"2026-09-10T12:05:03Z"}
{"dryrun":false,"job":"CI/unit","jobID":"unit","level":"info","matrix":{},"msg":"     \u001b[32m✓\u001b[39m desktop arrow keys move focus + selection and \" \" follows the real link\u001b[32m 8\u001b[2mms\u001b[22m\u001b[39m\n","raw_output":true,"stage":"Main","step":"Unit tests with coverage","stepID":["3"],"time":"2026-09-10T12:05:03Z"}
{"dryrun":false,"job":"CI/unit","jobID":"unit","level":"info","matrix":{},"msg":"     \u001b[32m✓\u001b[39m only the active ToC item carries aria-current=\"location\"\u001b[32m 9\u001b[2mms\u001b[22m\u001b[39m\n","raw_output":true,"stage":"Main","step":"Unit tests with coverage","stepID":["3"],"time":"2026-09-10T12:05:03Z"}
{"dryrun":false,"job":"CI/unit","jobID":"unit","level":"info","matrix":{},"msg":"     \u001b[32m✓\u001b[39m space with scroll_behavior=  scrolls with behavior smooth\u001b[32m 31\u001b[2mms\u001b[22m\u001b[39m\n","raw_output":true,"stage":"Main","step":"Unit tests with coverage","stepID":["3"],"time":"2026-09-10T12:05:03Z"}
{"dryrun":false,"job":"CI/unit","jobID":"unit","level":"info","matrix":{},"msg":"     \u001b[32m✓\u001b[39m enter with scroll_behavior=Enter scrolls with behavior smooth\u001b[32m 11\u001b[2mms\u001b[22m\u001b[39m\n","raw_output":true,"stage":"Main","step":"Unit tests with coverage","stepID":["3"],"time":"2026-09-10T12:05:03Z"}
{"dryrun":false,"job":"CI/unit","jobID":"unit","level":"info","matrix":{},"msg":"     \u001b[32m✓\u001b[39m space with scroll_behavior=  scrolls with behavior auto\u001b[32m 11\u001b[2mms\u001b[22m\u001b[39m\n","raw_output":true,"stage":"Main","step":"Unit tests with coverage","stepID":["3"],"time":"2026-09-10T12:05:03Z"}
{"dryrun":false,"job":"CI/unit","jobID":"unit","level":"info","matrix":{},"msg":"     \u001b[32m✓\u001b[39m enter with scroll_behavior=Enter scrolls with behavior auto\u001b[32m 10\u001b[2mms\u001b[22m\u001b[39m\n","raw_output":true,"stage":"Main","step":"Unit tests with coverage","stepID":["3"],"time":"2026-09-10T12:05:03Z"}
{"dryrun":false,"job":"CI/unit","jobID":"unit","level":"info","matrix":{},"msg":"     \u001b[32m✓\u001b[39m enter with scroll_behavior=Enter scrolls with behavior undefined\u001b[32m 11\u001b[2mms\u001b[22m\u001b[39m\n","raw_output":true,"stage":"Main","step":"Unit tests with coverage","stepID":["3"],"time":"2026-09-10T12:05:03Z"}
{"dryrun":false,"job":"CI/unit","jobID":"unit","level":"info","matrix":{},"msg":"     \u001b[32m✓\u001b[39m click with scroll_behavior=null scrolls with behavior auto\u001b[32m 12\u001b[2mms\u001b[22m\u001b[39m\n","raw_output":true,"stage":"Main","step":"Unit tests with coverage","stepID":["3"],"time":"2026-09-10T12:05:03Z"}
{"dryrun":false,"job":"CI/unit","jobID":"unit","level":"info","matrix":{},"msg":"     \u001b[32m✓\u001b[39m click with scroll_behavior=null scrolls with behavior smooth\u001b[32m 11\u001b[2mms\u001b[22m\u001b[39m\n","raw_output":true,"stage":"Main","step":"Unit tests with coverage","stepID":["3"],"time":"2026-09-10T12:05:03Z"}
{"dryrun":false,"job":"CI/unit","jobID":"unit","level":"info","matrix":{},"msg":"     \u001b[32m✓\u001b[39m Escape closes the mobile ToC\u001b[32m 10\u001b[2mms\u001b[22m\u001b[39m\n","raw_output":true,"stage":"Main","step":"Unit tests with coverage","stepID":["3"],"time":"2026-09-10T12:05:03Z"}
{"dryrun":false,"job":"CI/unit","jobID":"unit","level":"info","matrix":{},"msg":"     \u001b[32m✓\u001b[39m Tab out of a focused ToC closes it\u001b[32m 13\u001b[2mms\u001b[22m\u001b[39m\n","raw_output":true,"stage":"Main","step":"Unit tests with coverage","stepID":["3"],"time":"2026-09-10T12:05:03Z"}
{"dryrun":false,"job":"CI/unit","jobID":"unit","level":"info","matrix":{},"msg":"     \u001b[32m✓\u001b[39m an empty react_to_keys ignores Escape\u001b[32m 9\u001b[2mms\u001b[22m\u001b[39m\n","raw_output":true,"stage":"Main","step":"Unit tests with coverage","stepID":["3"],"time":"2026-09-10T12:05:03Z"}
{"dryrun":false,"job":"CI/unit","jobID":"unit","level":"info","matrix":{},"msg":"     \u001b[32m✓\u001b[39m Escape with a focused desktop ToC has nothing to close and stays un-prevented\u001b[32m 8\u001b[2mms\u001b[22m\u001b[39m\n","raw_output":true,"stage":"Main","step":"Unit tests with coverage","stepID":["3"],"time":"2026-09-10T12:05:03Z"}
{"dryrun":false,"job":"CI/unit","jobID":"unit","level":"info","matrix":{},"msg":"     \u001b[32m✓\u001b[39m mutation observer tracks headings added and removed after mount\u001b[32m 14\u001b[2mms\u001b[22m\u001b[39m\n","raw_output":true,"stage":"Main","step":"Unit tests with coverage","stepID":["3"],"time":"2026-09-10T12:05:03Z"}
{"dryrun":false,"job":"CI/unit","jobID":"unit","level":"info","matrix":{},"msg":"     \u001b[32m✓\u001b[39m unrelated DOM mutations skip the heading rebuild while real changes don't\u001b[32m 14\u001b[2mms\u001b[22m\u001b[39m\n","raw_output":true,"stage":"Main","step":"Unit tests with coverage","stepID":["3"],"time":"2026-09-10T12:05:03Z"}
{"dryrun":false,"job":"CI/unit","jobID":"unit","level":"info","matrix":{},"msg":"     \u001b[32m✓\u001b[39m heading characterData edits update the ToC\u001b[32m 7\u001b[2mms\u001b[22m\u001b[39m\n","raw_output":true,"stage":"Main","step":"Unit tests with coverage","stepID":["3"],"time":"2026-09-10T12:05:03Z"}
{"dryrun":false,"job":"CI/unit","jobID":"unit","level":"info","matrix":{},"msg":"     \u001b[32m✓\u001b[39m heading childList edits update the ToC\u001b[32m 9\u001b[2mms\u001b[22m\u001b[39m\n","raw_output":true,"stage":"Main","step":"Unit tests with coverage","stepID":["3"],"time":"2026-09-10T12:05:03Z"}
{"dryrun":false,"job":"CI/unit","jobID":"unit","level":"info","matrix":{},"msg":"     \u001b[32m✓\u001b[39m heading id attribute changes update link targets\u001b[32m 14\u001b[2mms\u001b[22m\u001b[39m\n","raw_output":true,"stage":"Main","step":"Unit tests with coverage","stepID":["3"],"time":"2026-09-10T12:05:03Z"}
{"dryrun":false,"job":"CI/unit","jobID":"unit","level":"info","matrix":{},"msg":"     \u001b[32m✓\u001b[39m selector-driven attribute changes update heading membership\u001b[32m 13\u001b[2mms\u001b[22m\u001b[39m\n","raw_output":true,"stage":"Main","step":"Unit tests with coverage","stepID":["3"],"time":"2026-09-10T12:05:03Z"}
{"dryrun":false,"job":"CI/unit","jobID":"unit","level":"info","matrix":{},"msg":"     \u001b[32m✓\u001b[39m rebinds when a heading element is replaced with identical content\u001b[32m 15\u001b[2mms\u001b[22m\u001b[39m\n","raw_output":true,"stage":"Main","step":"Unit tests with coverage","stepID":["3"],"time":"2026-09-10T12:05:03Z"}
{"dryrun":false,"job":"CI/unit","jobID":"unit","level":"info","matrix":{},"msg":"     \u001b[32m✓\u001b[39m scroll_target behavior \u001b[2m(6)\u001b[22m\n","raw_output":true,"stage":"Main","step":"Unit tests with coverage","stepID":["3"],"time":"2026-09-10T12:05:03Z"}
{"dryrun":false,"job":"CI/unit","jobID":"unit","level":"info","matrix":{},"msg":"       \u001b[32m✓\u001b[39m scrollend releases scroll_target back to scroll detection\u001b[32m 23\u001b[2mms\u001b[22m\u001b[39m\n","raw_output":true,"stage":"Main","step":"Unit tests with coverage","stepID":["3"],"time":"2026-09-10T12:05:03Z"}
{"dryrun":false,"job":"CI/unit","jobID":"unit","level":"info","matrix":{},"msg":"       \u001b[32m✓\u001b[39m the fallback timeout releases scroll_target back to scroll detection\u001b[32m 23\u001b[2mms\u001b[22m\u001b[39m\n","raw_output":true,"stage":"Main","step":"Unit tests with coverage","stepID":["3"],"time":"2026-09-10T12:05:03Z"}
{"dryrun":false,"job":"CI/unit","jobID":"unit","level":"info","matrix":{},"msg":"       \u001b[32m✓\u001b[39m scroll_target holds while the smooth scroll closes in\u001b[32m 17\u001b[2mms\u001b[22m\u001b[39m\n","raw_output":true,"stage":"Main","step":"Unit tests with coverage","stepID":["3"],"time":"2026-09-10T12:05:03Z"}
{"dryrun":false,"job":"CI/unit","jobID":"unit","level":"info","matrix":{},"msg":"       \u001b[32m✓\u001b[39m scroll_target releases when the user scrolls away\u001b[32m 19\u001b[2mms\u001b[22m\u001b[39m\n","raw_output":true,"stage":"Main","step":"Unit tests with coverage","stepID":["3"],"time":"2026-09-10T12:05:03Z"}
{"dryrun":false,"job":"CI/unit","jobID":"unit","level":"info","matrix":{},"msg":"       \u001b[32m✓\u001b[39m removing scroll target activates a remaining heading\u001b[32m 15\u001b[2mms\u001b[22m\u001b[39m\n","raw_output":true,"stage":"Main","step":"Unit tests with coverage","stepID":["3"],"time":"2026-09-10T12:05:03Z"}
{"dryrun":false,"job":"CI/unit","jobID":"unit","level":"info","matrix":{},"msg":"       \u001b[32m✓\u001b[39m rapid clicks activate last clicked item\u001b[32m 15\u001b[2mms\u001b[22m\u001b[39m\n","raw_output":true,"stage":"Main","step":"Unit tests with coverage","stepID":["3"],"time":"2026-09-10T12:05:03Z"}
{"dryrun":false,"job":"CI/unit","jobID":"unit","level":"info","matrix":{},"msg":"   \u001b[32m✓\u001b[39m hide_on_intersect \u001b[2m(6)\u001b[22m\n","raw_output":true,"stage":"Main","step":"Unit tests with coverage","stepID":["3"],"time":"2026-09-10T12:05:03Z"}
{"dryrun":false,"job":"CI/unit","jobID":"unit","level":"info","matrix":{},"msg":"     \u001b[32m✓\u001b[39m hides the ToC when a banner overlaps it\u001b[32m 12\u001b[2mms\u001b[22m\u001b[39m\n","raw_output":true,"stage":"Main","step":"Unit tests with coverage","stepID":["3"],"time":"2026-09-10T12:05:03Z"}
{"dryrun":false,"job":"CI/unit","jobID":"unit","level":"info","matrix":{},"msg":"     \u001b[32m✓\u001b[39m keeps the ToC when no banner overlaps\u001b[32m 11\u001b[2mms\u001b[22m\u001b[39m\n","raw_output":true,"stage":"Main","step":"Unit tests with coverage","stepID":["3"],"time":"2026-09-10T12:05:03Z"}
{"dryrun":false,"job":"CI/unit","jobID":"unit","level":"info","matrix":{},"msg":"     \u001b[32m✓\u001b[39m ignores overlap on mobile\u001b[32m 13\u001b[2mms\u001b[22m\u001b[39m\n","raw_output":true,"stage":"Main","step":"Unit tests with coverage","stepID":["3"],"time":"2026-09-10T12:05:03Z"}
{"dryrun":false,"job":"CI/unit","jobID":"unit","level":"info","matrix":{},"msg":"     \u001b[32m✓\u001b[39m accepts an HTMLElement array\u001b[32m 10\u001b[2mms\u001b[22m\u001b[39m\n","raw_output":true,"stage":"Main","step":"Unit tests with coverage","stepID":["3"],"time":"2026-09-10T12:05:03Z"}
{"dryrun":false,"job":"CI/unit","jobID":"unit","level":"info","matrix":{},"msg":"     \u001b[32m✓\u001b[39m ignores a selector matching nothing\u001b[32m 11\u001b[2mms\u001b[22m\u001b[39m\n","raw_output":true,"stage":"Main","step":"Unit tests with coverage","stepID":["3"],"time":"2026-09-10T12:05:03Z"}
{"dryrun":false,"job":"CI/unit","jobID":"unit","level":"info","matrix":{},"msg":"     \u001b[32m✓\u001b[39m re-shows the ToC once the overlap ends\u001b[32m 15\u001b[2mms\u001b[22m\u001b[39m\n","raw_output":true,"stage":"Main","step":"Unit tests with coverage","stepID":["3"],"time":"2026-09-10T12:05:03Z"}
{"dryrun":false,"job":"CI/unit","jobID":"unit","level":"info","matrix":{},"msg":"   \u001b[32m✓\u001b[39m Element Prop Bags \u001b[2m(14)\u001b[22m\n","raw_output":true,"stage":"Main","step":"Unit tests with coverage","stepID":["3"],"time":"2026-09-10T12:05:03Z"}
{"dryrun":false,"job":"CI/unit","jobID":"unit","level":"info","matrix":{},"msg":"     \u001b[32m✓\u001b[39m applies aside prop bag attributes\u001b[32m 16\u001b[2mms\u001b[22m\u001b[39m\n","raw_output":true,"stage":"Main","step":"Unit tests with coverage","stepID":["3"],"time":"2026-09-10T12:05:03Z"}
{"dryrun":false,"job":"CI/unit","jobID":"unit","level":"info","matrix":{},"msg":"     \u001b[32m✓\u001b[39m applies nav prop bag attributes\u001b[32m 13\u001b[2mms\u001b[22m\u001b[39m\n","raw_output":true,"stage":"Main","step":"Unit tests with coverage","stepID":["3"],"time":"2026-09-10T12:05:03Z"}
{"dryrun":false,"job":"CI/unit","jobID":"unit","level":"info","matrix":{},"msg":"     \u001b[32m✓\u001b[39m applies title prop bag attributes\u001b[32m 11\u001b[2mms\u001b[22m\u001b[39m\n","raw_output":true,"stage":"Main","step":"Unit tests with coverage","stepID":["3"],"time":"2026-09-10T12:05:03Z"}
{"dryrun":false,"job":"CI/unit","jobID":"unit","level":"info","matrix":{},"msg":"     \u001b[32m✓\u001b[39m applies ol prop bag attributes\u001b[32m 15\u001b[2mms\u001b[22m\u001b[39m\n","raw_output":true,"stage":"Main","step":"Unit tests with coverage","stepID":["3"],"time":"2026-09-10T12:05:03Z"}
{"dryrun":false,"job":"CI/unit","jobID":"unit","level":"info","matrix":{},"msg":"     \u001b[32m✓\u001b[39m applies li prop bag attributes\u001b[32m 19\u001b[2mms\u001b[22m\u001b[39m\n","raw_output":true,"stage":"Main","step":"Unit tests with coverage","stepID":["3"],"time":"2026-09-10T12:05:03Z"}
{"dryrun":false,"job":"CI/unit","jobID":"unit","level":"info","matrix":{},"msg":"     \u001b[32m✓\u001b[39m applies open button prop bag attributes\u001b[32m 18\u001b[2mms\u001b[22m\u001b[39m\n","raw_output":true,"stage":"Main","step":"Unit tests with coverage","stepID":["3"],"time":"2026-09-10T12:05:03Z"}
{"dryrun":false,"job":"CI/unit","jobID":"unit","level":"info","matrix":{},"msg":"     \u001b[32m✓\u001b[39m li_props.style preserves generated styles without multiline whitespace\u001b[32m 26\u001b[2mms\u001b[22m\u001b[39m\n","raw_output":true,"stage":"Main","step":"Unit tests with coverage","stepID":["3"],"time":"2026-09-10T12:05:03Z"}
{"dryrun":false,"job":"CI/unit","jobID":"unit","level":"info","matrix":{},"msg":"     \u001b[32m✓\u001b[39m the hover rule is declared after the active rule\u001b[32m 15\u001b[2mms\u001b[22m\u001b[39m\n","raw_output":true,"stage":"Main","step":"Unit tests with coverage","stepID":["3"],"time":"2026-09-10T12:05:03Z"}
{"dryrun":false,"job":"CI/unit","jobID":"unit","level":"info","matrix":{},"msg":"     \u001b[32m✓\u001b[39m uses expected selector specificity for aside base rule\u001b[32m 20\u001b[2mms\u001b[22m\u001b[39m\n","raw_output":true,"stage":"Main","step":"Unit tests with coverage","stepID":["3"],"time":"2026-09-10T12:05:03Z"}
{"dryrun":false,"job":"CI/unit","jobID":"unit","level":"info","matrix":{},"msg":"     \u001b[32m✓\u001b[39m uses expected selector specificity for nav base rule\u001b[32m 8\u001b[2mms\u001b[22m\u001b[39m\n","raw_output":true,"stage":"Main","step":"Unit tests with coverage","stepID":["3"],"time":"2026-09-10T12:05:03Z"}
{"dryrun":false,"job":"CI/unit","jobID":"unit","level":"info","matrix":{},"msg":"     \u001b[32m✓\u001b[39m uses expected selector specificity for list item base rule\u001b[32m 14\u001b[2mms\u001b[22m\u001b[39m\n","raw_output":true,"stage":"Main","step":"Unit tests with coverage","stepID":["3"],"time":"2026-09-10T12:05:03Z"}
{"dryrun":false,"job":"CI/unit","jobID":"unit","level":"info","matrix":{},"msg":"     \u001b[32m✓\u001b[39m uses expected selector specificity for open button base rule\u001b[32m 10\u001b[2mms\u001b[22m\u001b[39m\n","raw_output":true,"stage":"Main","step":"Unit tests with coverage","stepID":["3"],"time":"2026-09-10T12:05:03Z"}
{"dryrun":false,"job":"CI/unit","jobID":"unit","level":"info","matrix":{},"msg":"     \u001b[32m✓\u001b[39m uses expected selector specificity for ordered list structural rule\u001b[32m 11\u001b[2mms\u001b[22m\u001b[39m\n","raw_output":true,"stage":"Main","step":"Unit tests with coverage","stepID":["3"],"time":"2026-09-10T12:05:03Z"}
{"dryrun":false,"job":"CI/unit","jobID":"unit","level":"info","matrix":{},"msg":"     \u001b[32m✓\u001b[39m uses expected selector specificity for open button box rule\u001b[32m 9\u001b[2mms\u001b[22m\u001b[39m\n","raw_output":true,"stage":"Main","step":"Unit tests with coverage","stepID":["3"],"time":"2026-09-10T12:05:03Z"}
{"dryrun":false,"job":"CI/unit","jobID":"unit","level":"info","matrix":{},"msg":"   \u001b[32m✓\u001b[39m collapse_subheadings \u001b[2m(10)\u001b[22m\n","raw_output":true,"stage":"Main","step":"Unit tests with coverage","stepID":["3"],"time":"2026-09-10T12:05:03Z"}
{"dryrun":false,"job":"CI/unit","jobID":"unit","level":"info","matrix":{},"msg":"     \u001b[32m✓\u001b[39m all items visible when collapse_subheadings=false\u001b[32m 58\u001b[2mms\u001b[22m\u001b[39m\n","raw_output":true,"stage":"Main","step":"Unit tests with coverage","stepID":["3"],"time":"2026-09-10T12:05:03Z"}
{"dryrun":false,"job":"CI/unit","jobID":"unit","level":"info","matrix":{},"msg":"     \u001b[32m✓\u001b[39m full nesting with h2 active\u001b[32m 119\u001b[2mms\u001b[22m\u001b[39m\n","raw_output":true,"stage":"Main","step":"Unit tests with coverage","stepID":["3"],"time":"2026-09-10T12:05:03Z"}
{"dryrun":false,"job":"CI/unit","jobID":"unit","level":"info","matrix":{},"msg":"     \u001b[32m✓\u001b[39m full nesting with h3 active\u001b[32m 54\u001b[2mms\u001b[22m\u001b[39m\n","raw_output":true,"stage":"Main","step":"Unit tests with coverage","stepID":["3"],"time":"2026-09-10T12:05:03Z"}
{"dryrun":false,"job":"CI/unit","jobID":"unit","level":"info","matrix":{},"msg":"     \u001b[32m✓\u001b[39m full nesting with h4 active\u001b[32m 38\u001b[2mms\u001b[22m\u001b[39m\n","raw_output":true,"stage":"Main","step":"Unit tests with coverage","stepID":["3"],"time":"2026-09-10T12:05:03Z"}
{"dryrun":false,"job":"CI/unit","jobID":"unit","level":"info","matrix":{},"msg":"     \u001b[32m✓\u001b[39m full nesting with deep active under second h3\u001b[32m 81\u001b[2mms\u001b[22m\u001b[39m\n","raw_output":true,"stage":"Main","step":"Unit tests with coverage","stepID":["3"],"time":"2026-09-10T12:05:03Z"}
{"dryrun":false,"job":"CI/unit","jobID":"unit","level":"info","matrix":{},"msg":"     \u001b[32m✓\u001b[39m h3 threshold with h2 active\u001b[32m 16\u001b[2mms\u001b[22m\u001b[39m\n","raw_output":true,"stage":"Main","step":"Unit tests with coverage","stepID":["3"],"time":"2026-09-10T12:05:03Z"}
{"dryrun":false,"job":"CI/unit","jobID":"unit","level":"info","matrix":{},"msg":"     \u001b[32m✓\u001b[39m invalid collapse mode h9 throws\u001b[32m 7\u001b[2mms\u001b[22m\u001b[39m\n","raw_output":true,"stage":"Main","step":"Unit tests with coverage","stepID":["3"],"time":"2026-09-10T12:05:03Z"}
{"dryrun":false,"job":"CI/unit","jobID":"unit","level":"info","matrix":{},"msg":"     \u001b[32m✓\u001b[39m invalid collapse mode hx throws\u001b[32m 2\u001b[2mms\u001b[22m\u001b[39m\n","raw_output":true,"stage":"Main","step":"Unit tests with coverage","stepID":["3"],"time":"2026-09-10T12:05:03Z"}
{"dryrun":false,"job":"CI/unit","jobID":"unit","level":"info","matrix":{},"msg":"     \u001b[32m✓\u001b[39m invalid collapse mode 3 throws\u001b[32m 1\u001b[2mms\u001b[22m\u001b[39m\n","raw_output":true,"stage":"Main","step":"Unit tests with coverage","stepID":["3"],"time":"2026-09-10T12:05:03Z"}
{"dryrun":false,"job":"CI/unit","jobID":"unit","level":"info","matrix":{},"msg":"     \u001b[32m✓\u001b[39m unmocked mount expands only the active heading's ancestor chain\u001b[32m 20\u001b[2mms\u001b[22m\u001b[39m\n","raw_output":true,"stage":"Main","step":"Unit tests with coverage","stepID":["3"],"time":"2026-09-10T12:05:03Z"}
{"dryrun":false,"job":"CI/unit","jobID":"unit","level":"info","matrix":{},"msg":"   \u001b[32m✓\u001b[39m overlapping TOCs restore root styles on scrollend\u001b[32m 22\u001b[2mms\u001b[22m\u001b[39m\n","raw_output":true,"stage":"Main","step":"Unit tests with coverage","stepID":["3"],"time":"2026-09-10T12:05:03Z"}
{"dryrun":false,"job":"CI/unit","jobID":"unit","level":"info","matrix":{},"msg":"   \u001b[32m✓\u001b[39m overlapping TOCs restore root styles on timeout\u001b[32m 14\u001b[2mms\u001b[22m\u001b[39m\n","raw_output":true,"stage":"Main","step":"Unit tests with coverage","stepID":["3"],"time":"2026-09-10T12:05:03Z"}
{"dryrun":false,"job":"CI/unit","jobID":"unit","level":"info","matrix":{},"msg":"   \u001b[32m✓\u001b[39m overlapping TOCs restore root styles on older unmount\u001b[32m 13\u001b[2mms\u001b[22m\u001b[39m\n","raw_output":true,"stage":"Main","step":"Unit tests with coverage","stepID":["3"],"time":"2026-09-10T12:05:03Z"}
{"dryrun":false,"job":"CI/unit","jobID":"unit","level":"info","matrix":{},"msg":"   \u001b[32m✓\u001b[39m overlapping TOCs restore root styles on newer unmount\u001b[32m 25\u001b[2mms\u001b[22m\u001b[39m\n","raw_output":true,"stage":"Main","step":"Unit tests with coverage","stepID":["3"],"time":"2026-09-10T12:05:03Z"}
{"dryrun":false,"job":"CI/unit","jobID":"unit","level":"info","matrix":{},"msg":" \u001b[32m✓\u001b[39m tests/vitest/Nav.test.ts \u001b[2m(\u001b[22m\u001b[2m83 tests\u001b[22m\u001b[2m)\u001b[22m\u001b[33m 1428\u001b[2mms\u001b[22m\u001b[39m\n","raw_output":true,"stage":"Main","step":"Unit tests with coverage","stepID":["3"],"time":"2026-09-10T12:05:08Z"}
{"dryrun":false,"job":"CI/unit","jobID":"unit","level":"info","matrix":{},"msg":"\u001b[90mstderr\u001b[2m | tests/vitest/CommandMenu.svelte.test.ts\u001b[2m \u003e \u001b[22m\u001b[2mPageSearch\u001b[2m \u003e \u001b[22m\u001b[2mkeeps local matches while Pagefind load is pending, fails, and retries\n","raw_output":true,"stage":"Main","step":"Unit tests with coverage","stepID":["3"],"time":"2026-09-10T12:05:10Z"}
{"dryrun":false,"job":"CI/unit","jobID":"unit","level":"info","matrix":{},"msg":"\u001b[22m\u001b[39mOptionList: load_options error: Error: Unavailable\n","raw_output":true,"stage":"Main","step":"Unit tests with coverage","stepID":["3"],"time":"2026-09-10T12:05:10Z"}
{"dryrun":false,"job":"CI/unit","jobID":"unit","level":"info","matrix":{},"msg":"    at \u001b[90m/tmp/rb/fcd90158c882/workspace/\u001b[39mtests/vitest/CommandMenu.svelte.test.ts:1125:22\n","raw_output":true,"stage":"Main","step":"Unit tests with coverage","stepID":["3"],"time":"2026-09-10T12:05:10Z"}
{"dryrun":false,"job":"CI/unit","jobID":"unit","level":"info","matrix":{},"msg":"    at \u001b[90mfile:///tmp/rb/fcd90158c882/workspace/\u001b[39mnode_modules/\u001b[4mvitest\u001b[24m/dist/chunks/run.CQOUYP-x.js:2783:20\n","raw_output":true,"stage":"Main","step":"Unit tests with coverage","stepID":["3"],"time":"2026-09-10T12:05:10Z"}
{"dryrun":false,"job":"CI/unit","jobID":"unit","level":"info","matrix":{},"msg":"\n","raw_output":true,"stage":"Main","step":"Unit tests with coverage","stepID":["3"],"time":"2026-09-10T12:05:10Z"}
{"dryrun":false,"job":"CI/unit","jobID":"unit","level":"info","matrix":{},"msg":"\u001b[90mstderr\u001b[2m | tests/vitest/CommandMenu.svelte.test.ts\u001b[2m \u003e \u001b[22m\u001b[2mPageSearch\u001b[2m \u003e \u001b[22m\u001b[2mkeeps local matches while Pagefind search is pending, fails, and retries\n","raw_output":true,"stage":"Main","step":"Unit tests with coverage","stepID":["3"],"time":"2026-09-10T12:05:10Z"}
{"dryrun":false,"job":"CI/unit","jobID":"unit","level":"info","matrix":{},"msg":"\u001b[22m\u001b[39mOptionList: load_options error: Error: Unavailable\n","raw_output":true,"stage":"Main","step":"Unit tests with coverage","stepID":["3"],"time":"2026-09-10T12:05:10Z"}
{"dryrun":false,"job":"CI/unit","jobID":"unit","level":"info","matrix":{},"msg":"    at \u001b[90m/tmp/rb/fcd90158c882/workspace/\u001b[39mtests/vitest/CommandMenu.svelte.test.ts:1125:22\n","raw_output":true,"stage":"Main","step":"Unit tests with coverage","stepID":["3"],"time":"2026-09-10T12:05:10Z"}
{"dryrun":false,"job":"CI/unit","jobID":"unit","level":"info","matrix":{},"msg":"    at \u001b[90mfile:///tmp/rb/fcd90158c882/workspace/\u001b[39mnode_modules/\u001b[4mvitest\u001b[24m/dist/chunks/run.CQOUYP-x.js:2783:20\n","raw_output":true,"stage":"Main","step":"Unit tests with coverage","stepID":["3"],"time":"2026-09-10T12:05:10Z"}
{"dryrun":false,"job":"CI/unit","jobID":"unit","level":"info","matrix":{},"msg":"\n","raw_output":true,"stage":"Main","step":"Unit tests with coverage","stepID":["3"],"time":"2026-09-10T12:05:10Z"}
{"dryrun":false,"job":"CI/unit","jobID":"unit","level":"info","matrix":{},"msg":" \u001b[32m✓\u001b[39m tests/vitest/CommandMenu.svelte.test.ts \u001b[2m(\u001b[22m\u001b[2m95 tests\u001b[22m\u001b[2m)\u001b[22m\u001b[33m 3961\u001b[2mms\u001b[22m\u001b[39m\n","raw_output":true,"stage":"Main","step":"Unit tests with coverage","stepID":["3"],"time":"2026-09-10T12:05:10Z"}
{"dryrun":false,"job":"CI/unit","jobID":"unit","level":"info","matrix":{},"msg":" \u001b[32m✓\u001b[39m tests/vitest/utils.test.ts \u001b[2m(\u001b[22m\u001b[2m288 tests\u001b[22m\u001b[2m)\u001b[22m\u001b[32m 198\u001b[2mms\u001b[22m\u001b[39m\n","raw_output":true,"stage":"Main","step":"Unit tests with coverage","stepID":["3"],"time":"2026-09-10T12:05:11Z"}
{"dryrun":false,"job":"CI/unit","jobID":"unit","level":"info","matrix":{},"msg":" \u001b[32m✓\u001b[39m tests/vitest/MultiSelect.svelte.test.ts \u001b[2m(\u001b[22m\u001b[2m357 tests\u001b[22m\u001b[2m)\u001b[22m\u001b[33m 5601\u001b[2mms\u001b[22m\u001b[39m\n","raw_output":true,"stage":"Main","step":"Unit tests with coverage","stepID":["3"],"time":"2026-09-10T12:05:12Z"}
{"dryrun":false,"job":"CI/unit","jobID":"unit","level":"info","matrix":{},"msg":" \u001b[32m✓\u001b[39m tests/vitest/MultiSelect.async.svelte.test.ts \u001b[2m(\u001b[22m\u001b[2m62 tests\u001b[22m\u001b[2m)\u001b[22m\u001b[33m 2448\u001b[2mms\u001b[22m\u001b[39m\n","raw_output":true,"stage":"Main","step":"Unit tests with coverage","stepID":["3"],"time":"2026-09-10T12:05:16Z"}
{"dryrun":false,"job":"CI/unit","jobID":"unit","level":"info","matrix":{},"msg":"   \u001b[32m✓\u001b[39m load_options feature \u001b[2m(42)\u001b[22m\n","raw_output":true,"stage":"Main","step":"Unit tests with coverage","stepID":["3"],"time":"2026-09-10T12:05:16Z"}
{"dryrun":false,"job":"CI/unit","jobID":"unit","level":"info","matrix":{},"msg":"     \u001b[33m\u001b[2m✓\u001b[22m\u001b[39m scroll after auto-fill cap resets counter and allows more loading\u001b[33m 333\u001b[2mms\u001b[22m\u001b[39m\n","raw_output":true,"stage":"Main","step":"Unit tests with coverage","stepID":["3"],"time":"2026-09-10T12:05:16Z"}
{"dryrun":false,"job":"CI/unit","jobID":"unit","level":"info","matrix":{},"msg":" \u001b[32m✓\u001b[39m tests/vitest/JsonTree.svelte.test.ts \u001b[2m(\u001b[22m\u001b[2m109 tests\u001b[22m\u001b[2m)\u001b[22m\u001b[33m 6974\u001b[2mms\u001b[22m\u001b[39m\n","raw_output":true,"stage":"Main","step":"Unit tests with coverage","stepID":["3"],"time":"2026-09-10T12:05:17Z"}
{"dryrun":false,"job":"CI/unit","jobID":"unit","level":"info","matrix":{},"msg":"   \u001b[32m✓\u001b[39m folding \u001b[2m(16)\u001b[22m\n","raw_output":true,"stage":"Main","step":"Unit tests with coverage","stepID":["3"],"time":"2026-09-10T12:05:17Z"}
{"dryrun":false,"job":"CI/unit","jobID":"unit","level":"info","matrix":{},"msg":"     \u001b[33m\u001b[2m✓\u001b[22m\u001b[39m mounts long containers in pages of 100 that grow by a page or to the whole list\u001b[33m 533\u001b[2mms\u001b[22m\u001b[39m\n","raw_output":true,"stage":"Main","step":"Unit tests with coverage","stepID":["3"],"time":"2026-09-10T12:05:17Z"}
{"dryrun":false,"job":"CI/unit","jobID":"unit","level":"info","matrix":{},"msg":"     \u001b[33m\u001b[2m✓\u001b[22m\u001b[39m reveals paginated search matches in \u001b[33m 634\u001b[2mms\u001b[22m\u001b[39m\n","raw_output":true,"stage":"Main","step":"Unit tests with coverage","stepID":["3"],"time":"2026-09-10T12:05:17Z"}
{"dryrun":false,"job":"CI/unit","jobID":"unit","level":"info","matrix":{},"msg":"     \u001b[33m\u001b[2m✓\u001b[22m\u001b[39m reveals paginated search matches in data.json\u001b[33m 786\u001b[2mms\u001b[22m\u001b[39m\n","raw_output":true,"stage":"Main","step":"Unit tests with coverage","stepID":["3"],"time":"2026-09-10T12:05:17Z"}
{"dryrun":false,"job":"CI/unit","jobID":"unit","level":"info","matrix":{},"msg":"     \u001b[33m\u001b[2m✓\u001b[22m\u001b[39m reveals paginated search matches in my-file[raw]\u001b[33m 671\u001b[2mms\u001b[22m\u001b[39m\n","raw_output":true,"stage":"Main","step":"Unit tests with coverage","stepID":["3"],"time":"2026-09-10T12:05:17Z"}
{"dryrun":false,"job":"CI/unit","jobID":"unit","level":"info","matrix":{},"msg":"   \u001b[32m✓\u001b[39m search \u001b[2m(7)\u001b[22m\n","raw_output":true,"stage":"Main","step":"Unit tests with coverage","stepID":["3"],"time":"2026-09-10T12:05:17Z"}
{"dryrun":false,"job":"CI/unit","jobID":"unit","level":"info","matrix":{},"msg":"     \u001b[33m\u001b[2m✓\u001b[22m\u001b[39m shows match navigation with wrap-around, clamps when results shrink, Escape clears\u001b[33m 346\u001b[2mms\u001b[22m\u001b[39m\n","raw_output":true,"stage":"Main","step":"Unit tests with coverage","stepID":["3"],"time":"2026-09-10T12:05:17Z"}
{"dryrun":false,"job":"CI/unit","jobID":"unit","level":"info","matrix":{},"msg":"\u001b[90mstderr\u001b[2m | tests/vitest/markdown.test.ts\u001b[2m \u003e \u001b[22m\u001b[2mcode and math\u001b[2m \u003e \u001b[22m\u001b[2mrenders math while excluding code, escapes, attributes and scripts\n","raw_output":true,"stage":"Main","step":"Unit tests with coverage","stepID":["3"],"time":"2026-09-10T12:05:17Z"}
{"dryrun":false,"job":"CI/unit","jobID":"unit","level":"info","matrix":{},"msg":"\u001b[22m\u001b[39mWarning: KaTeX doesn't work in quirks mode. Make sure your website has a suitable doctype.\n","raw_output":true,"stage":"Main","step":"Unit tests with coverage","stepID":["3"],"time":"2026-09-10T12:05:17Z"}
{"dryrun":false,"job":"CI/unit","jobID":"unit","level":"info","matrix":{},"msg":"\n","raw_output":true,"stage":"Main","step":"Unit tests with coverage","stepID":["3"],"time":"2026-09-10T12:05:17Z"}
{"dryrun":false,"job":"CI/unit","jobID":"unit","level":"info","matrix":{},"msg":" \u001b[32m✓\u001b[39m tests/vitest/toast.svelte.test.ts \u001b[2m(\u001b[22m\u001b[2m65 tests\u001b[22m\u001b[2m)\u001b[22m\u001b[32m 274\u001b[2mms\u001b[22m\u001b[39m\n","raw_output":true,"stage":"Main","step":"Unit tests with coverage","stepID":["3"],"time":"2026-09-10T12:05:18Z"}
{"dryrun":false,"job":"CI/unit","jobID":"unit","level":"info","matrix":{},"msg":" \u001b[32m✓\u001b[39m tests/vitest/markdown.test.ts \u001b[2m(\u001b[22m\u001b[2m73 tests\u001b[22m\u001b[2m)\u001b[22m\u001b[33m 743\u001b[2mms\u001b[22m\u001b[39m\n","raw_output":true,"stage":"Main","step":"Unit tests with coverage","stepID":["3"],"time":"2026-09-10T12:05:18Z"}
{"dryrun":false,"job":"CI/unit","jobID":"unit","level":"info","matrix":{},"msg":"\u001b[90mstderr\u001b[2m | tests/vitest/masonry.test.ts\u001b[2m \u003e \u001b[22m\u001b[2mMasonry\u001b[2m \u003e \u001b[22m\u001b[2mmerges container attributes and style with layout and spreads column_props\n","raw_output":true,"stage":"Main","step":"Unit tests with coverage","stepID":["3"],"time":"2026-09-10T12:05:18Z"}
{"dryrun":false,"job":"CI/unit","jobID":"unit","level":"info","matrix":{},"msg":"\u001b[22m\u001b[39mMasonry: max_col_width (150) \u003c min_col_width (330).\n","raw_output":true,"stage":"Main","step":"Unit tests with coverage","stepID":["3"],"time":"2026-09-10T12:05:18Z"}
{"dryrun":false,"job":"CI/unit","jobID":"unit","level":"info","matrix":{},"msg":"\n","raw_output":true,"stage":"Main","step":"Unit tests with coverage","stepID":["3"],"time":"2026-09-10T12:05:18Z"}
{"dryrun":false,"job":"CI/unit","jobID":"unit","level":"info","matrix":{},"msg":" \u001b[32m✓\u001b[39m tests/vitest/attachments/tooltip.test.ts \u001b[2m(\u001b[22m\u001b[2m46 tests\u001b[22m\u001b[2m)\u001b[22m\u001b[33m 455\u001b[2mms\u001b[22m\u001b[39m\n","raw_output":true,"stage":"Main","step":"Unit tests with coverage","stepID":["3"],"time":"2026-09-10T12:05:19Z"}
{"dryrun":false,"job":"CI/unit","jobID":"unit","level":"info","matrix":{},"msg":" \u001b[32m✓\u001b[39m tests/vitest/DraggablePane.test.ts \u001b[2m(\u001b[22m\u001b[2m46 tests\u001b[22m\u001b[2m)\u001b[22m\u001b[33m 1019\u001b[2mms\u001b[22m\u001b[39m\n","raw_output":true,"stage":"Main","step":"Unit tests with coverage","stepID":["3"],"time":"2026-09-10T12:05:20Z"}
{"dryrun":false,"job":"CI/unit","jobID":"unit","level":"info","matrix":{},"msg":" \u001b[32m✓\u001b[39m tests/vitest/MultiSelect.keyboard.svelte.test.ts \u001b[2m(\u001b[22m\u001b[2m66 tests\u001b[22m\u001b[2m)\u001b[22m\u001b[33m 1196\u001b[2mms\u001b[22m\u001b[39m\n","raw_output":true,"stage":"Main","step":"Unit tests with coverage","stepID":["3"],"time":"2026-09-10T12:05:21Z"}
{"dryrun":false,"job":"CI/unit","jobID":"unit","level":"info","matrix":{},"msg":" \u001b[32m✓\u001b[39m tests/vitest/code-editor.svelte.test.ts \u001b[2m(\u001b[22m\u001b[2m34 tests\u001b[22m\u001b[2m)\u001b[22m\u001b[33m 1149\u001b[2mms\u001b[22m\u001b[39m\n","raw_output":true,"stage":"Main","step":"Unit tests with coverage","stepID":["3"],"time":"2026-09-10T12:05:22Z"}
{"dryrun":false,"job":"CI/unit","jobID":"unit","level":"info","matrix":{},"msg":" \u001b[32m✓\u001b[39m tests/vitest/attachments/resizable.test.ts \u001b[2m(\u001b[22m\u001b[2m45 tests\u001b[22m\u001b[2m)\u001b[22m\u001b[32m 165\u001b[2mms\u001b[22m\u001b[39m\n","raw_output":true,"stage":"Main","step":"Unit tests with coverage","stepID":["3"],"time":"2026-09-10T12:05:23Z"}
{"dryrun":false,"job":"CI/unit","jobID":"unit","level":"info","matrix":{},"msg":" \u001b[32m✓\u001b[39m tests/vitest/json-tree.utils.test.ts \u001b[2m(\u001b[22m\u001b[2m243 tests\u001b[22m\u001b[2m)\u001b[22m\u001b[32m 51\u001b[2mms\u001b[22m\u001b[39m\n","raw_output":true,"stage":"Main","step":"Unit tests with coverage","stepID":["3"],"time":"2026-09-10T12:05:23Z"}
{"dryrun":false,"job":"CI/unit","jobID":"unit","level":"info","matrix":{},"msg":" \u001b[32m✓\u001b[39m tests/vitest/MultiSelect.grouping.svelte.test.ts \u001b[2m(\u001b[22m\u001b[2m44 tests\u001b[22m\u001b[2m)\u001b[22m\u001b[33m 1150\u001b[2mms\u001b[22m\u001b[39m\n","raw_output":true,"stage":"Main","step":"Unit tests with coverage","stepID":["3"],"time":"2026-09-10T12:05:24Z"}
{"dryrun":false,"job":"CI/unit","jobID":"unit","level":"info","matrix":{},"msg":" \u001b[32m✓\u001b[39m tests/vitest/masonry.test.ts \u001b[2m(\u001b[22m\u001b[2m123 tests\u001b[22m\u001b[2m)\u001b[22m\u001b[33m 6000\u001b[2mms\u001b[22m\u001b[39m\n","raw_output":true,"stage":"Main","step":"Unit tests with coverage","stepID":["3"],"time":"2026-09-10T12:05:24Z"}
{"dryrun":false,"job":"CI/unit","jobID":"unit","level":"info","matrix":{},"msg":"   \u001b[32m✓\u001b[39m Masonry \u001b[2m(48)\u001b[22m\n","raw_output":true,"stage":"Main","step":"Unit tests with coverage","stepID":["3"],"time":"2026-09-10T12:05:24Z"}
{"dryrun":false,"job":"CI/unit","jobID":"unit","level":"info","matrix":{},"msg":"     \u001b[33m\u001b[2m✓\u001b[22m\u001b[39m calculates columns: width=370, minCol=50, gap=10 -\u003e 6 cols\u001b[33m 554\u001b[2mms\u001b[22m\u001b[39m\n","raw_output":true,"stage":"Main","step":"Unit tests with coverage","stepID":["3"],"time":"2026-09-10T12:05:24Z"}
{"dryrun":false,"job":"CI/unit","jobID":"unit","level":"info","matrix":{},"msg":"     \u001b[33m\u001b[2m✓\u001b[22m\u001b[39m calculates columns: width=100, minCol=50, gap=0 -\u003e 2 cols\u001b[33m 408\u001b[2mms\u001b[22m\u001b[39m\n","raw_output":true,"stage":"Main","step":"Unit tests with coverage","stepID":["3"],"time":"2026-09-10T12:05:24Z"}
{"dryrun":false,"job":"CI/unit","jobID":"unit","level":"info","matrix":{},"msg":"     \u001b[33m\u001b[2m✓\u001b[22m\u001b[39m calculates columns: width=220, minCol=100, gap=10 -\u003e 2 cols\u001b[32m 300\u001b[2mms\u001b[22m\u001b[39m\n","raw_output":true,"stage":"Main","step":"Unit tests with coverage","stepID":["3"],"time":"2026-09-10T12:05:24Z"}
{"dryrun":false,"job":"CI/unit","jobID":"unit","level":"info","matrix":{},"msg":"     \u001b[33m\u001b[2m✓\u001b[22m\u001b[39m warns if max_col_width \u003c min_col_width\u001b[33m 317\u001b[2mms\u001b[22m\u001b[39m\n","raw_output":true,"stage":"Main","step":"Unit tests with coverage","stepID":["3"],"time":"2026-09-10T12:05:24Z"}
{"dryrun":false,"job":"CI/unit","jobID":"unit","level":"info","matrix":{},"msg":"     \u001b[33m\u001b[2m✓\u001b[22m\u001b[39m resolves column count from { initial_cols: 99, masonry_width: 0 }\u001b[33m 325\u001b[2mms\u001b[22m\u001b[39m\n","raw_output":true,"stage":"Main","step":"Unit tests with coverage","stepID":["3"],"time":"2026-09-10T12:05:24Z"}
{"dryrun":false,"job":"CI/unit","jobID":"unit","level":"info","matrix":{},"msg":"     \u001b[33m\u001b[2m✓\u001b[22m\u001b[39m resolves column count from { masonry_width: 0, …(1) }\u001b[33m 441\u001b[2mms\u001b[22m\u001b[39m\n","raw_output":true,"stage":"Main","step":"Unit tests with coverage","stepID":["3"],"time":"2026-09-10T12:05:24Z"}
{"dryrun":false,"job":"CI/unit","jobID":"unit","level":"info","matrix":{},"msg":" \u001b[32m✓\u001b[39m tests/vitest/text-search.test.ts \u001b[2m(\u001b[22m\u001b[2m62 tests\u001b[22m\u001b[2m)\u001b[22m\u001b[32m 121\u001b[2mms\u001b[22m\u001b[39m\n","raw_output":true,"stage":"Main","step":"Unit tests with coverage","stepID":["3"],"time":"2026-09-10T12:05:24Z"}
{"dryrun":false,"job":"CI/unit","jobID":"unit","level":"info","matrix":{},"msg":"\u001b[90mstderr\u001b[2m | tests/vitest/SettingsSection.svelte.test.ts\u001b[2m \u003e \u001b[22m\u001b[2mSettingsSection\u001b[2m \u003e \u001b[22m\u001b[2mresets existing key to its mounted state\n","raw_output":true,"stage":"Main","step":"Unit tests with coverage","stepID":["3"],"time":"2026-09-10T12:05:26Z"}
{"dryrun":false,"job":"CI/unit","jobID":"unit","level":"info","matrix":{},"msg":"\u001b[22m\u001b[39m[svelte] assignment_value_stale\n","raw_output":true,"stage":"Main","step":"Unit tests with coverage","stepID":["3"],"time":"2026-09-10T12:05:26Z"}
{"dryrun":false,"job":"CI/unit","jobID":"unit","level":"info","matrix":{},"msg":"Assignment to `values` property (tests/​​vitest/​​SettingsSection.svelte.test.ts:180:18) will evaluate to the right-hand side, not the value of `values` following the assignment. This may result in unexpected behaviour.\n","raw_output":true,"stage":"Main","step":"Unit tests with coverage","stepID":["3"],"time":"2026-09-10T12:05:26Z"}
{"dryrun":false,"job":"CI/unit","jobID":"unit","level":"info","matrix":{},"msg":"https://svelte.dev/e/assignment_value_stale\n","raw_output":true,"stage":"Main","step":"Unit tests with coverage","stepID":["3"],"time":"2026-09-10T12:05:26Z"}
{"dryrun":false,"job":"CI/unit","jobID":"unit","level":"info","matrix":{},"msg":"\n","raw_output":true,"stage":"Main","step":"Unit tests with coverage","stepID":["3"],"time":"2026-09-10T12:05:26Z"}
{"dryrun":false,"job":"CI/unit","jobID":"unit","level":"info","matrix":{},"msg":"\u001b[90mstderr\u001b[2m | tests/vitest/SettingsSection.svelte.test.ts\u001b[2m \u003e \u001b[22m\u001b[2mSettingsSection\u001b[2m \u003e \u001b[22m\u001b[2mresets new key to its mounted state\n","raw_output":true,"stage":"Main","step":"Unit tests with coverage","stepID":["3"],"time":"2026-09-10T12:05:26Z"}
{"dryrun":false,"job":"CI/unit","jobID":"unit","level":"info","matrix":{},"msg":"\u001b[22m\u001b[39m[svelte] assignment_value_stale\n","raw_output":true,"stage":"Main","step":"Unit tests with coverage","stepID":["3"],"time":"2026-09-10T12:05:26Z"}
{"dryrun":false,"job":"CI/unit","jobID":"unit","level":"info","matrix":{},"msg":"Assignment to `values` property (tests/​​vitest/​​SettingsSection.svelte.test.ts:180:18) will evaluate to the right-hand side, not the value of `values` following the assignment. This may result in unexpected behaviour.\n","raw_output":true,"stage":"Main","step":"Unit tests with coverage","stepID":["3"],"time":"2026-09-10T12:05:26Z"}
{"dryrun":false,"job":"CI/unit","jobID":"unit","level":"info","matrix":{},"msg":"https://svelte.dev/e/assignment_value_stale\n","raw_output":true,"stage":"Main","step":"Unit tests with coverage","stepID":["3"],"time":"2026-09-10T12:05:26Z"}
{"dryrun":false,"job":"CI/unit","jobID":"unit","level":"info","matrix":{},"msg":"\n","raw_output":true,"stage":"Main","step":"Unit tests with coverage","stepID":["3"],"time":"2026-09-10T12:05:26Z"}
{"dryrun":false,"job":"CI/unit","jobID":"unit","level":"info","matrix":{},"msg":"\u001b[90mstderr\u001b[2m | tests/vitest/SettingsSection.svelte.test.ts\u001b[2m \u003e \u001b[22m\u001b[2mSettingsSection\u001b[2m \u003e \u001b[22m\u001b[2mresets underscored key to its mounted state\n","raw_output":true,"stage":"Main","step":"Unit tests with coverage","stepID":["3"],"time":"2026-09-10T12:05:26Z"}
{"dryrun":false,"job":"CI/unit","jobID":"unit","level":"info","matrix":{},"msg":"\u001b[22m\u001b[39m[svelte] assignment_value_stale\n","raw_output":true,"stage":"Main","step":"Unit tests with coverage","stepID":["3"],"time":"2026-09-10T12:05:26Z"}
{"dryrun":false,"job":"CI/unit","jobID":"unit","level":"info","matrix":{},"msg":"Assignment to `values` property (tests/​​vitest/​​SettingsSection.svelte.test.ts:180:18) will evaluate to the right-hand side, not the value of `values` following the assignment. This may result in unexpected behaviour.\n","raw_output":true,"stage":"Main","step":"Unit tests with coverage","stepID":["3"],"time":"2026-09-10T12:05:26Z"}
{"dryrun":false,"job":"CI/unit","jobID":"unit","level":"info","matrix":{},"msg":"https://svelte.dev/e/assignment_value_stale\n","raw_output":true,"stage":"Main","step":"Unit tests with coverage","stepID":["3"],"time":"2026-09-10T12:05:26Z"}
{"dryrun":false,"job":"CI/unit","jobID":"unit","level":"info","matrix":{},"msg":"\n","raw_output":true,"stage":"Main","step":"Unit tests with coverage","stepID":["3"],"time":"2026-09-10T12:05:26Z"}
{"dryrun":false,"job":"CI/unit","jobID":"unit","level":"info","matrix":{},"msg":"\u001b[90mstderr\u001b[2m | tests/vitest/SettingsSection.svelte.test.ts\u001b[2m \u003e \u001b[22m\u001b[2mSettingsSection\u001b[2m \u003e \u001b[22m\u001b[2msection reset restores every changed key when on_reset is omitted\n","raw_output":true,"stage":"Main","step":"Unit tests with coverage","stepID":["3"],"time":"2026-09-10T12:05:26Z"}
{"dryrun":false,"job":"CI/unit","jobID":"unit","level":"info","matrix":{},"msg":"\u001b[22m\u001b[39m[svelte] assignment_value_stale\n","raw_output":true,"stage":"Main","step":"Unit tests with coverage","stepID":["3"],"time":"2026-09-10T12:05:26Z"}
{"dryrun":false,"job":"CI/unit","jobID":"unit","level":"info","matrix":{},"msg":"Assignment to `values` property (tests/​​vitest/​​SettingsSection.svelte.test.ts:207:18) will evaluate to the right-hand side, not the value of `values` following the assignment. This may result in unexpected behaviour.\n","raw_output":true,"stage":"Main","step":"Unit tests with coverage","stepID":["3"],"time":"2026-09-10T12:05:26Z"}
{"dryrun":false,"job":"CI/unit","jobID":"unit","level":"info","matrix":{},"msg":"https://svelte.dev/e/assignment_value_stale\n","raw_output":true,"stage":"Main","step":"Unit tests with coverage","stepID":["3"],"time":"2026-09-10T12:05:26Z"}
{"dryrun":false,"job":"CI/unit","jobID":"unit","level":"info","matrix":{},"msg":"\n","raw_output":true,"stage":"Main","step":"Unit tests with coverage","stepID":["3"],"time":"2026-09-10T12:05:26Z"}
{"dryrun":false,"job":"CI/unit","jobID":"unit","level":"info","matrix":{},"msg":" \u001b[32m✓\u001b[39m tests/vitest/SettingsSection.svelte.test.ts \u001b[2m(\u001b[22m\u001b[2m18 tests\u001b[22m\u001b[2m)\u001b[22m\u001b[33m 347\u001b[2mms\u001b[22m\u001b[39m\n","raw_output":true,"stage":"Main","step":"Unit tests with coverage","stepID":["3"],"time":"2026-09-10T12:05:26Z"}
{"dryrun":false,"job":"CI/unit","jobID":"unit","level":"info","matrix":{},"msg":" \u001b[32m✓\u001b[39m tests/vitest/RangeSlider.svelte.test.ts \u001b[2m(\u001b[22m\u001b[2m98 tests\u001b[22m\u001b[2m)\u001b[22m\u001b[33m 1137\u001b[2mms\u001b[22m\u001b[39m\n","raw_output":true,"stage":"Main","step":"Unit tests with coverage","stepID":["3"],"time":"2026-09-10T12:05:27Z"}
{"dryrun":false,"job":"CI/unit","jobID":"unit","level":"info","matrix":{},"msg":" \u001b[32m✓\u001b[39m tests/vitest/code-editor-diff-view.svelte.test.ts \u001b[2m(\u001b[22m\u001b[2m18 tests\u001b[22m\u001b[2m)\u001b[22m\u001b[33m 2084\u001b[2mms\u001b[22m\u001b[39m\n","raw_output":true,"stage":"Main","step":"Unit tests with coverage","stepID":["3"],"time":"2026-09-10T12:05:28Z"}
{"dryrun":false,"job":"CI/unit","jobID":"unit","level":"info","matrix":{},"msg":"   \u001b[33m\u001b[2m✓\u001b[22m\u001b[39m 150000 elided lines expand and keep gaps independent\u001b[33m 764\u001b[2mms\u001b[22m\u001b[39m\n","raw_output":true,"stage":"Main","step":"Unit tests with coverage","stepID":["3"],"time":"2026-09-10T12:05:28Z"}
{"dryrun":false,"job":"CI/unit","jobID":"unit","level":"info","matrix":{},"msg":" \u001b[32m✓\u001b[39m tests/vitest/ActionMenu.svelte.test.ts \u001b[2m(\u001b[22m\u001b[2m39 tests\u001b[22m\u001b[2m)\u001b[22m\u001b[33m 467\u001b[2mms\u001b[22m\u001b[39m\n","raw_output":true,"stage":"Main","step":"Unit tests with coverage","stepID":["3"],"time":"2026-09-10T12:05:28Z"}
{"dryrun":false,"job":"CI/unit","jobID":"unit","level":"info","matrix":{},"msg":" \u001b[32m✓\u001b[39m tests/vitest/CopyButton.test.ts \u001b[2m(\u001b[22m\u001b[2m40 tests\u001b[22m\u001b[2m)\u001b[22m\u001b[33m 615\u001b[2mms\u001b[22m\u001b[39m\n","raw_output":true,"stage":"Main","step":"Unit tests with coverage","stepID":["3"],"time":"2026-09-10T12:05:29Z"}
{"dryrun":false,"job":"CI/unit","jobID":"unit","level":"info","matrix":{},"msg":" \u001b[32m✓\u001b[39m tests/vitest/ButtonGroup.test.ts \u001b[2m(\u001b[22m\u001b[2m36 tests\u001b[22m\u001b[2m)\u001b[22m\u001b[33m 440\u001b[2mms\u001b[22m\u001b[39m\n","raw_output":true,"stage":"Main","step":"Unit tests with coverage","stepID":["3"],"time":"2026-09-10T12:05:30Z"}
{"dryrun":false,"job":"CI/unit","jobID":"unit","level":"info","matrix":{},"msg":"\u001b[90mstderr\u001b[2m | tests/vitest/fullscreen.test.ts\u001b[2m \u003e \u001b[22m\u001b[2mflag \u003c-\u003e browser sync\u001b[2m \u003e \u001b[22m\u001b[2munmounting stops tracking fullscreenchange\n","raw_output":true,"stage":"Main","step":"Unit tests with coverage","stepID":["3"],"time":"2026-09-10T12:05:31Z"}
{"dryrun":false,"job":"CI/unit","jobID":"unit","level":"info","matrix":{},"msg":"\u001b[22m\u001b[39m[svelte] lifecycle_double_unmount\n","raw_output":true,"stage":"Main","step":"Unit tests with coverage","stepID":["3"],"time":"2026-09-10T12:05:31Z"}
{"dryrun":false,"job":"CI/unit","jobID":"unit","level":"info","matrix":{},"msg":"Tried to unmount a component that was not mounted\n","raw_output":true,"stage":"Main","step":"Unit tests with coverage","stepID":["3"],"time":"2026-09-10T12:05:31Z"}
{"dryrun":false,"job":"CI/unit","jobID":"unit","level":"info","matrix":{},"msg":"https://svelte.dev/e/lifecycle_double_unmount\n","raw_output":true,"stage":"Main","step":"Unit tests with coverage","stepID":["3"],"time":"2026-09-10T12:05:31Z"}
{"dryrun":false,"job":"CI/unit","jobID":"unit","level":"info","matrix":{},"msg":"\n","raw_output":true,"stage":"Main","step":"Unit tests with coverage","stepID":["3"],"time":"2026-09-10T12:05:31Z"}
{"dryrun":false,"job":"CI/unit","jobID":"unit","level":"info","matrix":{},"msg":" \u001b[32m✓\u001b[39m tests/vitest/fullscreen.test.ts \u001b[2m(\u001b[22m\u001b[2m24 tests\u001b[22m\u001b[2m)\u001b[22m\u001b[32m 208\u001b[2mms\u001b[22m\u001b[39m\n","raw_output":true,"stage":"Main","step":"Unit tests with coverage","stepID":["3"],"time":"2026-09-10T12:05:31Z"}
{"dryrun":false,"job":"CI/unit","jobID":"unit","level":"info","matrix":{},"msg":" \u001b[32m✓\u001b[39m tests/vitest/attachments/focus-trap.test.ts \u001b[2m(\u001b[22m\u001b[2m25 tests\u001b[22m\u001b[2m)\u001b[22m\u001b[32m 159\u001b[2mms\u001b[22m\u001b[39m\n","raw_output":true,"stage":"Main","step":"Unit tests with coverage","stepID":["3"],"time":"2026-09-10T12:05:31Z"}
{"dryrun":false,"job":"CI/unit","jobID":"unit","level":"info","matrix":{},"msg":" \u001b[32m✓\u001b[39m tests/vitest/attachments/click-outside.test.ts \u001b[2m(\u001b[22m\u001b[2m19 tests\u001b[22m\u001b[2m)\u001b[22m\u001b[32m 51\u001b[2mms\u001b[22m\u001b[39m\n","raw_output":true,"stage":"Main","step":"Unit tests with coverage","stepID":["3"],"time":"2026-09-10T12:05:31Z"}
{"dryrun":false,"job":"CI/unit","jobID":"unit","level":"info","matrix":{},"msg":" \u001b[32m✓\u001b[39m tests/vitest/attachments/highlight-matches.test.ts \u001b[2m(\u001b[22m\u001b[2m28 tests\u001b[22m\u001b[2m)\u001b[22m\u001b[32m 64\u001b[2mms\u001b[22m\u001b[39m\n","raw_output":true,"stage":"Main","step":"Unit tests with coverage","stepID":["3"],"time":"2026-09-10T12:05:32Z"}
{"dryrun":false,"job":"CI/unit","jobID":"unit","level":"info","matrix":{},"msg":" \u001b[32m✓\u001b[39m tests/vitest/markdown-content.test.ts \u001b[2m(\u001b[22m\u001b[2m44 tests\u001b[22m\u001b[2m)\u001b[22m\u001b[33m 597\u001b[2mms\u001b[22m\u001b[39m\n","raw_output":true,"stage":"Main","step":"Unit tests with coverage","stepID":["3"],"time":"2026-09-10T12:05:33Z"}
{"dryrun":false,"job":"CI/unit","jobID":"unit","level":"info","matrix":{},"msg":"   \u001b[32m✓\u001b[39m Markdown content manifests \u001b[2m(37)\u001b[22m\n","raw_output":true,"stage":"Main","step":"Unit tests with coverage","stepID":["3"],"time":"2026-09-10T12:05:33Z"}
{"dryrun":false,"job":"CI/unit","jobID":"unit","level":"info","matrix":{},"msg":"     \u001b[33m\u001b[2m✓\u001b[22m\u001b[39m maps quoted lists with trailing whitespace: \"\u003e - [Next](/next) \"\u001b[33m 463\u001b[2mms\u001b[22m\u001b[39m\n","raw_output":true,"stage":"Main","step":"Unit tests with coverage","stepID":["3"],"time":"2026-09-10T12:05:33Z"}
{"dryrun":false,"job":"CI/unit","jobID":"unit","level":"info","matrix":{},"msg":" \u001b[32m✓\u001b[39m tests/vitest/SettingsSearch.svelte.test.ts \u001b[2m(\u001b[22m\u001b[2m14 tests\u001b[22m\u001b[2m)\u001b[22m\u001b[33m 860\u001b[2mms\u001b[22m\u001b[39m\n","raw_output":true,"stage":"Main","step":"Unit tests with coverage","stepID":["3"],"time":"2026-09-10T12:05:35Z"}
{"dryrun":false,"job":"CI/unit","jobID":"unit","level":"info","matrix":{},"msg":"   \u001b[32m✓\u001b[39m SettingsSearch \u001b[2m(14)\u001b[22m\n","raw_output":true,"stage":"Main","step":"Unit tests with coverage","stepID":["3"],"time":"2026-09-10T12:05:35Z"}
{"dryrun":false,"job":"CI/unit","jobID":"unit","level":"info","matrix":{},"msg":"     \u001b[33m\u001b[2m✓\u001b[22m\u001b[39m reuses its search index and refreshes changed text, metadata and rows\u001b[33m 352\u001b[2mms\u001b[22m\u001b[39m\n","raw_output":true,"stage":"Main","step":"Unit tests with coverage","stepID":["3"],"time":"2026-09-10T12:05:35Z"}
{"dryrun":false,"job":"CI/unit","jobID":"unit","level":"info","matrix":{},"msg":" \u001b[32m✓\u001b[39m tests/vitest/FileDetails.svelte.test.ts \u001b[2m(\u001b[22m\u001b[2m28 tests\u001b[22m\u001b[2m)\u001b[22m\u001b[33m 2182\u001b[2mms\u001b[22m\u001b[39m\n","raw_output":true,"stage":"Main","step":"Unit tests with coverage","stepID":["3"],"time":"2026-09-10T12:05:35Z"}
{"dryrun":false,"job":"CI/unit","jobID":"unit","level":"info","matrix":{},"msg":"   \u001b[33m\u001b[2m✓\u001b[22m\u001b[39m unsupported language falls back to escaped raw content\u001b[33m 1319\u001b[2mms\u001b[22m\u001b[39m\n","raw_output":true,"stage":"Main","step":"Unit tests with coverage","stepID":["3"],"time":"2026-09-10T12:05:35Z"}
{"dryrun":false,"job":"CI/unit","jobID":"unit","level":"info","matrix":{},"msg":" \u001b[32m✓\u001b[39m tests/vitest/Popover.svelte.test.ts \u001b[2m(\u001b[22m\u001b[2m18 tests\u001b[22m\u001b[2m)\u001b[22m\u001b[32m 247\u001b[2mms\u001b[22m\u001b[39m\n","raw_output":true,"stage":"Main","step":"Unit tests with coverage","stepID":["3"],"time":"2026-09-10T12:05:36Z"}
{"dryrun":false,"job":"CI/unit","jobID":"unit","level":"info","matrix":{},"msg":" \u001b[32m✓\u001b[39m tests/vitest/FindBar.svelte.test.ts \u001b[2m(\u001b[22m\u001b[2m24 tests\u001b[22m\u001b[2m)\u001b[22m\u001b[32m 202\u001b[2mms\u001b[22m\u001b[39m\n","raw_output":true,"stage":"Main","step":"Unit tests with coverage","stepID":["3"],"time":"2026-09-10T12:05:36Z"}
{"dryrun":false,"job":"CI/unit","jobID":"unit","level":"info","matrix":{},"msg":" \u001b[32m✓\u001b[39m tests/vitest/code-editor-model.test.ts \u001b[2m(\u001b[22m\u001b[2m27 tests\u001b[22m\u001b[2m | \u001b[22m\u001b[33m1 skipped\u001b[39m\u001b[2m)\u001b[22m\u001b[32m 145\u001b[2mms\u001b[22m\u001b[39m\n","raw_output":true,"stage":"Main","step":"Unit tests with coverage","stepID":["3"],"time":"2026-09-10T12:05:37Z"}
{"dryrun":false,"job":"CI/unit","jobID":"unit","level":"info","matrix":{},"msg":" \u001b[32m✓\u001b[39m tests/vitest/attachments/file-drop.test.ts \u001b[2m(\u001b[22m\u001b[2m12 tests\u001b[22m\u001b[2m)\u001b[22m\u001b[33m 505\u001b[2mms\u001b[22m\u001b[39m\n","raw_output":true,"stage":"Main","step":"Unit tests with coverage","stepID":["3"],"time":"2026-09-10T12:05:37Z"}
{"dryrun":false,"job":"CI/unit","jobID":"unit","level":"info","matrix":{},"msg":" \u001b[32m✓\u001b[39m tests/vitest/attachments/draggable.test.ts \u001b[2m(\u001b[22m\u001b[2m18 tests\u001b[22m\u001b[2m)\u001b[22m\u001b[32m 63\u001b[2mms\u001b[22m\u001b[39m\n","raw_output":true,"stage":"Main","step":"Unit tests with coverage","stepID":["3"],"time":"2026-09-10T12:05:38Z"}
{"dryrun":false,"job":"CI/unit","jobID":"unit","level":"info","matrix":{},"msg":" \u001b[32m✓\u001b[39m tests/vitest/ConfirmDialog.svelte.test.ts \u001b[2m(\u001b[22m\u001b[2m12 tests\u001b[22m\u001b[2m)\u001b[22m\u001b[32m 223\u001b[2mms\u001b[22m\u001b[39m\n","raw_output":true,"stage":"Main","step":"Unit tests with coverage","stepID":["3"],"time":"2026-09-10T12:05:38Z"}
{"dryrun":false,"job":"CI/unit","jobID":"unit","level":"info","matrix":{},"msg":" \u001b[32m✓\u001b[39m tests/vitest/SplitPane.test.ts \u001b[2m(\u001b[22m\u001b[2m24 tests\u001b[22m\u001b[2m)\u001b[22m\u001b[32m 166\u001b[2mms\u001b[22m\u001b[39m\n","raw_output":true,"stage":"Main","step":"Unit tests with coverage","stepID":["3"],"time":"2026-09-10T12:05:39Z"}
{"dryrun":false,"job":"CI/unit","jobID":"unit","level":"info","matrix":{},"msg":" \u001b[32m✓\u001b[39m tests/vitest/MultiSelect.paste.svelte.test.ts \u001b[2m(\u001b[22m\u001b[2m22 tests\u001b[22m\u001b[2m)\u001b[22m\u001b[33m 446\u001b[2mms\u001b[22m\u001b[39m\n","raw_output":true,"stage":"Main","step":"Unit tests with coverage","stepID":["3"],"time":"2026-09-10T12:05:40Z"}
{"dryrun":false,"job":"CI/unit","jobID":"unit","level":"info","matrix":{},"msg":" \u001b[32m✓\u001b[39m tests/vitest/canvas.svelte.test.ts \u001b[2m(\u001b[22m\u001b[2m14 tests\u001b[22m\u001b[2m)\u001b[22m\u001b[32m 141\u001b[2mms\u001b[22m\u001b[39m\n","raw_output":true,"stage":"Main","step":"Unit tests with coverage","stepID":["3"],"time":"2026-09-10T12:05:40Z"}
{"dryrun":false,"job":"CI/unit","jobID":"unit","level":"info","matrix":{},"msg":" \u001b[32m✓\u001b[39m tests/vitest/heading-anchors.test.ts \u001b[2m(\u001b[22m\u001b[2m32 tests\u001b[22m\u001b[2m)\u001b[22m\u001b[32m 143\u001b[2mms\u001b[22m\u001b[39m\n","raw_output":true,"stage":"Main","step":"Unit tests with coverage","stepID":["3"],"time":"2026-09-10T12:05:41Z"}
{"dryrun":false,"job":"CI/unit","jobID":"unit","level":"info","matrix":{},"msg":" \u001b[32m✓\u001b[39m tests/vitest/MultiSelect.portal.svelte.test.ts \u001b[2m(\u001b[22m\u001b[2m13 tests\u001b[22m\u001b[2m)\u001b[22m\u001b[33m 472\u001b[2mms\u001b[22m\u001b[39m\n","raw_output":true,"stage":"Main","step":"Unit tests with coverage","stepID":["3"],"time":"2026-09-10T12:05:42Z"}
{"dryrun":false,"job":"CI/unit","jobID":"unit","level":"info","matrix":{},"msg":" \u001b[32m✓\u001b[39m tests/vitest/Dialog.svelte.test.ts \u001b[2m(\u001b[22m\u001b[2m16 tests\u001b[22m\u001b[2m)\u001b[22m\u001b[32m 167\u001b[2mms\u001b[22m\u001b[39m\n","raw_output":true,"stage":"Main","step":"Unit tests with coverage","stepID":["3"],"time":"2026-09-10T12:05:42Z"}
{"dryrun":false,"job":"CI/unit","jobID":"unit","level":"info","matrix":{},"msg":" \u001b[32m✓\u001b[39m tests/vitest/MultiSelect.a11y.svelte.test.ts \u001b[2m(\u001b[22m\u001b[2m15 tests\u001b[22m\u001b[2m)\u001b[22m\u001b[33m 354\u001b[2mms\u001b[22m\u001b[39m\n","raw_output":true,"stage":"Main","step":"Unit tests with coverage","stepID":["3"],"time":"2026-09-10T12:05:43Z"}
{"dryrun":false,"job":"CI/unit","jobID":"unit","level":"info","matrix":{},"msg":" \u001b[32m✓\u001b[39m tests/vitest/WidgetFeatures.svelte.test.ts \u001b[2m(\u001b[22m\u001b[2m15 tests\u001b[22m\u001b[2m)\u001b[22m\u001b[32m 190\u001b[2mms\u001b[22m\u001b[39m\n","raw_output":true,"stage":"Main","step":"Unit tests with coverage","stepID":["3"],"time":"2026-09-10T12:05:43Z"}
{"dryrun":false,"job":"CI/unit","jobID":"unit","level":"info","matrix":{},"msg":" \u001b[32m✓\u001b[39m tests/vitest/pagefind.test.ts \u001b[2m(\u001b[22m\u001b[2m19 tests\u001b[22m\u001b[2m)\u001b[22m\u001b[32m 40\u001b[2mms\u001b[22m\u001b[39m\n","raw_output":true,"stage":"Main","step":"Unit tests with coverage","stepID":["3"],"time":"2026-09-10T12:05:44Z"}
{"dryrun":false,"job":"CI/unit","jobID":"unit","level":"info","matrix":{},"msg":" \u001b[32m✓\u001b[39m tests/vitest/attachments/sortable.test.ts \u001b[2m(\u001b[22m\u001b[2m14 tests\u001b[22m\u001b[2m)\u001b[22m\u001b[32m 108\u001b[2mms\u001b[22m\u001b[39m\n","raw_output":true,"stage":"Main","step":"Unit tests with coverage","stepID":["3"],"time":"2026-09-10T12:05:45Z"}
{"dryrun":false,"job":"CI/unit","jobID":"unit","level":"info","matrix":{},"msg":" \u001b[32m✓\u001b[39m tests/vitest/assets.test.ts \u001b[2m(\u001b[22m\u001b[2m49 tests\u001b[22m\u001b[2m)\u001b[22m\u001b[33m 350\u001b[2mms\u001b[22m\u001b[39m\n","raw_output":true,"stage":"Main","step":"Unit tests with coverage","stepID":["3"],"time":"2026-09-10T12:05:45Z"}
{"dryrun":false,"job":"CI/unit","jobID":"unit","level":"info","matrix":{},"msg":" \u001b[32m✓\u001b[39m tests/vitest/source-links.test.ts \u001b[2m(\u001b[22m\u001b[2m20 tests\u001b[22m\u001b[2m)\u001b[22m\u001b[32m 109\u001b[2mms\u001b[22m\u001b[39m\n","raw_output":true,"stage":"Main","step":"Unit tests with coverage","stepID":["3"],"time":"2026-09-10T12:05:45Z"}
{"dryrun":false,"job":"CI/unit","jobID":"unit","level":"info","matrix":{},"msg":" \u001b[32m✓\u001b[39m tests/vitest/file-drop.test.ts \u001b[2m(\u001b[22m\u001b[2m18 tests\u001b[22m\u001b[2m)\u001b[22m\u001b[33m 357\u001b[2mms\u001b[22m\u001b[39m\n","raw_output":true,"stage":"Main","step":"Unit tests with coverage","stepID":["3"],"time":"2026-09-10T12:05:46Z"}
{"dryrun":false,"job":"CI/unit","jobID":"unit","level":"info","matrix":{},"msg":"   \u001b[33m\u001b[2m✓\u001b[22m\u001b[39m a branching cycle is stopped by the entry budget\u001b[33m 324\u001b[2mms\u001b[22m\u001b[39m\n","raw_output":true,"stage":"Main","step":"Unit tests with coverage","stepID":["3"],"time":"2026-09-10T12:05:46Z"}
{"dryrun":false,"job":"CI/unit","jobID":"unit","level":"info","matrix":{},"msg":" \u001b[32m✓\u001b[39m tests/vitest/roving-focus.svelte.test.ts \u001b[2m(\u001b[22m\u001b[2m24 tests\u001b[22m\u001b[2m)\u001b[22m\u001b[33m 1003\u001b[2mms\u001b[22m\u001b[39m\n","raw_output":true,"stage":"Main","step":"Unit tests with coverage","stepID":["3"],"time":"2026-09-10T12:05:48Z"}
{"dryrun":false,"job":"CI/unit","jobID":"unit","level":"info","matrix":{},"msg":" \u001b[32m✓\u001b[39m tests/vitest/ThemeToggle.test.ts \u001b[2m(\u001b[22m\u001b[2m18 tests\u001b[22m\u001b[2m)\u001b[22m\u001b[33m 351\u001b[2mms\u001b[22m\u001b[39m\n","raw_output":true,"stage":"Main","step":"Unit tests with coverage","stepID":["3"],"time":"2026-09-10T12:05:49Z"}
{"dryrun":false,"job":"CI/unit","jobID":"unit","level":"info","matrix":{},"msg":" \u001b[32m✓\u001b[39m tests/vitest/attachments/contrast.test.ts \u001b[2m(\u001b[22m\u001b[2m73 tests\u001b[22m\u001b[2m)\u001b[22m\u001b[32m 53\u001b[2mms\u001b[22m\u001b[39m\n","raw_output":true,"stage":"Main","step":"Unit tests with coverage","stepID":["3"],"time":"2026-09-10T12:05:50Z"}
{"dryrun":false,"job":"CI/unit","jobID":"unit","level":"info","matrix":{},"msg":" \u001b[32m✓\u001b[39m tests/vitest/MultiSelect.virtualList.svelte.test.ts \u001b[2m(\u001b[22m\u001b[2m14 tests\u001b[22m\u001b[2m)\u001b[22m\u001b[33m 3593\u001b[2mms\u001b[22m\u001b[39m\n","raw_output":true,"stage":"Main","step":"Unit tests with coverage","stepID":["3"],"time":"2026-09-10T12:05:50Z"}
{"dryrun":false,"job":"CI/unit","jobID":"unit","level":"info","matrix":{},"msg":"   \u001b[32m✓\u001b[39m virtual_list \u001b[2m(14)\u001b[22m\n","raw_output":true,"stage":"Main","step":"Unit tests with coverage","stepID":["3"],"time":"2026-09-10T12:05:50Z"}
{"dryrun":false,"job":"CI/unit","jobID":"unit","level":"info","matrix":{},"msg":"     \u001b[33m\u001b[2m✓\u001b[22m\u001b[39m virtual_list={\"item_height\":30,\"overscan\":5} renders 19 of 1000 options\u001b[33m 307\u001b[2mms\u001b[22m\u001b[39m\n","raw_output":true,"stage":"Main","step":"Unit tests with coverage","stepID":["3"],"time":"2026-09-10T12:05:50Z"}
{"dryrun":false,"job":"CI/unit","jobID":"unit","level":"info","matrix":{},"msg":"     \u001b[33m\u001b[2m✓\u001b[22m\u001b[39m virtual_list=false renders 1000 of 1000 options\u001b[33m 1476\u001b[2mms\u001b[22m\u001b[39m\n","raw_output":true,"stage":"Main","step":"Unit tests with coverage","stepID":["3"],"time":"2026-09-10T12:05:50Z"}
{"dryrun":false,"job":"CI/unit","jobID":"unit","level":"info","matrix":{},"msg":"     \u001b[33m\u001b[2m✓\u001b[22m\u001b[39m scrolling the dropdown re-windows which options are rendered\u001b[33m 406\u001b[2mms\u001b[22m\u001b[39m\n","raw_output":true,"stage":"Main","step":"Unit tests with coverage","stepID":["3"],"time":"2026-09-10T12:05:50Z"}
{"dryrun":false,"job":"CI/unit","jobID":"unit","level":"info","matrix":{},"msg":" \u001b[32m✓\u001b[39m tests/vitest/code-editor-highlight-client.test.ts \u001b[2m(\u001b[22m\u001b[2m7 tests\u001b[22m\u001b[2m)\u001b[22m\u001b[33m 349\u001b[2mms\u001b[22m\u001b[39m\n","raw_output":true,"stage":"Main","step":"Unit tests with coverage","stepID":["3"],"time":"2026-09-10T12:05:51Z"}
{"dryrun":false,"job":"CI/unit","jobID":"unit","level":"info","matrix":{},"msg":" \u001b[32m✓\u001b[39m tests/vitest/MultiSelect.range.test.ts \u001b[2m(\u001b[22m\u001b[2m10 tests\u001b[22m\u001b[2m)\u001b[22m\u001b[33m 343\u001b[2mms\u001b[22m\u001b[39m\n","raw_output":true,"stage":"Main","step":"Unit tests with coverage","stepID":["3"],"time":"2026-09-10T12:05:52Z"}
{"dryrun":false,"job":"CI/unit","jobID":"unit","level":"info","matrix":{},"msg":"\u001b[90mstderr\u001b[2m | tests/vitest/site-content.test.ts\u001b[2m \u003e \u001b[22m\u001b[2menriches metadata and indexes scientific targets once without changing hydration markup\n","raw_output":true,"stage":"Main","step":"Unit tests with coverage","stepID":["3"],"time":"2026-09-10T12:05:53Z"}
{"dryrun":false,"job":"CI/unit","jobID":"unit","level":"info","matrix":{},"msg":"\u001b[22m\u001b[39mWarning: KaTeX doesn't work in quirks mode. Make sure your website has a suitable doctype.\n","raw_output":true,"stage":"Main","step":"Unit tests with coverage","stepID":["3"],"time":"2026-09-10T12:05:53Z"}
{"dryrun":false,"job":"CI/unit","jobID":"unit","level":"info","matrix":{},"msg":"\n","raw_output":true,"stage":"Main","step":"Unit tests with coverage","stepID":["3"],"time":"2026-09-10T12:05:53Z"}
{"dryrun":false,"job":"CI/unit","jobID":"unit","level":"info","matrix":{},"msg":" \u001b[32m✓\u001b[39m tests/vitest/site-content.test.ts \u001b[2m(\u001b[22m\u001b[2m4 tests\u001b[22m\u001b[2m)\u001b[22m\u001b[33m 644\u001b[2mms\u001b[22m\u001b[39m\n","raw_output":true,"stage":"Main","step":"Unit tests with coverage","stepID":["3"],"time":"2026-09-10T12:05:53Z"}
{"dryrun":false,"job":"CI/unit","jobID":"unit","level":"info","matrix":{},"msg":"   \u001b[33m\u001b[2m✓\u001b[22m\u001b[39m uses rendered anchors, authored locations, and ignores only marked demo links\u001b[33m 456\u001b[2mms\u001b[22m\u001b[39m\n","raw_output":true,"stage":"Main","step":"Unit tests with coverage","stepID":["3"],"time":"2026-09-10T12:05:53Z"}
{"dryrun":false,"job":"CI/unit","jobID":"unit","level":"info","matrix":{},"msg":" \u001b[32m✓\u001b[39m tests/vitest/Icon.test.ts \u001b[2m(\u001b[22m\u001b[2m14 tests\u001b[22m\u001b[2m)\u001b[22m\u001b[33m 4288\u001b[2mms\u001b[22m\u001b[39m\n","raw_output":true,"stage":"Main","step":"Unit tests with coverage","stepID":["3"],"time":"2026-09-10T12:05:57Z"}
{"dryrun":false,"job":"CI/unit","jobID":"unit","level":"info","matrix":{},"msg":"   \u001b[32m✓\u001b[39m Icon \u001b[2m(7)\u001b[22m\n","raw_output":true,"stage":"Main","step":"Unit tests with coverage","stepID":["3"],"time":"2026-09-10T12:05:57Z"}
{"dryrun":false,"job":"CI/unit","jobID":"unit","level":"info","matrix":{},"msg":"     \u001b[33m\u001b[2m✓\u001b[22m\u001b[39m every icon renders its viewBox, fill, stroke and shape\u001b[33m 1085\u001b[2mms\u001b[22m\u001b[39m\n","raw_output":true,"stage":"Main","step":"Unit tests with coverage","stepID":["3"],"time":"2026-09-10T12:05:57Z"}
{"dryrun":false,"job":"CI/unit","jobID":"unit","level":"info","matrix":{},"msg":"   \u001b[32m✓\u001b[39m icon catalog page \u001b[2m(1)\u001b[22m\n","raw_output":true,"stage":"Main","step":"Unit tests with coverage","stepID":["3"],"time":"2026-09-10T12:05:57Z"}
{"dryrun":false,"job":"CI/unit","jobID":"unit","level":"info","matrix":{},"msg":"     \u001b[33m\u001b[2m✓\u001b[22m\u001b[39m clears a stale copy error before retrying\u001b[33m 3116\u001b[2mms\u001b[22m\u001b[39m\n","raw_output":true,"stage":"Main","step":"Unit tests with coverage","stepID":["3"],"time":"2026-09-10T12:05:57Z"}
{"dryrun":false,"job":"CI/unit","jobID":"unit","level":"info","matrix":{},"msg":" \u001b[32m✓\u001b[39m tests/vitest/highlight/highlighter.test.ts \u001b[2m(\u001b[22m\u001b[2m27 tests\u001b[22m\u001b[2m)\u001b[22m\u001b[33m 3499\u001b[2mms\u001b[22m\u001b[39m\n","raw_output":true,"stage":"Main","step":"Unit tests with coverage","stepID":["3"],"time":"2026-09-10T12:05:57Z"}
{"dryrun":false,"job":"CI/unit","jobID":"unit","level":"info","matrix":{},"msg":"   \u001b[33m\u001b[2m✓\u001b[22m\u001b[39m keeps the default_highlighter browser bundle within its gzip budget\u001b[33m 939\u001b[2mms\u001b[22m\u001b[39m\n","raw_output":true,"stage":"Main","step":"Unit tests with coverage","stepID":["3"],"time":"2026-09-10T12:05:57Z"}
{"dryrun":false,"job":"CI/unit","jobID":"unit","level":"info","matrix":{},"msg":"   \u001b[33m\u001b[2m✓\u001b[22m\u001b[39m keeps the create_highlighter browser bundle within its gzip budget\u001b[33m 419\u001b[2mms\u001b[22m\u001b[39m\n","raw_output":true,"stage":"Main","step":"Unit tests with coverage","stepID":["3"],"time":"2026-09-10T12:05:57Z"}
{"dryrun":false,"job":"CI/unit","jobID":"unit","level":"info","matrix":{},"msg":"   \u001b[32m✓\u001b[39m default_highlighter.highlight_block \u001b[2m(20)\u001b[22m\n","raw_output":true,"stage":"Main","step":"Unit tests with coverage","stepID":["3"],"time":"2026-09-10T12:05:57Z"}
{"dryrun":false,"job":"CI/unit","jobID":"unit","level":"info","matrix":{},"msg":"     \u001b[33m\u001b[2m✓\u001b[22m\u001b[39m shares one default instance with lazy component consumers\u001b[33m 1311\u001b[2mms\u001b[22m\u001b[39m\n","raw_output":true,"stage":"Main","step":"Unit tests with coverage","stepID":["3"],"time":"2026-09-10T12:05:57Z"}
{"dryrun":false,"job":"CI/unit","jobID":"unit","level":"info","matrix":{},"msg":" \u001b[32m✓\u001b[39m tests/vitest/Tabs.svelte.test.ts \u001b[2m(\u001b[22m\u001b[2m10 tests\u001b[22m\u001b[2m)\u001b[22m\u001b[32m 121\u001b[2mms\u001b[22m\u001b[39m\n","raw_output":true,"stage":"Main","step":"Unit tests with coverage","stepID":["3"],"time":"2026-09-10T12:05:58Z"}
{"dryrun":false,"job":"CI/unit","jobID":"unit","level":"info","matrix":{},"msg":" \u001b[32m✓\u001b[39m tests/vitest/Accordion.svelte.test.ts \u001b[2m(\u001b[22m\u001b[2m11 tests\u001b[22m\u001b[2m)\u001b[22m\u001b[32m 113\u001b[2mms\u001b[22m\u001b[39m\n","raw_output":true,"stage":"Main","step":"Unit tests with coverage","stepID":["3"],"time":"2026-09-10T12:05:58Z"}
{"dryrun":false,"job":"CI/unit","jobID":"unit","level":"info","matrix":{},"msg":" \u001b[32m✓\u001b[39m tests/vitest/LiteYouTubeEmbed.svelte.test.ts \u001b[2m(\u001b[22m\u001b[2m11 tests\u001b[22m\u001b[2m)\u001b[22m\u001b[32m 164\u001b[2mms\u001b[22m\u001b[39m\n","raw_output":true,"stage":"Main","step":"Unit tests with coverage","stepID":["3"],"time":"2026-09-10T12:05:59Z"}
{"dryrun":false,"job":"CI/unit","jobID":"unit","level":"info","matrix":{},"msg":" \u001b[32m✓\u001b[39m tests/vitest/ActionButton.test.ts \u001b[2m(\u001b[22m\u001b[2m10 tests\u001b[22m\u001b[2m)\u001b[22m\u001b[32m 162\u001b[2mms\u001b[22m\u001b[39m\n","raw_output":true,"stage":"Main","step":"Unit tests with coverage","stepID":["3"],"time":"2026-09-10T12:06:00Z"}
{"dryrun":false,"job":"CI/unit","jobID":"unit","level":"info","matrix":{},"msg":" \u001b[32m✓\u001b[39m tests/vitest/DemoNav.test.ts \u001b[2m(\u001b[22m\u001b[2m8 tests\u001b[22m\u001b[2m)\u001b[22m\u001b[33m 420\u001b[2mms\u001b[22m\u001b[39m\n","raw_output":true,"stage":"Main","step":"Unit tests with coverage","stepID":["3"],"time":"2026-09-10T12:06:00Z"}
{"dryrun":false,"job":"CI/unit","jobID":"unit","level":"info","matrix":{},"msg":" \u001b[32m✓\u001b[39m tests/vitest/dialogs.test.ts \u001b[2m(\u001b[22m\u001b[2m11 tests\u001b[22m\u001b[2m)\u001b[22m\u001b[32m 54\u001b[2mms\u001b[22m\u001b[39m\n","raw_output":true,"stage":"Main","step":"Unit tests with coverage","stepID":["3"],"time":"2026-09-10T12:06:01Z"}
{"dryrun":false,"job":"CI/unit","jobID":"unit","level":"info","matrix":{},"msg":"\u001b[90mstderr\u001b[2m | tests/vitest/markdown-references.test.ts\u001b[2m \u003e \u001b[22m\u001b[2mScientific Markdown references\u001b[2m \u003e \u001b[22m\u001b[2mnumbers forward equations, figures and citations consistently in HTML and Svelte\n","raw_output":true,"stage":"Main","step":"Unit tests with coverage","stepID":["3"],"time":"2026-09-10T12:06:01Z"}
{"dryrun":false,"job":"CI/unit","jobID":"unit","level":"info","matrix":{},"msg":"\u001b[22m\u001b[39mWarning: KaTeX doesn't work in quirks mode. Make sure your website has a suitable doctype.\n","raw_output":true,"stage":"Main","step":"Unit tests with coverage","stepID":["3"],"time":"2026-09-10T12:06:01Z"}
{"dryrun":false,"job":"CI/unit","jobID":"unit","level":"info","matrix":{},"msg":"\n","raw_output":true,"stage":"Main","step":"Unit tests with coverage","stepID":["3"],"time":"2026-09-10T12:06:01Z"}
{"dryrun":false,"job":"CI/unit","jobID":"unit","level":"info","matrix":{},"msg":" \u001b[32m✓\u001b[39m tests/vitest/markdown-references.test.ts \u001b[2m(\u001b[22m\u001b[2m12 tests\u001b[22m\u001b[2m)\u001b[22m\u001b[32m 181\u001b[2mms\u001b[22m\u001b[39m\n","raw_output":true,"stage":"Main","step":"Unit tests with coverage","stepID":["3"],"time":"2026-09-10T12:06:01Z"}
{"dryrun":false,"job":"CI/unit","jobID":"unit","level":"info","matrix":{},"msg":" \u001b[32m✓\u001b[39m tests/vitest/storage.test.ts \u001b[2m(\u001b[22m\u001b[2m28 tests\u001b[22m\u001b[2m)\u001b[22m\u001b[32m 18\u001b[2mms\u001b[22m\u001b[39m\n","raw_output":true,"stage":"Main","step":"Unit tests with coverage","stepID":["3"],"time":"2026-09-10T12:06:02Z"}
{"dryrun":false,"job":"CI/unit","jobID":"unit","level":"info","matrix":{},"msg":" \u001b[32m✓\u001b[39m tests/vitest/async-docs.test.ts \u001b[2m(\u001b[22m\u001b[2m6 tests\u001b[22m\u001b[2m)\u001b[22m\u001b[32m 215\u001b[2mms\u001b[22m\u001b[39m\n","raw_output":true,"stage":"Main","step":"Unit tests with coverage","stepID":["3"],"time":"2026-09-10T12:06:03Z"}
{"dryrun":false,"job":"CI/unit","jobID":"unit","level":"info","matrix":{},"msg":"\u001b[90mstderr\u001b[2m | tests/vitest/CodeBlock.svelte.test.ts\u001b[2m \u003e \u001b[22m\u001b[2mstale resolve cannot replace an updated code\n","raw_output":true,"stage":"Main","step":"Unit tests with coverage","stepID":["3"],"time":"2026-09-10T12:06:03Z"}
{"dryrun":false,"job":"CI/unit","jobID":"unit","level":"info","matrix":{},"msg":"\u001b[22m\u001b[39m[svelte] lifecycle_double_unmount\n","raw_output":true,"stage":"Main","step":"Unit tests with coverage","stepID":["3"],"time":"2026-09-10T12:06:03Z"}
{"dryrun":false,"job":"CI/unit","jobID":"unit","level":"info","matrix":{},"msg":"Tried to unmount a component that was not mounted\n","raw_output":true,"stage":"Main","step":"Unit tests with coverage","stepID":["3"],"time":"2026-09-10T12:06:03Z"}
{"dryrun":false,"job":"CI/unit","jobID":"unit","level":"info","matrix":{},"msg":"https://svelte.dev/e/lifecycle_double_unmount\n","raw_output":true,"stage":"Main","step":"Unit tests with coverage","stepID":["3"],"time":"2026-09-10T12:06:03Z"}
{"dryrun":false,"job":"CI/unit","jobID":"unit","level":"info","matrix":{},"msg":"\n","raw_output":true,"stage":"Main","step":"Unit tests with coverage","stepID":["3"],"time":"2026-09-10T12:06:03Z"}
{"dryrun":false,"job":"CI/unit","jobID":"unit","level":"info","matrix":{},"msg":"\u001b[90mstderr\u001b[2m | tests/vitest/CodeBlock.svelte.test.ts\u001b[2m \u003e \u001b[22m\u001b[2mstale reject cannot replace an updated language\n","raw_output":true,"stage":"Main","step":"Unit tests with coverage","stepID":["3"],"time":"2026-09-10T12:06:03Z"}
{"dryrun":false,"job":"CI/unit","jobID":"unit","level":"info","matrix":{},"msg":"\u001b[22m\u001b[39m[svelte] lifecycle_double_unmount\n","raw_output":true,"stage":"Main","step":"Unit tests with coverage","stepID":["3"],"time":"2026-09-10T12:06:03Z"}
{"dryrun":false,"job":"CI/unit","jobID":"unit","level":"info","matrix":{},"msg":"Tried to unmount a component that was not mounted\n","raw_output":true,"stage":"Main","step":"Unit tests with coverage","stepID":["3"],"time":"2026-09-10T12:06:03Z"}
{"dryrun":false,"job":"CI/unit","jobID":"unit","level":"info","matrix":{},"msg":"https://svelte.dev/e/lifecycle_double_unmount\n","raw_output":true,"stage":"Main","step":"Unit tests with coverage","stepID":["3"],"time":"2026-09-10T12:06:03Z"}
{"dryrun":false,"job":"CI/unit","jobID":"unit","level":"info","matrix":{},"msg":"\n","raw_output":true,"stage":"Main","step":"Unit tests with coverage","stepID":["3"],"time":"2026-09-10T12:06:03Z"}
{"dryrun":false,"job":"CI/unit","jobID":"unit","level":"info","matrix":{},"msg":"\u001b[90mstderr\u001b[2m | tests/vitest/CodeBlock.svelte.test.ts\u001b[2m \u003e \u001b[22m\u001b[2mstale resolve cannot replace an updated highlight\n","raw_output":true,"stage":"Main","step":"Unit tests with coverage","stepID":["3"],"time":"2026-09-10T12:06:03Z"}
{"dryrun":false,"job":"CI/unit","jobID":"unit","level":"info","matrix":{},"msg":"\u001b[22m\u001b[39m[svelte] lifecycle_double_unmount\n","raw_output":true,"stage":"Main","step":"Unit tests with coverage","stepID":["3"],"time":"2026-09-10T12:06:03Z"}
{"dryrun":false,"job":"CI/unit","jobID":"unit","level":"info","matrix":{},"msg":"Tried to unmount a component that was not mounted\n","raw_output":true,"stage":"Main","step":"Unit tests with coverage","stepID":["3"],"time":"2026-09-10T12:06:03Z"}
{"dryrun":false,"job":"CI/unit","jobID":"unit","level":"info","matrix":{},"msg":"https://svelte.dev/e/lifecycle_double_unmount\n","raw_output":true,"stage":"Main","step":"Unit tests with coverage","stepID":["3"],"time":"2026-09-10T12:06:03Z"}
{"dryrun":false,"job":"CI/unit","jobID":"unit","level":"info","matrix":{},"msg":"\n","raw_output":true,"stage":"Main","step":"Unit tests with coverage","stepID":["3"],"time":"2026-09-10T12:06:03Z"}
{"dryrun":false,"job":"CI/unit","jobID":"unit","level":"info","matrix":{},"msg":" \u001b[32m✓\u001b[39m tests/vitest/portal.test.ts \u001b[2m(\u001b[22m\u001b[2m6 tests\u001b[22m\u001b[2m)\u001b[22m\u001b[32m 35\u001b[2mms\u001b[22m\u001b[39m\n","raw_output":true,"stage":"Main","step":"Unit tests with coverage","stepID":["3"],"time":"2026-09-10T12:06:03Z"}
{"dryrun":false,"job":"CI/unit","jobID":"unit","level":"info","matrix":{},"msg":"\u001b[90mstderr\u001b[2m | tests/vitest/CodeBlock.svelte.test.ts\u001b[2m \u003e \u001b[22m\u001b[2munmounting before highlighting starts skips the queued work\n","raw_output":true,"stage":"Main","step":"Unit tests with coverage","stepID":["3"],"time":"2026-09-10T12:06:04Z"}
{"dryrun":false,"job":"CI/unit","jobID":"unit","level":"info","matrix":{},"msg":"\u001b[22m\u001b[39m[svelte] lifecycle_double_unmount\n","raw_output":true,"stage":"Main","step":"Unit tests with coverage","stepID":["3"],"time":"2026-09-10T12:06:04Z"}
{"dryrun":false,"job":"CI/unit","jobID":"unit","level":"info","matrix":{},"msg":"Tried to unmount a component that was not mounted\n","raw_output":true,"stage":"Main","step":"Unit tests with coverage","stepID":["3"],"time":"2026-09-10T12:06:04Z"}
{"dryrun":false,"job":"CI/unit","jobID":"unit","level":"info","matrix":{},"msg":"https://svelte.dev/e/lifecycle_double_unmount\n","raw_output":true,"stage":"Main","step":"Unit tests with coverage","stepID":["3"],"time":"2026-09-10T12:06:04Z"}
{"dryrun":false,"job":"CI/unit","jobID":"unit","level":"info","matrix":{},"msg":"\n","raw_output":true,"stage":"Main","step":"Unit tests with coverage","stepID":["3"],"time":"2026-09-10T12:06:04Z"}
{"dryrun":false,"job":"CI/unit","jobID":"unit","level":"info","matrix":{},"msg":" \u001b[32m✓\u001b[39m tests/vitest/CodeBlock.svelte.test.ts \u001b[2m(\u001b[22m\u001b[2m8 tests\u001b[22m\u001b[2m)\u001b[22m\u001b[33m 855\u001b[2mms\u001b[22m\u001b[39m\n","raw_output":true,"stage":"Main","step":"Unit tests with coverage","stepID":["3"],"time":"2026-09-10T12:06:04Z"}
{"dryrun":false,"job":"CI/unit","jobID":"unit","level":"info","matrix":{},"msg":" \u001b[32m✓\u001b[39m tests/vitest/feedback.svelte.test.ts \u001b[2m(\u001b[22m\u001b[2m11 tests\u001b[22m\u001b[2m)\u001b[22m\u001b[32m 99\u001b[2mms\u001b[22m\u001b[39m\n","raw_output":true,"stage":"Main","step":"Unit tests with coverage","stepID":["3"],"time":"2026-09-10T12:06:05Z"}
{"dryrun":false,"job":"CI/unit","jobID":"unit","level":"info","matrix":{},"msg":" \u001b[32m✓\u001b[39m tests/vitest/NumberRangeInput.svelte.test.ts \u001b[2m(\u001b[22m\u001b[2m44 tests\u001b[22m\u001b[2m)\u001b[22m\u001b[33m 329\u001b[2mms\u001b[22m\u001b[39m\n","raw_output":true,"stage":"Main","step":"Unit tests with coverage","stepID":["3"],"time":"2026-09-10T12:06:05Z"}
{"dryrun":false,"job":"CI/unit","jobID":"unit","level":"info","matrix":{},"msg":" \u001b[32m✓\u001b[39m tests/vitest/PrevNext.test.ts \u001b[2m(\u001b[22m\u001b[2m14 tests\u001b[22m\u001b[2m)\u001b[22m\u001b[32m 131\u001b[2mms\u001b[22m\u001b[39m\n","raw_output":true,"stage":"Main","step":"Unit tests with coverage","stepID":["3"],"time":"2026-09-10T12:06:06Z"}
{"dryrun":false,"job":"CI/unit","jobID":"unit","level":"info","matrix":{},"msg":" \u001b[32m✓\u001b[39m tests/vitest/CodeExample.test.ts \u001b[2m(\u001b[22m\u001b[2m7 tests\u001b[22m\u001b[2m)\u001b[22m\u001b[32m 97\u001b[2mms\u001b[22m\u001b[39m\n","raw_output":true,"stage":"Main","step":"Unit tests with coverage","stepID":["3"],"time":"2026-09-10T12:06:06Z"}
{"dryrun":false,"job":"CI/unit","jobID":"unit","level":"info","matrix":{},"msg":" \u001b[32m✓\u001b[39m tests/vitest/code-editor-edit-ops.test.ts \u001b[2m(\u001b[22m\u001b[2m41 tests\u001b[22m\u001b[2m)\u001b[22m\u001b[32m 196\u001b[2mms\u001b[22m\u001b[39m\n","raw_output":true,"stage":"Main","step":"Unit tests with coverage","stepID":["3"],"time":"2026-09-10T12:06:07Z"}
{"dryrun":false,"job":"CI/unit","jobID":"unit","level":"info","matrix":{},"msg":" \u001b[32m✓\u001b[39m tests/vitest/Toggle.svelte.test.ts \u001b[2m(\u001b[22m\u001b[2m13 tests\u001b[22m\u001b[2m)\u001b[22m\u001b[32m 62\u001b[2mms\u001b[22m\u001b[39m\n","raw_output":true,"stage":"Main","step":"Unit tests with coverage","stepID":["3"],"time":"2026-09-10T12:06:07Z"}
{"dryrun":false,"job":"CI/unit","jobID":"unit","level":"info","matrix":{},"msg":" \u001b[32m✓\u001b[39m tests/vitest/attachments/hotkey.test.ts \u001b[2m(\u001b[22m\u001b[2m6 tests\u001b[22m\u001b[2m)\u001b[22m\u001b[32m 20\u001b[2mms\u001b[22m\u001b[39m\n","raw_output":true,"stage":"Main","step":"Unit tests with coverage","stepID":["3"],"time":"2026-09-10T12:06:08Z"}
{"dryrun":false,"job":"CI/unit","jobID":"unit","level":"info","matrix":{},"msg":" \u001b[32m✓\u001b[39m tests/vitest/stats.svelte.test.ts \u001b[2m(\u001b[22m\u001b[2m22 tests\u001b[22m\u001b[2m)\u001b[22m\u001b[32m 80\u001b[2mms\u001b[22m\u001b[39m\n","raw_output":true,"stage":"Main","step":"Unit tests with coverage","stepID":["3"],"time":"2026-09-10T12:06:09Z"}
{"dryrun":false,"job":"CI/unit","jobID":"unit","level":"info","matrix":{},"msg":" \u001b[32m✓\u001b[39m tests/vitest/json-path.test.ts \u001b[2m(\u001b[22m\u001b[2m60 tests\u001b[22m\u001b[2m)\u001b[22m\u001b[32m 18\u001b[2mms\u001b[22m\u001b[39m\n","raw_output":true,"stage":"Main","step":"Unit tests with coverage","stepID":["3"],"time":"2026-09-10T12:06:09Z"}
{"dryrun":false,"job":"CI/unit","jobID":"unit","level":"info","matrix":{},"msg":" \u001b[32m✓\u001b[39m tests/vitest/readme.test.ts \u001b[2m(\u001b[22m\u001b[2m6 tests\u001b[22m\u001b[2m)\u001b[22m\u001b[32m 23\u001b[2mms\u001b[22m\u001b[39m\n","raw_output":true,"stage":"Main","step":"Unit tests with coverage","stepID":["3"],"time":"2026-09-10T12:06:09Z"}
{"dryrun":false,"job":"CI/unit","jobID":"unit","level":"info","matrix":{},"msg":" \u001b[32m✓\u001b[39m tests/vitest/print.test.ts \u001b[2m(\u001b[22m\u001b[2m10 tests\u001b[22m\u001b[2m)\u001b[22m\u001b[32m 27\u001b[2mms\u001b[22m\u001b[39m\n","raw_output":true,"stage":"Main","step":"Unit tests with coverage","stepID":["3"],"time":"2026-09-10T12:06:10Z"}
{"dryrun":false,"job":"CI/unit","jobID":"unit","level":"info","matrix":{},"msg":" \u001b[32m✓\u001b[39m tests/vitest/attachments/float.test.ts \u001b[2m(\u001b[22m\u001b[2m7 tests\u001b[22m\u001b[2m)\u001b[22m\u001b[32m 33\u001b[2mms\u001b[22m\u001b[39m\n","raw_output":true,"stage":"Main","step":"Unit tests with coverage","stepID":["3"],"time":"2026-09-10T12:06:10Z"}
{"dryrun":false,"job":"CI/unit","jobID":"unit","level":"info","matrix":{},"msg":" \u001b[32m✓\u001b[39m tests/vitest/attachments/forward-window-keydown.test.ts \u001b[2m(\u001b[22m\u001b[2m8 tests\u001b[22m\u001b[2m)\u001b[22m\u001b[32m 20\u001b[2mms\u001b[22m\u001b[39m\n","raw_output":true,"stage":"Main","step":"Unit tests with coverage","stepID":["3"],"time":"2026-09-10T12:06:11Z"}
{"dryrun":false,"job":"CI/unit","jobID":"unit","level":"info","matrix":{},"msg":" \u001b[32m✓\u001b[39m tests/vitest/clipboard.svelte.test.ts \u001b[2m(\u001b[22m\u001b[2m6 tests\u001b[22m\u001b[2m)\u001b[22m\u001b[32m 29\u001b[2mms\u001b[22m\u001b[39m\n","raw_output":true,"stage":"Main","step":"Unit tests with coverage","stepID":["3"],"time":"2026-09-10T12:06:11Z"}
{"dryrun":false,"job":"CI/unit","jobID":"unit","level":"info","matrix":{},"msg":" \u001b[32m✓\u001b[39m tests/vitest/url-params.test.ts \u001b[2m(\u001b[22m\u001b[2m11 tests\u001b[22m\u001b[2m)\u001b[22m\u001b[32m 13\u001b[2mms\u001b[22m\u001b[39m\n","raw_output":true,"stage":"Main","step":"Unit tests with coverage","stepID":["3"],"time":"2026-09-10T12:06:11Z"}
{"dryrun":false,"job":"CI/unit","jobID":"unit","level":"info","matrix":{},"msg":" \u001b[32m✓\u001b[39m tests/vitest/code-editor-tokens.test.ts \u001b[2m(\u001b[22m\u001b[2m16 tests\u001b[22m\u001b[2m)\u001b[22m\u001b[32m 16\u001b[2mms\u001b[22m\u001b[39m\n","raw_output":true,"stage":"Main","step":"Unit tests with coverage","stepID":["3"],"time":"2026-09-10T12:06:11Z"}
{"dryrun":false,"job":"CI/unit","jobID":"unit","level":"info","matrix":{},"msg":" \u001b[32m✓\u001b[39m tests/vitest/Footer.test.ts \u001b[2m(\u001b[22m\u001b[2m7 tests\u001b[22m\u001b[2m)\u001b[22m\u001b[32m 54\u001b[2mms\u001b[22m\u001b[39m\n","raw_output":true,"stage":"Main","step":"Unit tests with coverage","stepID":["3"],"time":"2026-09-10T12:06:12Z"}
{"dryrun":false,"job":"CI/unit","jobID":"unit","level":"info","matrix":{},"msg":"\u001b[90mstderr\u001b[2m | tests/vitest/katex.test.ts\u001b[2m \u003e \u001b[22m\u001b[2mMarkdown math\u001b[2m \u003e \u001b[22m\u001b[2mrenders \"$x$\" with display mode false\n","raw_output":true,"stage":"Main","step":"Unit tests with coverage","stepID":["3"],"time":"2026-09-10T12:06:12Z"}
{"dryrun":false,"job":"CI/unit","jobID":"unit","level":"info","matrix":{},"msg":"\u001b[22m\u001b[39mWarning: KaTeX doesn't work in quirks mode. Make sure your website has a suitable doctype.\n","raw_output":true,"stage":"Main","step":"Unit tests with coverage","stepID":["3"],"time":"2026-09-10T12:06:12Z"}
{"dryrun":false,"job":"CI/unit","jobID":"unit","level":"info","matrix":{},"msg":"\n","raw_output":true,"stage":"Main","step":"Unit tests with coverage","stepID":["3"],"time":"2026-09-10T12:06:12Z"}
{"dryrun":false,"job":"CI/unit","jobID":"unit","level":"info","matrix":{},"msg":" \u001b[32m✓\u001b[39m tests/vitest/katex.test.ts \u001b[2m(\u001b[22m\u001b[2m35 tests\u001b[22m\u001b[2m)\u001b[22m\u001b[32m 166\u001b[2mms\u001b[22m\u001b[39m\n","raw_output":true,"stage":"Main","step":"Unit tests with coverage","stepID":["3"],"time":"2026-09-10T12:06:13Z"}
{"dryrun":false,"job":"CI/unit","jobID":"unit","level":"info","matrix":{},"msg":" \u001b[32m✓\u001b[39m tests/vitest/ContributorList.test.ts \u001b[2m(\u001b[22m\u001b[2m4 tests\u001b[22m\u001b[2m)\u001b[22m\u001b[32m 103\u001b[2mms\u001b[22m\u001b[39m\n","raw_output":true,"stage":"Main","step":"Unit tests with coverage","stepID":["3"],"time":"2026-09-10T12:06:13Z"}
{"dryrun":false,"job":"CI/unit","jobID":"unit","level":"info","matrix":{},"msg":" \u001b[32m✓\u001b[39m tests/vitest/vite-config.test.ts \u001b[2m(\u001b[22m\u001b[2m14 tests\u001b[22m\u001b[2m)\u001b[22m\u001b[32m 184\u001b[2mms\u001b[22m\u001b[39m\n","raw_output":true,"stage":"Main","step":"Unit tests with coverage","stepID":["3"],"time":"2026-09-10T12:06:14Z"}
{"dryrun":false,"job":"CI/unit","jobID":"unit","level":"info","matrix":{},"msg":" \u001b[32m✓\u001b[39m tests/vitest/yaml.test.ts \u001b[2m(\u001b[22m\u001b[2m29 tests\u001b[22m\u001b[2m)\u001b[22m\u001b[32m 36\u001b[2mms\u001b[22m\u001b[39m\n","raw_output":true,"stage":"Main","step":"Unit tests with coverage","stepID":["3"],"time":"2026-09-10T12:06:14Z"}
{"dryrun":false,"job":"CI/unit","jobID":"unit","level":"info","matrix":{},"msg":" \u001b[32m✓\u001b[39m tests/vitest/attachments/dismiss-on-outside-press.test.ts \u001b[2m(\u001b[22m\u001b[2m3 tests\u001b[22m\u001b[2m)\u001b[22m\u001b[32m 24\u001b[2mms\u001b[22m\u001b[39m\n","raw_output":true,"stage":"Main","step":"Unit tests with coverage","stepID":["3"],"time":"2026-09-10T12:06:14Z"}
{"dryrun":false,"job":"CI/unit","jobID":"unit","level":"info","matrix":{},"msg":" \u001b[32m✓\u001b[39m tests/vitest/attachments/portal.test.ts \u001b[2m(\u001b[22m\u001b[2m7 tests\u001b[22m\u001b[2m)\u001b[22m\u001b[32m 17\u001b[2mms\u001b[22m\u001b[39m\n","raw_output":true,"stage":"Main","step":"Unit tests with coverage","stepID":["3"],"time":"2026-09-10T12:06:15Z"}
{"dryrun":false,"job":"CI/unit","jobID":"unit","level":"info","matrix":{},"msg":" \u001b[32m✓\u001b[39m tests/vitest/finalize-package.test.ts \u001b[2m(\u001b[22m\u001b[2m8 tests\u001b[22m\u001b[2m)\u001b[22m\u001b[32m 105\u001b[2mms\u001b[22m\u001b[39m\n","raw_output":true,"stage":"Main","step":"Unit tests with coverage","stepID":["3"],"time":"2026-09-10T12:06:16Z"}
{"dryrun":false,"job":"CI/unit","jobID":"unit","level":"info","matrix":{},"msg":" \u001b[32m✓\u001b[39m tests/vitest/Wiggle.test.ts \u001b[2m(\u001b[22m\u001b[2m6 tests\u001b[22m\u001b[2m)\u001b[22m\u001b[32m 50\u001b[2mms\u001b[22m\u001b[39m\n","raw_output":true,"stage":"Main","step":"Unit tests with coverage","stepID":["3"],"time":"2026-09-10T12:06:17Z"}
{"dryrun":false,"job":"CI/unit","jobID":"unit","level":"info","matrix":{},"msg":" \u001b[32m✓\u001b[39m tests/vitest/attachments/auto-update-position.test.ts \u001b[2m(\u001b[22m\u001b[2m1 test\u001b[22m\u001b[2m)\u001b[22m\u001b[32m 19\u001b[2mms\u001b[22m\u001b[39m\n","raw_output":true,"stage":"Main","step":"Unit tests with coverage","stepID":["3"],"time":"2026-09-10T12:06:17Z"}
{"dryrun":false,"job":"CI/unit","jobID":"unit","level":"info","matrix":{},"msg":" \u001b[31m❯\u001b[39m tests/vitest/layout.test.ts \u001b[2m(\u001b[22m\u001b[2m5 tests\u001b[22m\u001b[2m | \u001b[22m\u001b[31m1 failed\u001b[39m\u001b[2m)\u001b[22m\u001b[33m 788\u001b[2mms\u001b[22m\u001b[39m\n","raw_output":true,"stage":"Main","step":"Unit tests with coverage","stepID":["3"],"time":"2026-09-10T12:06:18Z"}
{"dryrun":false,"job":"CI/unit","jobID":"unit","level":"info","matrix":{},"msg":"\u001b[31m   \u001b[31m×\u001b[31m footer edit link for route / points at /\u001b[39m\u001b[32m 194\u001b[2mms\u001b[22m\u001b[39m\n","raw_output":true,"stage":"Main","step":"Unit tests with coverage","stepID":["3"],"time":"2026-09-10T12:06:18Z"}
{"dryrun":false,"job":"CI/unit","jobID":"unit","level":"info","matrix":{},"msg":"   \u001b[32m✓\u001b[39m footer edit link for route /changelog points at /changelog\u001b[32m 68\u001b[2mms\u001b[22m\u001b[39m\n","raw_output":true,"stage":"Main","step":"Unit tests with coverage","stepID":["3"],"time":"2026-09-10T12:06:18Z"}
{"dryrun":false,"job":"CI/unit","jobID":"unit","level":"info","matrix":{},"msg":"   \u001b[32m✓\u001b[39m footer edit link for route /(demos)/(inputs)/(multiselect)/multiselect points at /multiselect\u001b[32m 266\u001b[2mms\u001b[22m\u001b[39m\n","raw_output":true,"stage":"Main","step":"Unit tests with coverage","stepID":["3"],"time":"2026-09-10T12:06:18Z"}
{"dryrun":false,"job":"CI/unit","jobID":"unit","level":"info","matrix":{},"msg":"   \u001b[32m✓\u001b[39m footer edit link for route null points at /no-such-page\u001b[32m 58\u001b[2mms\u001b[22m\u001b[39m\n","raw_output":true,"stage":"Main","step":"Unit tests with coverage","stepID":["3"],"time":"2026-09-10T12:06:18Z"}
{"dryrun":false,"job":"CI/unit","jobID":"unit","level":"info","matrix":{},"msg":"   \u001b[32m✓\u001b[39m command search includes custom demo labels\u001b[32m 196\u001b[2mms\u001b[22m\u001b[39m\n","raw_output":true,"stage":"Main","step":"Unit tests with coverage","stepID":["3"],"time":"2026-09-10T12:06:18Z"}
{"dryrun":false,"job":"CI/unit","jobID":"unit","level":"info","matrix":{},"msg":" \u001b[32m✓\u001b[39m tests/vitest/image-markup.test.ts \u001b[2m(\u001b[22m\u001b[2m9 tests\u001b[22m\u001b[2m)\u001b[22m\u001b[32m 18\u001b[2mms\u001b[22m\u001b[39m\n","raw_output":true,"stage":"Main","step":"Unit tests with coverage","stepID":["3"],"time":"2026-09-10T12:06:20Z"}
{"dryrun":false,"job":"CI/unit","jobID":"unit","level":"info","matrix":{},"msg":" \u001b[32m✓\u001b[39m tests/vitest/SubpageGrid.test.ts \u001b[2m(\u001b[22m\u001b[2m3 tests\u001b[22m\u001b[2m)\u001b[22m\u001b[33m 311\u001b[2mms\u001b[22m\u001b[39m\n","raw_output":true,"stage":"Main","step":"Unit tests with coverage","stepID":["3"],"time":"2026-09-10T12:06:20Z"}
{"dryrun":false,"job":"CI/unit","jobID":"unit","level":"info","matrix":{},"msg":" \u001b[32m✓\u001b[39m tests/vitest/labels.test.ts \u001b[2m(\u001b[22m\u001b[2m7 tests\u001b[22m\u001b[2m)\u001b[22m\u001b[32m 97\u001b[2mms\u001b[22m\u001b[39m\n","raw_output":true,"stage":"Main","step":"Unit tests with coverage","stepID":["3"],"time":"2026-09-10T12:06:21Z"}
{"dryrun":false,"job":"CI/unit","jobID":"unit","level":"info","matrix":{},"msg":" \u001b[32m✓\u001b[39m tests/vitest/index.test.ts \u001b[2m(\u001b[22m\u001b[2m3 tests\u001b[22m\u001b[2m)\u001b[22m\u001b[32m 18\u001b[2mms\u001b[22m\u001b[39m\n","raw_output":true,"stage":"Main","step":"Unit tests with coverage","stepID":["3"],"time":"2026-09-10T12:06:22Z"}
{"dryrun":false,"job":"CI/unit","jobID":"unit","level":"info","matrix":{},"msg":" \u001b[32m✓\u001b[39m tests/vitest/GitHubCorner.test.ts \u001b[2m(\u001b[22m\u001b[2m3 tests\u001b[22m\u001b[2m)\u001b[22m\u001b[32m 95\u001b[2mms\u001b[22m\u001b[39m\n","raw_output":true,"stage":"Main","step":"Unit tests with coverage","stepID":["3"],"time":"2026-09-10T12:06:22Z"}
{"dryrun":false,"job":"CI/unit","jobID":"unit","level":"info","matrix":{},"msg":" \u001b[32m✓\u001b[39m tests/vitest/toc-utils.test.ts \u001b[2m(\u001b[22m\u001b[2m8 tests\u001b[22m\u001b[2m)\u001b[22m\u001b[32m 23\u001b[2mms\u001b[22m\u001b[39m\n","raw_output":true,"stage":"Main","step":"Unit tests with coverage","stepID":["3"],"time":"2026-09-10T12:06:22Z"}
{"dryrun":false,"job":"CI/unit","jobID":"unit","level":"info","matrix":{},"msg":" \u001b[32m✓\u001b[39m tests/vitest/changelog.test.ts \u001b[2m(\u001b[22m\u001b[2m1 test\u001b[22m\u001b[2m)\u001b[22m\u001b[33m 336\u001b[2mms\u001b[22m\u001b[39m\n","raw_output":true,"stage":"Main","step":"Unit tests with coverage","stepID":["3"],"time":"2026-09-10T12:06:23Z"}
{"dryrun":false,"job":"CI/unit","jobID":"unit","level":"info","matrix":{},"msg":"   \u001b[33m\u001b[2m✓\u001b[22m\u001b[39m changelog uses consistent release sections and literal code\u001b[33m 331\u001b[2mms\u001b[22m\u001b[39m\n","raw_output":true,"stage":"Main","step":"Unit tests with coverage","stepID":["3"],"time":"2026-09-10T12:06:23Z"}
{"dryrun":false,"job":"CI/unit","jobID":"unit","level":"info","matrix":{},"msg":" \u001b[32m✓\u001b[39m tests/vitest/attachments/get-html-sort-value.test.ts \u001b[2m(\u001b[22m\u001b[2m9 tests\u001b[22m\u001b[2m)\u001b[22m\u001b[32m 32\u001b[2mms\u001b[22m\u001b[39m\n","raw_output":true,"stage":"Main","step":"Unit tests with coverage","stepID":["3"],"time":"2026-09-10T12:06:24Z"}
{"dryrun":false,"job":"CI/unit","jobID":"unit","level":"info","matrix":{},"msg":" \u001b[32m✓\u001b[39m tests/vitest/highlight/hast.test.ts \u001b[2m(\u001b[22m\u001b[2m10 tests\u001b[22m\u001b[2m)\u001b[22m\u001b[32m 13\u001b[2mms\u001b[22m\u001b[39m\n","raw_output":true,"stage":"Main","step":"Unit tests with coverage","stepID":["3"],"time":"2026-09-10T12:06:25Z"}
{"dryrun":false,"job":"CI/unit","jobID":"unit","level":"info","matrix":{},"msg":" \u001b[32m✓\u001b[39m tests/vitest/Confetti.test.ts \u001b[2m(\u001b[22m\u001b[2m2 tests\u001b[22m\u001b[2m)\u001b[22m\u001b[32m 141\u001b[2mms\u001b[22m\u001b[39m\n","raw_output":true,"stage":"Main","step":"Unit tests with coverage","stepID":["3"],"time":"2026-09-10T12:06:26Z"}
{"dryrun":false,"job":"CI/unit","jobID":"unit","level":"info","matrix":{},"msg":" \u001b[32m✓\u001b[39m tests/vitest/markdown-check.test.ts \u001b[2m(\u001b[22m\u001b[2m26 tests\u001b[22m\u001b[2m)\u001b[22m\u001b[33m 60383\u001b[2mms\u001b[22m\u001b[39m\n","raw_output":true,"stage":"Main","step":"Unit tests with coverage","stepID":["3"],"time":"2026-09-10T12:06:28Z"}
{"dryrun":false,"job":"CI/unit","jobID":"unit","level":"info","matrix":{},"msg":"   \u001b[32m✓\u001b[39m checked Markdown examples \u001b[2m(24)\u001b[22m\n","raw_output":true,"stage":"Main","step":"Unit tests with coverage","stepID":["3"],"time":"2026-09-10T12:06:28Z"}
{"dryrun":false,"job":"CI/unit","jobID":"unit","level":"info","matrix":{},"msg":"     \u001b[33m\u001b[2m✓\u001b[22m\u001b[39m composes scientific Markdown options with checked examples\u001b[33m 1882\u001b[2mms\u001b[22m\u001b[39m\n","raw_output":true,"stage":"Main","step":"Unit tests with coverage","stepID":["3"],"time":"2026-09-10T12:06:28Z"}
{"dryrun":false,"job":"CI/unit","jobID":"unit","level":"info","matrix":{},"msg":"     \u001b[33m\u001b[2m✓\u001b[22m\u001b[39m does nothing to unmarked code, checks valid isolated modules and Svelte templates\u001b[33m 2691\u001b[2mms\u001b[22m\u001b[39m\n","raw_output":true,"stage":"Main","step":"Unit tests with coverage","stepID":["3"],"time":"2026-09-10T12:06:28Z"}
{"dryrun":false,"job":"CI/unit","jobID":"unit","level":"info","matrix":{},"msg":"     \u001b[33m\u001b[2m✓\u001b[22m\u001b[39m checks real ts semantic errors\u001b[33m 1956\u001b[2mms\u001b[22m\u001b[39m\n","raw_output":true,"stage":"Main","step":"Unit tests with coverage","stepID":["3"],"time":"2026-09-10T12:06:28Z"}
{"dryrun":false,"job":"CI/unit","jobID":"unit","level":"info","matrix":{},"msg":"     \u001b[33m\u001b[2m✓\u001b[22m\u001b[39m checks real typescript semantic errors\u001b[33m 1735\u001b[2mms\u001b[22m\u001b[39m\n","raw_output":true,"stage":"Main","step":"Unit tests with coverage","stepID":["3"],"time":"2026-09-10T12:06:28Z"}
{"dryrun":false,"job":"CI/unit","jobID":"unit","level":"info","matrix":{},"msg":"     \u001b[33m\u001b[2m✓\u001b[22m\u001b[39m checks real js semantic errors\u001b[33m 1788\u001b[2mms\u001b[22m\u001b[39m\n","raw_output":true,"stage":"Main","step":"Unit tests with coverage","stepID":["3"],"time":"2026-09-10T12:06:28Z"}
{"dryrun":false,"job":"CI/unit","jobID":"unit","level":"info","matrix":{},"msg":"     \u001b[33m\u001b[2m✓\u001b[22m\u001b[39m checks real javascript semantic errors\u001b[33m 1731\u001b[2mms\u001b[22m\u001b[39m\n","raw_output":true,"stage":"Main","step":"Unit tests with coverage","stepID":["3"],"time":"2026-09-10T12:06:28Z"}
{"dryrun":false,"job":"CI/unit","jobID":"unit","level":"info","matrix":{},"msg":"     \u001b[33m\u001b[2m✓\u001b[22m\u001b[39m Svelte checks script assignments and template expressions with original locations\u001b[33m 2142\u001b[2mms\u001b[22m\u001b[39m\n","raw_output":true,"stage":"Main","step":"Unit tests with coverage","stepID":["3"],"time":"2026-09-10T12:06:28Z"}
{"dryrun":false,"job":"CI/unit","jobID":"unit","level":"info","matrix":{},"msg":"     \u001b[33m\u001b[2m✓\u001b[22m\u001b[39m checks prop types of imported local Svelte components\u001b[33m 22356\u001b[2mms\u001b[22m\u001b[39m\n","raw_output":true,"stage":"Main","step":"Unit tests with coverage","stepID":["3"],"time":"2026-09-10T12:06:28Z"}
{"dryrun":false,"job":"CI/unit","jobID":"unit","level":"info","matrix":{},"msg":"     \u001b[33m\u001b[2m✓\u001b[22m\u001b[39m maps diagnostic locations and token spans in blockquote\u001b[33m 1840\u001b[2mms\u001b[22m\u001b[39m\n","raw_output":true,"stage":"Main","step":"Unit tests with coverage","stepID":["3"],"time":"2026-09-10T12:06:28Z"}
{"dryrun":false,"job":"CI/unit","jobID":"unit","level":"info","matrix":{},"msg":"     \u001b[33m\u001b[2m✓\u001b[22m\u001b[39m maps diagnostic locations and token spans in repeated nested fences with frontmatter and CRLF\u001b[33m 1860\u001b[2mms\u001b[22m\u001b[39m\n","raw_output":true,"stage":"Main","step":"Unit tests with coverage","stepID":["3"],"time":"2026-09-10T12:06:28Z"}
{"dryrun":false,"job":"CI/unit","jobID":"unit","level":"info","matrix":{},"msg":"     \u001b[33m\u001b[2m✓\u001b[22m\u001b[39m reports static diagnostics for ```js check\n","raw_output":true,"stage":"Main","step":"Unit tests with coverage","stepID":["3"],"time":"2026-09-10T12:06:28Z"}
{"dryrun":false,"job":"CI/unit","jobID":"unit","level":"info","matrix":{},"msg":"const =\n","raw_output":true,"stage":"Main","step":"Unit tests with coverage","stepID":["3"],"time":"2026-09-10T12:06:28Z"}
{"dryrun":false,"job":"CI/unit","jobID":"unit","level":"info","matrix":{},"msg":"```\u001b[33m 1513\u001b[2mms\u001b[22m\u001b[39m\n","raw_output":true,"stage":"Main","step":"Unit tests with coverage","stepID":["3"],"time":"2026-09-10T12:06:28Z"}
{"dryrun":false,"job":"CI/unit","jobID":"unit","level":"info","matrix":{},"msg":"     \u001b[33m\u001b[2m✓\u001b[22m\u001b[39m explicit async assertions preserve interaction results (fail=false)\u001b[33m 1748\u001b[2mms\u001b[22m\u001b[39m\n","raw_output":true,"stage":"Main","step":"Unit tests with coverage","stepID":["3"],"time":"2026-09-10T12:06:28Z"}
{"dryrun":false,"job":"CI/unit","jobID":"unit","level":"info","matrix":{},"msg":"     \u001b[33m\u001b[2m✓\u001b[22m\u001b[39m explicit async assertions preserve interaction results (fail=true)\u001b[33m 1820\u001b[2mms\u001b[22m\u001b[39m\n","raw_output":true,"stage":"Main","step":"Unit tests with coverage","stepID":["3"],"time":"2026-09-10T12:06:28Z"}
{"dryrun":false,"job":"CI/unit","jobID":"unit","level":"info","matrix":{},"msg":"     \u001b[33m\u001b[2m✓\u001b[22m\u001b[39m fails clearly for js test=\"missing\"\u001b[33m 1673\u001b[2mms\u001b[22m\u001b[39m\n","raw_output":true,"stage":"Main","step":"Unit tests with coverage","stepID":["3"],"time":"2026-09-10T12:06:28Z"}
{"dryrun":false,"job":"CI/unit","jobID":"unit","level":"info","matrix":{},"msg":"     \u001b[33m\u001b[2m✓\u001b[22m\u001b[39m fails clearly for js test=\"toString\"\u001b[33m 1801\u001b[2mms\u001b[22m\u001b[39m\n","raw_output":true,"stage":"Main","step":"Unit tests with coverage","stepID":["3"],"time":"2026-09-10T12:06:28Z"}
{"dryrun":false,"job":"CI/unit","jobID":"unit","level":"info","matrix":{},"msg":"   \u001b[33m\u001b[2m✓\u001b[22m\u001b[39m one-shot batches resolve each document's imports and rebuild after dependency changes\u001b[33m 9043\u001b[2mms\u001b[22m\u001b[39m\n","raw_output":true,"stage":"Main","step":"Unit tests with coverage","stepID":["3"],"time":"2026-09-10T12:06:28Z"}
{"dryrun":false,"job":"CI/unit","jobID":"unit","level":"info","matrix":{},"msg":"   \u001b[33m\u001b[2m✓\u001b[22m\u001b[39m explicit configuration inherits aliases and types without discovering a project config\u001b[33m 2776\u001b[2mms\u001b[22m\u001b[39m\n","raw_output":true,"stage":"Main","step":"Unit tests with coverage","stepID":["3"],"time":"2026-09-10T12:06:28Z"}
{"dryrun":false,"job":"CI/unit","jobID":"unit","level":"info","matrix":{},"msg":" \u001b[32m✓\u001b[39m tests/vitest/SourceInput.svelte.test.ts \u001b[2m(\u001b[22m\u001b[2m1 test\u001b[22m\u001b[2m)\u001b[22m\u001b[33m 1075\u001b[2mms\u001b[22m\u001b[39m\n","raw_output":true,"stage":"Main","step":"Unit tests with coverage","stepID":["3"],"time":"2026-09-10T12:06:28Z"}
{"dryrun":false,"job":"CI/unit","jobID":"unit","level":"info","matrix":{},"msg":"   \u001b[33m\u001b[2m✓\u001b[22m\u001b[39m source input highlights edits without changing the editable text and synchronizes scrolling\u001b[33m 1071\u001b[2mms\u001b[22m\u001b[39m\n","raw_output":true,"stage":"Main","step":"Unit tests with coverage","stepID":["3"],"time":"2026-09-10T12:06:28Z"}
{"dryrun":false,"job":"CI/unit","jobID":"unit","level":"info","matrix":{},"msg":" \u001b[32m✓\u001b[39m tests/vitest/csv.test.ts \u001b[2m(\u001b[22m\u001b[2m19 tests\u001b[22m\u001b[2m)\u001b[22m\u001b[32m 13\u001b[2mms\u001b[22m\u001b[39m\n","raw_output":true,"stage":"Main","step":"Unit tests with coverage","stepID":["3"],"time":"2026-09-10T12:06:29Z"}
{"dryrun":false,"job":"CI/unit","jobID":"unit","level":"info","matrix":{},"msg":" \u001b[32m✓\u001b[39m tests/vitest/SettingsGroup.svelte.test.ts \u001b[2m(\u001b[22m\u001b[2m2 tests\u001b[22m\u001b[2m)\u001b[22m\u001b[32m 48\u001b[2mms\u001b[22m\u001b[39m\n","raw_output":true,"stage":"Main","step":"Unit tests with coverage","stepID":["3"],"time":"2026-09-10T12:06:29Z"}
{"dryrun":false,"job":"CI/unit","jobID":"unit","level":"info","matrix":{},"msg":" \u001b[32m✓\u001b[39m tests/vitest/format.test.ts \u001b[2m(\u001b[22m\u001b[2m26 tests\u001b[22m\u001b[2m)\u001b[22m\u001b[32m 18\u001b[2mms\u001b[22m\u001b[39m\n","raw_output":true,"stage":"Main","step":"Unit tests with coverage","stepID":["3"],"time":"2026-09-10T12:06:30Z"}
{"dryrun":false,"job":"CI/unit","jobID":"unit","level":"info","matrix":{},"msg":" \u001b[32m✓\u001b[39m tests/vitest/CircleSpinner.svelte.test.ts \u001b[2m(\u001b[22m\u001b[2m3 tests\u001b[22m\u001b[2m)\u001b[22m\u001b[32m 35\u001b[2mms\u001b[22m\u001b[39m\n","raw_output":true,"stage":"Main","step":"Unit tests with coverage","stepID":["3"],"time":"2026-09-10T12:06:31Z"}
{"dryrun":false,"job":"CI/unit","jobID":"unit","level":"info","matrix":{},"msg":" \u001b[32m✓\u001b[39m tests/vitest/Sheet.svelte.test.ts \u001b[2m(\u001b[22m\u001b[2m1 test\u001b[22m\u001b[2m)\u001b[22m\u001b[32m 50\u001b[2mms\u001b[22m\u001b[39m\n","raw_output":true,"stage":"Main","step":"Unit tests with coverage","stepID":["3"],"time":"2026-09-10T12:06:31Z"}
{"dryrun":false,"job":"CI/unit","jobID":"unit","level":"info","matrix":{},"msg":" \u001b[32m✓\u001b[39m tests/vitest/attachments/register-escape-layer.test.ts \u001b[2m(\u001b[22m\u001b[2m1 test\u001b[22m\u001b[2m)\u001b[22m\u001b[32m 12\u001b[2mms\u001b[22m\u001b[39m\n","raw_output":true,"stage":"Main","step":"Unit tests with coverage","stepID":["3"],"time":"2026-09-10T12:06:31Z"}
{"dryrun":false,"job":"CI/unit","jobID":"unit","level":"info","matrix":{},"msg":" \u001b[32m✓\u001b[39m tests/vitest/authoring-docs.test.ts \u001b[2m(\u001b[22m\u001b[2m1 test\u001b[22m\u001b[2m)\u001b[22m\u001b[33m 11246\u001b[2mms\u001b[22m\u001b[39m\n","raw_output":true,"stage":"Main","step":"Unit tests with coverage","stepID":["3"],"time":"2026-09-10T12:06:35Z"}
{"dryrun":false,"job":"CI/unit","jobID":"unit","level":"info","matrix":{},"msg":"   \u001b[33m\u001b[2m✓\u001b[22m\u001b[39m published checker scenarios contain real type and assertion diagnostics\u001b[33m 11240\u001b[2mms\u001b[22m\u001b[39m\n","raw_output":true,"stage":"Main","step":"Unit tests with coverage","stepID":["3"],"time":"2026-09-10T12:06:35Z"}
{"dryrun":false,"job":"CI/unit","jobID":"unit","level":"info","matrix":{},"msg":"\n","raw_output":true,"stage":"Main","step":"Unit tests with coverage","stepID":["3"],"time":"2026-09-10T12:06:39Z"}
{"dryrun":false,"job":"CI/unit","jobID":"unit","level":"info","matrix":{},"msg":"\u001b[31m⎯⎯⎯⎯⎯⎯⎯\u001b[39m\u001b[1m\u001b[41m Failed Tests 4 \u001b[49m\u001b[22m\u001b[31m⎯⎯⎯⎯⎯⎯⎯\u001b[39m\n","raw_output":true,"stage":"Main","step":"Unit tests with coverage","stepID":["3"],"time":"2026-09-10T12:06:39Z"}
{"dryrun":false,"job":"CI/unit","jobID":"unit","level":"info","matrix":{},"msg":"\n","raw_output":true,"stage":"Main","step":"Unit tests with coverage","stepID":["3"],"time":"2026-09-10T12:06:39Z"}
{"dryrun":false,"job":"CI/unit","jobID":"unit","level":"info","matrix":{},"msg":"\u001b[41m\u001b[1m FAIL \u001b[22m\u001b[49m tests/vitest/layout.test.ts\u001b[2m \u003e \u001b[22mfooter edit link for route / points at /\n","raw_output":true,"stage":"Main","step":"Unit tests with coverage","stepID":["3"],"time":"2026-09-10T12:06:39Z"}
{"dryrun":false,"job":"CI/unit","jobID":"unit","level":"info","matrix":{},"msg":"\u001b[31m\u001b[1mAssertionError\u001b[22m: expected 'https://github.com/janosh/svelte-widg…' to be 'https://github.com/janosh/svelte-widg…' // Object.is equality\u001b[39m\n","raw_output":true,"stage":"Main","step":"Unit tests with coverage","stepID":["3"],"time":"2026-09-10T12:06:39Z"}
{"dryrun":false,"job":"CI/unit","jobID":"unit","level":"info","matrix":{},"msg":"\n","raw_output":true,"stage":"Main","step":"Unit tests with coverage","stepID":["3"],"time":"2026-09-10T12:06:39Z"}
{"dryrun":false,"job":"CI/unit","jobID":"unit","level":"info","matrix":{},"msg":"Expected: \u001b[32m\"https://github.com/janosh/svelte-widgets/blob/-/\u001b[7mreadme.md\u001b[27m\"\u001b[39m\n","raw_output":true,"stage":"Main","step":"Unit tests with coverage","stepID":["3"],"time":"2026-09-10T12:06:39Z"}
{"dryrun":false,"job":"CI/unit","jobID":"unit","level":"info","matrix":{},"msg":"Received: \u001b[31m\"https://github.com/janosh/svelte-widgets/blob/-/\u001b[7msrc/routes/+page.svelte\u001b[27m\"\u001b[39m\n","raw_output":true,"stage":"Main","step":"Unit tests with coverage","stepID":["3"],"time":"2026-09-10T12:06:39Z"}
{"dryrun":false,"job":"CI/unit","jobID":"unit","level":"info","matrix":{},"msg":"\n","raw_output":true,"stage":"Main","step":"Unit tests with coverage","stepID":["3"],"time":"2026-09-10T12:06:39Z"}
{"dryrun":false,"job":"CI/unit","jobID":"unit","level":"info","matrix":{},"msg":"\u001b[36m \u001b[2m❯\u001b[22m tests/vitest/layout.test.ts:\u001b[2m44:41\u001b[22m\u001b[39m\n","raw_output":true,"stage":"Main","step":"Unit tests with coverage","stepID":["3"],"time":"2026-09-10T12:06:39Z"}
{"dryrun":false,"job":"CI/unit","jobID":"unit","level":"info","matrix":{},"msg":"    \u001b[90m 42|\u001b[39m   [null, `/no-such-page`, `src/routes`],\n","raw_output":true,"stage":"Main","step":"Unit tests with coverage","stepID":["3"],"time":"2026-09-10T12:06:39Z"}
{"dryrun":false,"job":"CI/unit","jobID":"unit","level":"info","matrix":{},"msg":"    \u001b[90m 43|\u001b[39m ])(`footer edit link for route %s points at %s`, (route_id, pathname, …\n","raw_output":true,"stage":"Main","step":"Unit tests with coverage","stepID":["3"],"time":"2026-09-10T12:06:39Z"}
{"dryrun":false,"job":"CI/unit","jobID":"unit","level":"info","matrix":{},"msg":"    \u001b[90m 44|\u001b[39m   expect(edit_href(route_id, pathname)).toBe(`${repository}/blob/-/${s…\n","raw_output":true,"stage":"Main","step":"Unit tests with coverage","stepID":["3"],"time":"2026-09-10T12:06:39Z"}
{"dryrun":false,"job":"CI/unit","jobID":"unit","level":"info","matrix":{},"msg":"    \u001b[90m   |\u001b[39m                                         \u001b[31m^\u001b[39m\n","raw_output":true,"stage":"Main","step":"Unit tests with coverage","stepID":["3"],"time":"2026-09-10T12:06:39Z"}
{"dryrun":false,"job":"CI/unit","jobID":"unit","level":"info","matrix":{},"msg":"    \u001b[90m 45|\u001b[39m })\n","raw_output":true,"stage":"Main","step":"Unit tests with coverage","stepID":["3"],"time":"2026-09-10T12:06:39Z"}
{"dryrun":false,"job":"CI/unit","jobID":"unit","level":"info","matrix":{},"msg":"    \u001b[90m 46|\u001b[39m\n","raw_output":true,"stage":"Main","step":"Unit tests with coverage","stepID":["3"],"time":"2026-09-10T12:06:39Z"}
{"dryrun":false,"job":"CI/unit","jobID":"unit","level":"info","matrix":{},"msg":"\n","raw_output":true,"stage":"Main","step":"Unit tests with coverage","stepID":["3"],"time":"2026-09-10T12:06:39Z"}
{"dryrun":false,"job":"CI/unit","jobID":"unit","level":"info","matrix":{},"msg":"\u001b[31m\u001b[2m⎯⎯⎯⎯⎯⎯⎯⎯⎯⎯⎯⎯⎯⎯⎯⎯⎯⎯⎯⎯⎯⎯⎯⎯[1/4]⎯\u001b[22m\u001b[39m\n","raw_output":true,"stage":"Main","step":"Unit tests with coverage","stepID":["3"],"time":"2026-09-10T12:06:39Z"}
{"dryrun":false,"job":"CI/unit","jobID":"unit","level":"info","matrix":{},"msg":"\n","raw_output":true,"stage":"Main","step":"Unit tests with coverage","stepID":["3"],"time":"2026-09-10T12:06:39Z"}
{"dryrun":false,"job":"CI/unit","jobID":"unit","level":"info","matrix":{},"msg":"\u001b[41m\u001b[1m FAIL \u001b[22m\u001b[49m tests/vitest/toc.svelte.test.ts\u001b[2m \u003e \u001b[22mToc\u001b[2m \u003e \u001b[22mstatic metadata keeps matching item indexes for id=sec:1\n","raw_output":true,"stage":"Main","step":"Unit tests with coverage","stepID":["3"],"time":"2026-09-10T12:06:39Z"}
{"dryrun":false,"job":"CI/unit","jobID":"unit","level":"info","matrix":{},"msg":"\u001b[41m\u001b[1m FAIL \u001b[22m\u001b[49m tests/vitest/toc.svelte.test.ts\u001b[2m \u003e \u001b[22mToc\u001b[2m \u003e \u001b[22mstatic metadata keeps matching item indexes for id=123\n","raw_output":true,"stage":"Main","step":"Unit tests with coverage","stepID":["3"],"time":"2026-09-10T12:06:39Z"}
{"dryrun":false,"job":"CI/unit","jobID":"unit","level":"info","matrix":{},"msg":"\u001b[41m\u001b[1m FAIL \u001b[22m\u001b[49m tests/vitest/toc.svelte.test.ts\u001b[2m \u003e \u001b[22mToc\u001b[2m \u003e \u001b[22mstatic metadata keeps matching item indexes for id=part.one\n","raw_output":true,"stage":"Main","step":"Unit tests with coverage","stepID":["3"],"time":"2026-09-10T12:06:39Z"}
{"dryrun":false,"job":"CI/unit","jobID":"unit","level":"info","matrix":{},"msg":"\u001b[31m\u001b[1mAssertionError\u001b[22m: No element found for selector: aside.toc li.active\u001b[39m\n","raw_output":true,"stage":"Main","step":"Unit tests with coverage","stepID":["3"],"time":"2026-09-10T12:06:39Z"}
{"dryrun":false,"job":"CI/unit","jobID":"unit","level":"info","matrix":{},"msg":"\u001b[36m \u001b[2m❯\u001b[22m doc_query tests/vitest/index.ts:\u001b[2m18:3\u001b[22m\u001b[39m\n","raw_output":true,"stage":"Main","step":"Unit tests with coverage","stepID":["3"],"time":"2026-09-10T12:06:39Z"}
{"dryrun":false,"job":"CI/unit","jobID":"unit","level":"info","matrix":{},"msg":"    \u001b[90m 16|\u001b[39m export function doc_query\u003cT extends Element = HTMLElement\u003e(selector: s…\n","raw_output":true,"stage":"Main","step":"Unit tests with coverage","stepID":["3"],"time":"2026-09-10T12:06:39Z"}
{"dryrun":false,"job":"CI/unit","jobID":"unit","level":"info","matrix":{},"msg":"    \u001b[90m 17|\u001b[39m   const node = document.querySelector\u003cT\u003e(selector)\n","raw_output":true,"stage":"Main","step":"Unit tests with coverage","stepID":["3"],"time":"2026-09-10T12:06:39Z"}
{"dryrun":false,"job":"CI/unit","jobID":"unit","level":"info","matrix":{},"msg":"    \u001b[90m 18|\u001b[39m   assert(node !== null, `No element found for selector: ${selector}`)\n","raw_output":true,"stage":"Main","step":"Unit tests with coverage","stepID":["3"],"time":"2026-09-10T12:06:39Z"}
{"dryrun":false,"job":"CI/unit","jobID":"unit","level":"info","matrix":{},"msg":"    \u001b[90m   |\u001b[39m   \u001b[31m^\u001b[39m\n","raw_output":true,"stage":"Main","step":"Unit tests with coverage","stepID":["3"],"time":"2026-09-10T12:06:39Z"}
{"dryrun":false,"job":"CI/unit","jobID":"unit","level":"info","matrix":{},"msg":"    \u001b[90m 19|\u001b[39m   return node\n","raw_output":true,"stage":"Main","step":"Unit tests with coverage","stepID":["3"],"time":"2026-09-10T12:06:39Z"}
{"dryrun":false,"job":"CI/unit","jobID":"unit","level":"info","matrix":{},"msg":"    \u001b[90m 20|\u001b[39m }\n","raw_output":true,"stage":"Main","step":"Unit tests with coverage","stepID":["3"],"time":"2026-09-10T12:06:39Z"}
{"dryrun":false,"job":"CI/unit","jobID":"unit","level":"info","matrix":{},"msg":"\u001b[90m \u001b[2m❯\u001b[22m tests/vitest/toc.svelte.test.ts:\u001b[2m352:14\u001b[22m\u001b[39m\n","raw_output":true,"stage":"Main","step":"Unit tests with coverage","stepID":["3"],"time":"2026-09-10T12:06:39Z"}
{"dryrun":false,"job":"CI/unit","jobID":"unit","level":"info","matrix":{},"msg":"\n","raw_output":true,"stage":"Main","step":"Unit tests with coverage","stepID":["3"],"time":"2026-09-10T12:06:39Z"}
{"dryrun":false,"job":"CI/unit","jobID":"unit","level":"info","matrix":{},"msg":"\u001b[31m\u001b[2m⎯⎯⎯⎯⎯⎯⎯⎯⎯⎯⎯⎯⎯⎯⎯⎯⎯⎯⎯⎯⎯⎯⎯⎯[2/4]⎯\u001b[22m\u001b[39m\n","raw_output":true,"stage":"Main","step":"Unit tests with coverage","stepID":["3"],"time":"2026-09-10T12:06:39Z"}
{"dryrun":false,"job":"CI/unit","jobID":"unit","level":"info","matrix":{},"msg":"\n","raw_output":true,"stage":"Main","step":"Unit tests with coverage","stepID":["3"],"time":"2026-09-10T12:06:39Z"}
{"dryrun":false,"job":"CI/unit","jobID":"unit","level":"info","matrix":{},"msg":"\u001b[31m⎯⎯⎯⎯⎯⎯\u001b[39m\u001b[1m\u001b[41m Unhandled Errors \u001b[49m\u001b[22m\u001b[31m⎯⎯⎯⎯⎯⎯\u001b[39m\n","raw_output":true,"stage":"Main","step":"Unit tests with coverage","stepID":["3"],"time":"2026-09-10T12:06:39Z"}
{"dryrun":false,"job":"CI/unit","jobID":"unit","level":"info","matrix":{},"msg":"\u001b[31m\u001b[1m\n","raw_output":true,"stage":"Main","step":"Unit tests with coverage","stepID":["3"],"time":"2026-09-10T12:06:39Z"}
{"dryrun":false,"job":"CI/unit","jobID":"unit","level":"info","matrix":{},"msg":"Vitest caught 2 unhandled errors during the test run.\n","raw_output":true,"stage":"Main","step":"Unit tests with coverage","stepID":["3"],"time":"2026-09-10T12:06:39Z"}
{"dryrun":false,"job":"CI/unit","jobID":"unit","level":"info","matrix":{},"msg":"This might cause false positive tests. Resolve unhandled errors to make sure your tests are not affected.\u001b[22m\u001b[39m\n","raw_output":true,"stage":"Main","step":"Unit tests with coverage","stepID":["3"],"time":"2026-09-10T12:06:39Z"}
{"dryrun":false,"job":"CI/unit","jobID":"unit","level":"info","matrix":{},"msg":"\n","raw_output":true,"stage":"Main","step":"Unit tests with coverage","stepID":["3"],"time":"2026-09-10T12:06:39Z"}
{"dryrun":false,"job":"CI/unit","jobID":"unit","level":"info","matrix":{},"msg":"\u001b[31m⎯⎯⎯⎯⎯\u001b[39m\u001b[1m\u001b[41m Uncaught Exception \u001b[49m\u001b[22m\u001b[31m⎯⎯⎯⎯⎯\u001b[39m\n","raw_output":true,"stage":"Main","step":"Unit tests with coverage","stepID":["3"],"time":"2026-09-10T12:06:39Z"}
{"dryrun":false,"job":"CI/unit","jobID":"unit","level":"info","matrix":{},"msg":"\u001b[31m\u001b[1mDOMException\u001b[22m: Failed to execute 'querySelectorAll' on 'Element': '#sec:1' is not a valid selector.\n","raw_output":true,"stage":"Main","step":"Unit tests with coverage","stepID":["3"],"time":"2026-09-10T12:06:39Z"}
{"dryrun":false,"job":"CI/unit","jobID":"unit","level":"info","matrix":{},"msg":"\n","raw_output":true,"stage":"Main","step":"Unit tests with coverage","stepID":["3"],"time":"2026-09-10T12:06:39Z"}
{"dryrun":false,"job":"CI/unit","jobID":"unit","level":"info","matrix":{},"msg":"\tin $effect\n","raw_output":true,"stage":"Main","step":"Unit tests with coverage","stepID":["3"],"time":"2026-09-10T12:06:39Z"}
{"dryrun":false,"job":"CI/unit","jobID":"unit","level":"info","matrix":{},"msg":"\tin Toc.svelte\n","raw_output":true,"stage":"Main","step":"Unit tests with coverage","stepID":["3"],"time":"2026-09-10T12:06:39Z"}
{"dryrun":false,"job":"CI/unit","jobID":"unit","level":"info","matrix":{},"msg":"\tin undefined\n","raw_output":true,"stage":"Main","step":"Unit tests with coverage","stepID":["3"],"time":"2026-09-10T12:06:39Z"}
{"dryrun":false,"job":"CI/unit","jobID":"unit","level":"info","matrix":{},"msg":"\u001b[39m\n","raw_output":true,"stage":"Main","step":"Unit tests with coverage","stepID":["3"],"time":"2026-09-10T12:06:39Z"}
{"dryrun":false,"job":"CI/unit","jobID":"unit","level":"info","matrix":{},"msg":"\u001b[90m \u001b[2m❯\u001b[22m SelectorParser.getInvalidSelectorError node_modules/happy-dom/lib/query-selector/SelectorParser.js:\u001b[2m133:16\u001b[22m\u001b[39m\n","raw_output":true,"stage":"Main","step":"Unit tests with coverage","stepID":["3"],"time":"2026-09-10T12:06:39Z"}
{"dryrun":false,"job":"CI/unit","jobID":"unit","level":"info","matrix":{},"msg":"\u001b[90m \u001b[2m❯\u001b[22m SelectorParser.getSelectorGroupsUncached node_modules/happy-dom/lib/query-selector/SelectorParser.js:\u001b[2m271:24\u001b[22m\u001b[39m\n","raw_output":true,"stage":"Main","step":"Unit tests with coverage","stepID":["3"],"time":"2026-09-10T12:06:39Z"}
{"dryrun":false,"job":"CI/unit","jobID":"unit","level":"info","matrix":{},"msg":"\u001b[90m \u001b[2m❯\u001b[22m SelectorParser.getSelectorGroups node_modules/happy-dom/lib/query-selector/SelectorParser.js:\u001b[2m118:29\u001b[22m\u001b[39m\n","raw_output":true,"stage":"Main","step":"Unit tests with coverage","stepID":["3"],"time":"2026-09-10T12:06:39Z"}
{"dryrun":false,"job":"CI/unit","jobID":"unit","level":"info","matrix":{},"msg":"\u001b[90m \u001b[2m❯\u001b[22m QuerySelector.querySelector node_modules/happy-dom/lib/query-selector/QuerySelector.js:\u001b[2m146:12\u001b[22m\u001b[39m\n","raw_output":true,"stage":"Main","step":"Unit tests with coverage","stepID":["3"],"time":"2026-09-10T12:06:39Z"}
{"dryrun":false,"job":"CI/unit","jobID":"unit","level":"info","matrix":{},"msg":"\u001b[90m \u001b[2m❯\u001b[22m HTMLDocument.querySelector node_modules/happy-dom/lib/nodes/document/Document.js:\u001b[2m1193:30\u001b[22m\u001b[39m\n","raw_output":true,"stage":"Main","step":"Unit tests with coverage","stepID":["3"],"time":"2026-09-10T12:06:39Z"}
{"dryrun":false,"job":"CI/unit","jobID":"unit","level":"info","matrix":{},"msg":"\u001b[36m \u001b[2m❯\u001b[22m src/lib/Toc.svelte:\u001b[2m290:34\u001b[22m\u001b[39m\n","raw_output":true,"stage":"Main","step":"Unit tests with coverage","stepID":["3"],"time":"2026-09-10T12:06:39Z"}
{"dryrun":false,"job":"CI/unit","jobID":"unit","level":"info","matrix":{},"msg":"    \u001b[90m288|\u001b[39m     if (items) {\n","raw_output":true,"stage":"Main","step":"Unit tests with coverage","stepID":["3"],"time":"2026-09-10T12:06:39Z"}
{"dryrun":false,"job":"CI/unit","jobID":"unit","level":"info","matrix":{},"msg":"    \u001b[90m289|\u001b[39m       return items.flatMap(({ id }) =\u003e {\n","raw_output":true,"stage":"Main","step":"Unit tests with coverage","stepID":["3"],"time":"2026-09-10T12:06:39Z"}
{"dryrun":false,"job":"CI/unit","jobID":"unit","level":"info","matrix":{},"msg":"    \u001b[90m290|\u001b[39m         const heading = document.querySelector(`#${id}`)\n","raw_output":true,"stage":"Main","step":"Unit tests with coverage","stepID":["3"],"time":"2026-09-10T12:06:39Z"}
{"dryrun":false,"job":"CI/unit","jobID":"unit","level":"info","matrix":{},"msg":"    \u001b[90m   |\u001b[39m                                  \u001b[31m^\u001b[39m\n","raw_output":true,"stage":"Main","step":"Unit tests with coverage","stepID":["3"],"time":"2026-09-10T12:06:39Z"}
{"dryrun":false,"job":"CI/unit","jobID":"unit","level":"info","matrix":{},"msg":"    \u001b[90m291|\u001b[39m         return heading instanceof HTMLHeadingElement ? [heading] : []\n","raw_output":true,"stage":"Main","step":"Unit tests with coverage","stepID":["3"],"time":"2026-09-10T12:06:39Z"}
{"dryrun":false,"job":"CI/unit","jobID":"unit","level":"info","matrix":{},"msg":"    \u001b[90m292|\u001b[39m       })\n","raw_output":true,"stage":"Main","step":"Unit tests with coverage","stepID":["3"],"time":"2026-09-10T12:06:39Z"}
{"dryrun":false,"job":"CI/unit","jobID":"unit","level":"info","matrix":{},"msg":"\u001b[90m \u001b[2m❯\u001b[22m query_toc_headings src/lib/Toc.svelte:\u001b[2m289:20\u001b[22m\u001b[39m\n","raw_output":true,"stage":"Main","step":"Unit tests with coverage","stepID":["3"],"time":"2026-09-10T12:06:39Z"}
{"dryrun":false,"job":"CI/unit","jobID":"unit","level":"info","matrix":{},"msg":"\u001b[90m \u001b[2m❯\u001b[22m update_toc_headings src/lib/Toc.svelte:\u001b[2m355:30\u001b[22m\u001b[39m\n","raw_output":true,"stage":"Main","step":"Unit tests with coverage","stepID":["3"],"time":"2026-09-10T12:06:39Z"}
{"dryrun":false,"job":"CI/unit","jobID":"unit","level":"info","matrix":{},"msg":"\u001b[90m \u001b[2m❯\u001b[22m $effect src/lib/Toc.svelte:\u001b[2m409:5\u001b[22m\u001b[39m\n","raw_output":true,"stage":"Main","step":"Unit tests with coverage","stepID":["3"],"time":"2026-09-10T12:06:39Z"}
{"dryrun":false,"job":"CI/unit","jobID":"unit","level":"info","matrix":{},"msg":"\n","raw_output":true,"stage":"Main","step":"Unit tests with coverage","stepID":["3"],"time":"2026-09-10T12:06:39Z"}
{"dryrun":false,"job":"CI/unit","jobID":"unit","level":"info","matrix":{},"msg":"\u001b[31mThis error originated in \"\u001b[1mtests/vitest/toc.svelte.test.ts\u001b[22m\" test file. It doesn't mean the error was thrown inside the file itself, but while it was running.\u001b[39m\n","raw_output":true,"stage":"Main","step":"Unit tests with coverage","stepID":["3"],"time":"2026-09-10T12:06:39Z"}
{"dryrun":false,"job":"CI/unit","jobID":"unit","level":"info","matrix":{},"msg":"\u001b[31mThe last test to run before this error was \"\u001b[1mstatic metadata keeps matching item indexes for id=sec:1\u001b[22m\". This means either:\n","raw_output":true,"stage":"Main","step":"Unit tests with coverage","stepID":["3"],"time":"2026-09-10T12:06:39Z"}
{"dryrun":false,"job":"CI/unit","jobID":"unit","level":"info","matrix":{},"msg":"- the error was thrown while Vitest was running this test, or\n","raw_output":true,"stage":"Main","step":"Unit tests with coverage","stepID":["3"],"time":"2026-09-10T12:06:39Z"}
{"dryrun":false,"job":"CI/unit","jobID":"unit","level":"info","matrix":{},"msg":"- the error was thrown after the test completed, and this was the most recent test at that point.\u001b[39m\n","raw_output":true,"stage":"Main","step":"Unit tests with coverage","stepID":["3"],"time":"2026-09-10T12:06:39Z"}
{"dryrun":false,"job":"CI/unit","jobID":"unit","level":"info","matrix":{},"msg":"\n","raw_output":true,"stage":"Main","step":"Unit tests with coverage","stepID":["3"],"time":"2026-09-10T12:06:39Z"}
{"dryrun":false,"job":"CI/unit","jobID":"unit","level":"info","matrix":{},"msg":"\u001b[31m⎯⎯⎯⎯⎯\u001b[39m\u001b[1m\u001b[41m Uncaught Exception \u001b[49m\u001b[22m\u001b[31m⎯⎯⎯⎯⎯\u001b[39m\n","raw_output":true,"stage":"Main","step":"Unit tests with coverage","stepID":["3"],"time":"2026-09-10T12:06:39Z"}
{"dryrun":false,"job":"CI/unit","jobID":"unit","level":"info","matrix":{},"msg":"\u001b[31m\u001b[1mDOMException\u001b[22m: Failed to execute 'querySelector' on 'HTMLDocument': '#123' is not a valid selector.\n","raw_output":true,"stage":"Main","step":"Unit tests with coverage","stepID":["3"],"time":"2026-09-10T12:06:39Z"}
{"dryrun":false,"job":"CI/unit","jobID":"unit","level":"info","matrix":{},"msg":"\n","raw_output":true,"stage":"Main","step":"Unit tests with coverage","stepID":["3"],"time":"2026-09-10T12:06:39Z"}
{"dryrun":false,"job":"CI/unit","jobID":"unit","level":"info","matrix":{},"msg":"\tin $effect\n","raw_output":true,"stage":"Main","step":"Unit tests with coverage","stepID":["3"],"time":"2026-09-10T12:06:39Z"}
{"dryrun":false,"job":"CI/unit","jobID":"unit","level":"info","matrix":{},"msg":"\tin Toc.svelte\n","raw_output":true,"stage":"Main","step":"Unit tests with coverage","stepID":["3"],"time":"2026-09-10T12:06:39Z"}
{"dryrun":false,"job":"CI/unit","jobID":"unit","level":"info","matrix":{},"msg":"\tin undefined\n","raw_output":true,"stage":"Main","step":"Unit tests with coverage","stepID":["3"],"time":"2026-09-10T12:06:39Z"}
{"dryrun":false,"job":"CI/unit","jobID":"unit","level":"info","matrix":{},"msg":"\u001b[39m\n","raw_output":true,"stage":"Main","step":"Unit tests with coverage","stepID":["3"],"time":"2026-09-10T12:06:39Z"}
{"dryrun":false,"job":"CI/unit","jobID":"unit","level":"info","matrix":{},"msg":"\u001b[90m \u001b[2m❯\u001b[22m QuerySelector.querySelector node_modules/happy-dom/lib/query-selector/QuerySelector.js:\u001b[2m110:19\u001b[22m\u001b[39m\n","raw_output":true,"stage":"Main","step":"Unit tests with coverage","stepID":["3"],"time":"2026-09-10T12:06:39Z"}
{"dryrun":false,"job":"CI/unit","jobID":"unit","level":"info","matrix":{},"msg":"\u001b[90m \u001b[2m❯\u001b[22m HTMLDocument.querySelector node_modules/happy-dom/lib/nodes/document/Document.js:\u001b[2m1193:30\u001b[22m\u001b[39m\n","raw_output":true,"stage":"Main","step":"Unit tests with coverage","stepID":["3"],"time":"2026-09-10T12:06:39Z"}
{"dryrun":false,"job":"CI/unit","jobID":"unit","level":"info","matrix":{},"msg":"\u001b[36m \u001b[2m❯\u001b[22m src/lib/Toc.svelte:\u001b[2m290:34\u001b[22m\u001b[39m\n","raw_output":true,"stage":"Main","step":"Unit tests with coverage","stepID":["3"],"time":"2026-09-10T12:06:39Z"}
{"dryrun":false,"job":"CI/unit","jobID":"unit","level":"info","matrix":{},"msg":"    \u001b[90m288|\u001b[39m     if (items) {\n","raw_output":true,"stage":"Main","step":"Unit tests with coverage","stepID":["3"],"time":"2026-09-10T12:06:39Z"}
{"dryrun":false,"job":"CI/unit","jobID":"unit","level":"info","matrix":{},"msg":"    \u001b[90m289|\u001b[39m       return items.flatMap(({ id }) =\u003e {\n","raw_output":true,"stage":"Main","step":"Unit tests with coverage","stepID":["3"],"time":"2026-09-10T12:06:39Z"}
{"dryrun":false,"job":"CI/unit","jobID":"unit","level":"info","matrix":{},"msg":"    \u001b[90m290|\u001b[39m         const heading = document.querySelector(`#${id}`)\n","raw_output":true,"stage":"Main","step":"Unit tests with coverage","stepID":["3"],"time":"2026-09-10T12:06:39Z"}
{"dryrun":false,"job":"CI/unit","jobID":"unit","level":"info","matrix":{},"msg":"    \u001b[90m   |\u001b[39m                                  \u001b[31m^\u001b[39m\n","raw_output":true,"stage":"Main","step":"Unit tests with coverage","stepID":["3"],"time":"2026-09-10T12:06:39Z"}
{"dryrun":false,"job":"CI/unit","jobID":"unit","level":"info","matrix":{},"msg":"    \u001b[90m291|\u001b[39m         return heading instanceof HTMLHeadingElement ? [heading] : []\n","raw_output":true,"stage":"Main","step":"Unit tests with coverage","stepID":["3"],"time":"2026-09-10T12:06:39Z"}
{"dryrun":false,"job":"CI/unit","jobID":"unit","level":"info","matrix":{},"msg":"    \u001b[90m292|\u001b[39m       })\n","raw_output":true,"stage":"Main","step":"Unit tests with coverage","stepID":["3"],"time":"2026-09-10T12:06:39Z"}
{"dryrun":false,"job":"CI/unit","jobID":"unit","level":"info","matrix":{},"msg":"\u001b[90m \u001b[2m❯\u001b[22m query_toc_headings src/lib/Toc.svelte:\u001b[2m289:20\u001b[22m\u001b[39m\n","raw_output":true,"stage":"Main","step":"Unit tests with coverage","stepID":["3"],"time":"2026-09-10T12:06:39Z"}
{"dryrun":false,"job":"CI/unit","jobID":"unit","level":"info","matrix":{},"msg":"\u001b[90m \u001b[2m❯\u001b[22m update_toc_headings src/lib/Toc.svelte:\u001b[2m355:30\u001b[22m\u001b[39m\n","raw_output":true,"stage":"Main","step":"Unit tests with coverage","stepID":["3"],"time":"2026-09-10T12:06:39Z"}
{"dryrun":false,"job":"CI/unit","jobID":"unit","level":"info","matrix":{},"msg":"\u001b[90m \u001b[2m❯\u001b[22m $effect src/lib/Toc.svelte:\u001b[2m409:5\u001b[22m\u001b[39m\n","raw_output":true,"stage":"Main","step":"Unit tests with coverage","stepID":["3"],"time":"2026-09-10T12:06:39Z"}
{"dryrun":false,"job":"CI/unit","jobID":"unit","level":"info","matrix":{},"msg":"\n","raw_output":true,"stage":"Main","step":"Unit tests with coverage","stepID":["3"],"time":"2026-09-10T12:06:39Z"}
{"dryrun":false,"job":"CI/unit","jobID":"unit","level":"info","matrix":{},"msg":"\u001b[31mThis error originated in \"\u001b[1mtests/vitest/toc.svelte.test.ts\u001b[22m\" test file. It doesn't mean the error was thrown inside the file itself, but while it was running.\u001b[39m\n","raw_output":true,"stage":"Main","step":"Unit tests with coverage","stepID":["3"],"time":"2026-09-10T12:06:39Z"}
{"dryrun":false,"job":"CI/unit","jobID":"unit","level":"info","matrix":{},"msg":"\u001b[31mThe last test to run before this error was \"\u001b[1mstatic metadata keeps matching item indexes for id=123\u001b[22m\". This means either:\n","raw_output":true,"stage":"Main","step":"Unit tests with coverage","stepID":["3"],"time":"2026-09-10T12:06:39Z"}
{"dryrun":false,"job":"CI/unit","jobID":"unit","level":"info","matrix":{},"msg":"- the error was thrown while Vitest was running this test, or\n","raw_output":true,"stage":"Main","step":"Unit tests with coverage","stepID":["3"],"time":"2026-09-10T12:06:39Z"}
{"dryrun":false,"job":"CI/unit","jobID":"unit","level":"info","matrix":{},"msg":"- the error was thrown after the test completed, and this was the most recent test at that point.\u001b[39m\n","raw_output":true,"stage":"Main","step":"Unit tests with coverage","stepID":["3"],"time":"2026-09-10T12:06:39Z"}
{"dryrun":false,"job":"CI/unit","jobID":"unit","level":"info","matrix":{},"msg":"\u001b[31m⎯⎯⎯⎯⎯⎯⎯⎯⎯⎯⎯⎯⎯⎯⎯⎯⎯⎯⎯⎯⎯⎯⎯⎯⎯⎯⎯⎯⎯⎯\u001b[39m\n","raw_output":true,"stage":"Main","step":"Unit tests with coverage","stepID":["3"],"time":"2026-09-10T12:06:39Z"}
{"dryrun":false,"job":"CI/unit","jobID":"unit","level":"info","matrix":{},"msg":"\n","raw_output":true,"stage":"Main","step":"Unit tests with coverage","stepID":["3"],"time":"2026-09-10T12:06:39Z"}
{"dryrun":false,"job":"CI/unit","jobID":"unit","level":"info","matrix":{},"msg":"\n","raw_output":true,"stage":"Main","step":"Unit tests with coverage","stepID":["3"],"time":"2026-09-10T12:06:39Z"}
{"dryrun":false,"job":"CI/unit","jobID":"unit","level":"info","matrix":{},"msg":"\u001b[2m Test Files \u001b[22m \u001b[1m\u001b[31m2 failed\u001b[39m\u001b[22m\u001b[2m | \u001b[22m\u001b[1m\u001b[32m114 passed\u001b[39m\u001b[22m\u001b[90m (116)\u001b[39m\n","raw_output":true,"stage":"Main","step":"Unit tests with coverage","stepID":["3"],"time":"2026-09-10T12:06:39Z"}
{"dryrun":false,"job":"CI/unit","jobID":"unit","level":"info","matrix":{},"msg":"\u001b[2m      Tests \u001b[22m \u001b[1m\u001b[31m4 failed\u001b[39m\u001b[22m\u001b[2m | \u001b[22m\u001b[1m\u001b[32m3611 passed\u001b[39m\u001b[22m\u001b[2m | \u001b[22m\u001b[33m1 skipped\u001b[39m\u001b[90m (3616)\u001b[39m\n","raw_output":true,"stage":"Main","step":"Unit tests with coverage","stepID":["3"],"time":"2026-09-10T12:06:39Z"}
{"dryrun":false,"job":"CI/unit","jobID":"unit","level":"info","matrix":{},"msg":"\u001b[2m     Errors \u001b[22m \u001b[1m\u001b[31m2 errors\u001b[39m\u001b[22m\n","raw_output":true,"stage":"Main","step":"Unit tests with coverage","stepID":["3"],"time":"2026-09-10T12:06:39Z"}
{"dryrun":false,"job":"CI/unit","jobID":"unit","level":"info","matrix":{},"msg":"\u001b[2m   Start at \u001b[22m 12:04:55\n","raw_output":true,"stage":"Main","step":"Unit tests with coverage","stepID":["3"],"time":"2026-09-10T12:06:39Z"}
{"dryrun":false,"job":"CI/unit","jobID":"unit","level":"info","matrix":{},"msg":"\u001b[2m   Duration \u001b[22m 103.38s\u001b[2m (tests 54%, environment 16%, transform 14%, import 12%, worker 2%, setup 1%)\u001b[22m\n","raw_output":true,"stage":"Main","step":"Unit tests with coverage","stepID":["3"],"time":"2026-09-10T12:06:39Z"}
{"dryrun":false,"job":"CI/unit","jobID":"unit","level":"info","matrix":{},"msg":"\n","raw_output":true,"stage":"Main","step":"Unit tests with coverage","stepID":["3"],"time":"2026-09-10T12:06:39Z"}
{"dryrun":false,"job":"CI/unit","jobID":"unit","level":"info","matrix":{},"msg":"\u001b[2m    Isolate \u001b[22m \u001b[33m116 workers spawned\u001b[39m\u001b[2m · ~542ms startup each (spawn + environment, per file)\u001b[22m\n","raw_output":true,"stage":"Main","step":"Unit tests with coverage","stepID":["3"],"time":"2026-09-10T12:06:39Z"}
{"dryrun":false,"job":"CI/unit","jobID":"unit","level":"info","matrix":{},"msg":"\u001b[2m            \u001b[22m \u001b[2mat least ~20.40s faster with \u001b[22m\u001b[33misolate: false\u001b[39m\u001b[2m — reuses workers across files instead of one per file\u001b[22m\n","raw_output":true,"stage":"Main","step":"Unit tests with coverage","stepID":["3"],"time":"2026-09-10T12:06:39Z"}
{"dryrun":false,"job":"CI/unit","jobID":"unit","level":"info","matrix":{},"msg":"\n","raw_output":true,"stage":"Main","step":"Unit tests with coverage","stepID":["3"],"time":"2026-09-10T12:06:39Z"}
{"dryrun":false,"job":"CI/unit","jobID":"unit","level":"info","matrix":{},"msg":"\n","raw_output":true,"stage":"Main","step":"Unit tests with coverage","stepID":["3"],"time":"2026-09-10T12:06:39Z"}
{"arg":"DOMException: Failed to execute 'querySelectorAll' on 'Element': '#sec:1' is not a valid selector.\n\n\tin $effect\n\tin Toc.svelte\n\tin undefined\n\n ❯ SelectorParser.getInvalidSelectorError node_modules/happy-dom/lib/query-selector/SelectorParser.js:133:16\n ❯ SelectorParser.getSelectorGroupsUncached node_modules/happy-dom/lib/query-selector/SelectorParser.js:271:24\n ❯ SelectorParser.getSelectorGroups node_modules/happy-dom/lib/query-selector/SelectorParser.js:118:29\n ❯ QuerySelector.querySelector node_modules/happy-dom/lib/query-selector/QuerySelector.js:146:12\n ❯ HTMLDocument.querySelector node_modules/happy-dom/lib/nodes/document/Document.js:1193:30\n ❯ src/lib/Toc.svelte:290:34\n ❯ query_toc_headings src/lib/Toc.svelte:289:20\n ❯ update_toc_headings src/lib/Toc.svelte:355:30\n ❯ $effect src/lib/Toc.svelte:409:5\n\nThis error originated in \"tests/vitest/toc.svelte.test.ts\" test file. It doesn't mean the error was thrown inside the file itself, but while it was running.\nThe last test to run before this error was \"static metadata keeps matching item indexes for id=sec:1\". This means either:\n- the error was thrown while Vitest was running this test, or\n- the error was thrown after the test completed, and this was the most recent test at that point.\n","command":"error","dryrun":false,"job":"CI/unit","jobID":"unit","kvPairs":{"column":"34","file":"/tmp/rb/fcd90158c882/workspace/src/lib/Toc.svelte","line":"290","title":"Unhandled error"},"level":"error","matrix":{},"msg":"  ❗  ::error file=/tmp/rb/fcd90158c882/workspace/src/lib/Toc.svelte,title=Unhandled error,line=290,column=34::DOMException: Failed to execute 'querySelectorAll' on 'Element': '#sec:1' is not a valid selector.%0A%0A\tin $effect%0A\tin Toc.svelte%0A\tin undefined%0A%0A ❯ SelectorParser.getInvalidSelectorError node_modules/happy-dom/lib/query-selector/SelectorParser.js:133:16%0A ❯ SelectorParser.getSelectorGroupsUncached node_modules/happy-dom/lib/query-selector/SelectorParser.js:271:24%0A ❯ SelectorParser.getSelectorGroups node_modules/happy-dom/lib/query-selector/SelectorParser.js:118:29%0A ❯ QuerySelector.querySelector node_modules/happy-dom/lib/query-selector/QuerySelector.js:146:12%0A ❯ HTMLDocument.querySelector node_modules/happy-dom/lib/nodes/document/Document.js:1193:30%0A ❯ src/lib/Toc.svelte:290:34%0A ❯ query_toc_headings src/lib/Toc.svelte:289:20%0A ❯ update_toc_headings src/lib/Toc.svelte:355:30%0A ❯ $effect src/lib/Toc.svelte:409:5%0A%0AThis error originated in \"tests/vitest/toc.svelte.test.ts\" test file. It doesn't mean the error was thrown inside the file itself, but while it was running.%0AThe last test to run before this error was \"static metadata keeps matching item indexes for id=sec:1\". This means either:%0A- the error was thrown while Vitest was running this test, or%0A- the error was thrown after the test completed, and this was the most recent test at that point.%0A\n","raw":"::error file=/tmp/rb/fcd90158c882/workspace/src/lib/Toc.svelte,title=Unhandled error,line=290,column=34::DOMException: Failed to execute 'querySelectorAll' on 'Element': '#sec:1' is not a valid selector.%0A%0A\tin $effect%0A\tin Toc.svelte%0A\tin undefined%0A%0A ❯ SelectorParser.getInvalidSelectorError node_modules/happy-dom/lib/query-selector/SelectorParser.js:133:16%0A ❯ SelectorParser.getSelectorGroupsUncached node_modules/happy-dom/lib/query-selector/SelectorParser.js:271:24%0A ❯ SelectorParser.getSelectorGroups node_modules/happy-dom/lib/query-selector/SelectorParser.js:118:29%0A ❯ QuerySelector.querySelector node_modules/happy-dom/lib/query-selector/QuerySelector.js:146:12%0A ❯ HTMLDocument.querySelector node_modules/happy-dom/lib/nodes/document/Document.js:1193:30%0A ❯ src/lib/Toc.svelte:290:34%0A ❯ query_toc_headings src/lib/Toc.svelte:289:20%0A ❯ update_toc_headings src/lib/Toc.svelte:355:30%0A ❯ $effect src/lib/Toc.svelte:409:5%0A%0AThis error originated in \"tests/vitest/toc.svelte.test.ts\" test file. It doesn't mean the error was thrown inside the file itself, but while it was running.%0AThe last test to run before this error was \"static metadata keeps matching item indexes for id=sec:1\". This means either:%0A- the error was thrown while Vitest was running this test, or%0A- the error was thrown after the test completed, and this was the most recent test at that point.%0A\n","stage":"Main","step":"Unit tests with coverage","stepID":["3"],"time":"2026-09-10T12:06:39Z"}
{"dryrun":false,"job":"CI/unit","jobID":"unit","level":"info","matrix":{},"msg":"\n","raw_output":true,"stage":"Main","step":"Unit tests with coverage","stepID":["3"],"time":"2026-09-10T12:06:39Z"}
{"arg":"DOMException: Failed to execute 'querySelector' on 'HTMLDocument': '#123' is not a valid selector.\n\n\tin $effect\n\tin Toc.svelte\n\tin undefined\n\n ❯ QuerySelector.querySelector node_modules/happy-dom/lib/query-selector/QuerySelector.js:110:19\n ❯ HTMLDocument.querySelector node_modules/happy-dom/lib/nodes/document/Document.js:1193:30\n ❯ src/lib/Toc.svelte:290:34\n ❯ query_toc_headings src/lib/Toc.svelte:289:20\n ❯ update_toc_headings src/lib/Toc.svelte:355:30\n ❯ $effect src/lib/Toc.svelte:409:5\n\nThis error originated in \"tests/vitest/toc.svelte.test.ts\" test file. It doesn't mean the error was thrown inside the file itself, but while it was running.\nThe last test to run before this error was \"static metadata keeps matching item indexes for id=123\". This means either:\n- the error was thrown while Vitest was running this test, or\n- the error was thrown after the test completed, and this was the most recent test at that point.\n","command":"error","dryrun":false,"job":"CI/unit","jobID":"unit","kvPairs":{"column":"34","file":"/tmp/rb/fcd90158c882/workspace/src/lib/Toc.svelte","line":"290","title":"Unhandled error"},"level":"error","matrix":{},"msg":"  ❗  ::error file=/tmp/rb/fcd90158c882/workspace/src/lib/Toc.svelte,title=Unhandled error,line=290,column=34::DOMException: Failed to execute 'querySelector' on 'HTMLDocument': '#123' is not a valid selector.%0A%0A\tin $effect%0A\tin Toc.svelte%0A\tin undefined%0A%0A ❯ QuerySelector.querySelector node_modules/happy-dom/lib/query-selector/QuerySelector.js:110:19%0A ❯ HTMLDocument.querySelector node_modules/happy-dom/lib/nodes/document/Document.js:1193:30%0A ❯ src/lib/Toc.svelte:290:34%0A ❯ query_toc_headings src/lib/Toc.svelte:289:20%0A ❯ update_toc_headings src/lib/Toc.svelte:355:30%0A ❯ $effect src/lib/Toc.svelte:409:5%0A%0AThis error originated in \"tests/vitest/toc.svelte.test.ts\" test file. It doesn't mean the error was thrown inside the file itself, but while it was running.%0AThe last test to run before this error was \"static metadata keeps matching item indexes for id=123\". This means either:%0A- the error was thrown while Vitest was running this test, or%0A- the error was thrown after the test completed, and this was the most recent test at that point.%0A\n","raw":"::error file=/tmp/rb/fcd90158c882/workspace/src/lib/Toc.svelte,title=Unhandled error,line=290,column=34::DOMException: Failed to execute 'querySelector' on 'HTMLDocument': '#123' is not a valid selector.%0A%0A\tin $effect%0A\tin Toc.svelte%0A\tin undefined%0A%0A ❯ QuerySelector.querySelector node_modules/happy-dom/lib/query-selector/QuerySelector.js:110:19%0A ❯ HTMLDocument.querySelector node_modules/happy-dom/lib/nodes/document/Document.js:1193:30%0A ❯ src/lib/Toc.svelte:290:34%0A ❯ query_toc_headings src/lib/Toc.svelte:289:20%0A ❯ update_toc_headings src/lib/Toc.svelte:355:30%0A ❯ $effect src/lib/Toc.svelte:409:5%0A%0AThis error originated in \"tests/vitest/toc.svelte.test.ts\" test file. It doesn't mean the error was thrown inside the file itself, but while it was running.%0AThe last test to run before this error was \"static metadata keeps matching item indexes for id=123\". This means either:%0A- the error was thrown while Vitest was running this test, or%0A- the error was thrown after the test completed, and this was the most recent test at that point.%0A\n","stage":"Main","step":"Unit tests with coverage","stepID":["3"],"time":"2026-09-10T12:06:39Z"}
{"dryrun":false,"job":"CI/unit","jobID":"unit","level":"info","matrix":{},"msg":"\n","raw_output":true,"stage":"Main","step":"Unit tests with coverage","stepID":["3"],"time":"2026-09-10T12:06:39Z"}
{"arg":"AssertionError: expected 'https://github.com/janosh/svelte-widg…' to be 'https://github.com/janosh/svelte-widg…' // Object.is equality\n\nExpected: \"https://github.com/janosh/svelte-widgets/blob/-/readme.md\"\nReceived: \"https://github.com/janosh/svelte-widgets/blob/-/src/routes/+page.svelte\"\n\n ❯ tests/vitest/layout.test.ts:44:41\n\n","command":"error","dryrun":false,"job":"CI/unit","jobID":"unit","kvPairs":{"column":"41","file":"/tmp/rb/fcd90158c882/workspace/tests/vitest/layout.test.ts","line":"44","title":"tests/vitest/layout.test.ts \u003e footer edit link for route / points at /"},"level":"error","matrix":{},"msg":"  ❗  ::error file=/tmp/rb/fcd90158c882/workspace/tests/vitest/layout.test.ts,title=tests/vitest/layout.test.ts \u003e footer edit link for route / points at /,line=44,column=41::AssertionError: expected 'https://github.com/janosh/svelte-widg…' to be 'https://github.com/janosh/svelte-widg…' // Object.is equality%0A%0AExpected: \"https://github.com/janosh/svelte-widgets/blob/-/readme.md\"%0AReceived: \"https://github.com/janosh/svelte-widgets/blob/-/src/routes/+page.svelte\"%0A%0A ❯ tests/vitest/layout.test.ts:44:41%0A%0A\n","raw":"::error file=/tmp/rb/fcd90158c882/workspace/tests/vitest/layout.test.ts,title=tests/vitest/layout.test.ts \u003e footer edit link for route / points at /,line=44,column=41::AssertionError: expected 'https://github.com/janosh/svelte-widg…' to be 'https://github.com/janosh/svelte-widg…' // Object.is equality%0A%0AExpected: \"https://github.com/janosh/svelte-widgets/blob/-/readme.md\"%0AReceived: \"https://github.com/janosh/svelte-widgets/blob/-/src/routes/+page.svelte\"%0A%0A ❯ tests/vitest/layout.test.ts:44:41%0A%0A\n","stage":"Main","step":"Unit tests with coverage","stepID":["3"],"time":"2026-09-10T12:06:39Z"}
{"dryrun":false,"job":"CI/unit","jobID":"unit","level":"info","matrix":{},"msg":"\n","raw_output":true,"stage":"Main","step":"Unit tests with coverage","stepID":["3"],"time":"2026-09-10T12:06:39Z"}
{"arg":"AssertionError: No element found for selector: aside.toc li.active\n ❯ doc_query tests/vitest/index.ts:18:3\n ❯ tests/vitest/toc.svelte.test.ts:352:14\n\n","command":"error","dryrun":false,"job":"CI/unit","jobID":"unit","kvPairs":{"column":"3","file":"/tmp/rb/fcd90158c882/workspace/tests/vitest/index.ts","line":"18"},"level":"error","matrix":{},"msg":"  ❗  ::error file=/tmp/rb/fcd90158c882/workspace/tests/vitest/index.ts,title=tests/vitest/toc.svelte.test.ts \u003e Toc \u003e static metadata keeps matching item indexes for id=sec%3A1,line=18,column=3::AssertionError: No element found for selector: aside.toc li.active%0A ❯ doc_query tests/vitest/index.ts:18:3%0A ❯ tests/vitest/toc.svelte.test.ts:352:14%0A%0A\n","raw":"::error file=/tmp/rb/fcd90158c882/workspace/tests/vitest/index.ts,title=tests/vitest/toc.svelte.test.ts \u003e Toc \u003e static metadata keeps matching item indexes for id=sec%3A1,line=18,column=3::AssertionError: No element found for selector: aside.toc li.active%0A ❯ doc_query tests/vitest/index.ts:18:3%0A ❯ tests/vitest/toc.svelte.test.ts:352:14%0A%0A\n","stage":"Main","step":"Unit tests with coverage","stepID":["3"],"time":"2026-09-10T12:06:39Z"}
{"dryrun":false,"job":"CI/unit","jobID":"unit","level":"info","matrix":{},"msg":"\n","raw_output":true,"stage":"Main","step":"Unit tests with coverage","stepID":["3"],"time":"2026-09-10T12:06:39Z"}
{"arg":"AssertionError: No element found for selector: aside.toc li.active\n ❯ doc_query tests/vitest/index.ts:18:3\n ❯ tests/vitest/toc.svelte.test.ts:352:14\n\n","command":"error","dryrun":false,"job":"CI/unit","jobID":"unit","kvPairs":{"column":"3","file":"/tmp/rb/fcd90158c882/workspace/tests/vitest/index.ts","line":"18"},"level":"error","matrix":{},"msg":"  ❗  ::error file=/tmp/rb/fcd90158c882/workspace/tests/vitest/index.ts,title=tests/vitest/toc.svelte.test.ts \u003e Toc \u003e static metadata keeps matching item indexes for id=123,line=18,column=3::AssertionError: No element found for selector: aside.toc li.active%0A ❯ doc_query tests/vitest/index.ts:18:3%0A ❯ tests/vitest/toc.svelte.test.ts:352:14%0A%0A\n","raw":"::error file=/tmp/rb/fcd90158c882/workspace/tests/vitest/index.ts,title=tests/vitest/toc.svelte.test.ts \u003e Toc \u003e static metadata keeps matching item indexes for id=123,line=18,column=3::AssertionError: No element found for selector: aside.toc li.active%0A ❯ doc_query tests/vitest/index.ts:18:3%0A ❯ tests/vitest/toc.svelte.test.ts:352:14%0A%0A\n","stage":"Main","step":"Unit tests with coverage","stepID":["3"],"time":"2026-09-10T12:06:39Z"}
{"dryrun":false,"job":"CI/unit","jobID":"unit","level":"info","matrix":{},"msg":"\n","raw_output":true,"stage":"Main","step":"Unit tests with coverage","stepID":["3"],"time":"2026-09-10T12:06:39Z"}
{"arg":"AssertionError: No element found for selector: aside.toc li.active\n ❯ doc_query tests/vitest/index.ts:18:3\n ❯ tests/vitest/toc.svelte.test.ts:352:14\n\n","command":"error","dryrun":false,"job":"CI/unit","jobID":"unit","kvPairs":{"column":"3","file":"/tmp/rb/fcd90158c882/workspace/tests/vitest/index.ts","line":"18"},"level":"error","matrix":{},"msg":"  ❗  ::error file=/tmp/rb/fcd90158c882/workspace/tests/vitest/index.ts,title=tests/vitest/toc.svelte.test.ts \u003e Toc \u003e static metadata keeps matching item indexes for id=part.one,line=18,column=3::AssertionError: No element found for selector: aside.toc li.active%0A ❯ doc_query tests/vitest/index.ts:18:3%0A ❯ tests/vitest/toc.svelte.test.ts:352:14%0A%0A\n","raw":"::error file=/tmp/rb/fcd90158c882/workspace/tests/vitest/index.ts,title=tests/vitest/toc.svelte.test.ts \u003e Toc \u003e static metadata keeps matching item indexes for id=part.one,line=18,column=3::AssertionError: No element found for selector: aside.toc li.active%0A ❯ doc_query tests/vitest/index.ts:18:3%0A ❯ tests/vitest/toc.svelte.test.ts:352:14%0A%0A\n","stage":"Main","step":"Unit tests with coverage","stepID":["3"],"time":"2026-09-10T12:06:39Z"}
{"dryrun":false,"executionTime":108107847654,"job":"CI/unit","jobID":"unit","level":"info","matrix":{},"msg":"  ❌  Failure - Main Unit tests with coverage [1m48.107847654s]","stage":"Main","step":"Unit tests with coverage","stepID":["3"],"stepResult":"failure","time":"2026-09-10T12:06:39Z"}
{"command":"summary","content":"## Vitest Test Report\n\n### Summary\n\n- **Test Files**: ❌ **2 failures** · ✅ **114 passes** · 116 total\n- **Test Results**: ❌ **4 failures** · ✅ **3611 passes** · 3615 total\n- **Other**: 1 skip · 1 total\n","dryrun":false,"job":"CI/unit","jobID":"unit","level":"info","matrix":{},"msg":"  ⚙  Summary - ## Vitest Test Report\n\n### Summary\n\n- **Test Files**: ❌ **2 failures** · ✅ **114 passes** · 116 total\n- **Test Results**: ❌ **4 failures** · ✅ **3611 passes** · 3615 total\n- **Other**: 1 skip · 1 total\n","stage":"Main","step":"Unit tests with coverage","stepID":["3"],"time":"2026-09-10T12:06:39Z"}
{"dryrun":false,"job":"CI/unit","jobID":"unit","level":"error","matrix":{},"msg":"exitcode '1': failure","stage":"Main","step":"Unit tests with coverage","stepID":["3"],"time":"2026-09-10T12:06:39Z"}
{"dryrun":false,"job":"CI/unit","jobID":"unit","level":"info","matrix":{},"msg":"⭐ Run Complete job","step":"Complete job","stepid":["--complete-job"],"time":"2026-09-10T12:06:39Z"}
{"dryrun":false,"job":"CI/unit","jobID":"unit","level":"info","matrix":{},"msg":"  ✅  Success - Complete job","step":"Complete job","stepResult":"success","stepid":["--complete-job"],"time":"2026-09-10T12:06:39Z"}
{"dryrun":false,"job":"CI/unit","jobID":"unit","jobResult":"failure","level":"info","matrix":{},"msg":"🏁  Job failed","time":"2026-09-10T12:06:39Z"}
Error: Job 'unit' failed

Result: SAME_FAILURE
Stage: MATCH
Cause: 
Evidence level: TEST
Remote failures: 4
Local failures: 4
Matched: 4
all structured failure identities, exception/diagnostic types, source locations, messages and exit codes agree
Report: /tmp/rb/fcd90158c882/result.json
{
  "status": "SAME_FAILURE",
  "evidence_level": "TEST",
  "reason": "all structured failure identities, exception/diagnostic types, source locations, messages and exit codes agree",
  "remote": {
    "failure_count": 4,
    "level": "TEST",
    "step": "Unit tests with coverage",
    "command": "npm run test:coverage",
    "exit": 1,
    "normalized_excerpt": [
      "AssertionError: No element found for selector: aside.toc li.active",
      "AssertionError: expected 'https://github.com/janosh/svelte-widg…' to be 'https://github.com/janosh/svelte-widg…' // Object.is equality",
      "DOMException: Failed to execute 'querySelector' on 'HTMLDocument': '#123' is not a valid selector.",
      "DOMException: Failed to execute 'querySelectorAll' on 'Element': '#sec:1' is not a valid selector.",
      "Expected: \"https://github.com/janosh/svelte-widgets/blob/-/readme.md\"",
      "FAIL  tests/vitest/layout.test.ts \u003e footer edit link for route / points at /",
      "FAIL  tests/vitest/toc.svelte.test.ts \u003e Toc \u003e static metadata keeps matching item indexes for id=123",
      "FAIL  tests/vitest/toc.svelte.test.ts \u003e Toc \u003e static metadata keeps matching item indexes for id=part.one",
      "FAIL  tests/vitest/toc.svelte.test.ts \u003e Toc \u003e static metadata keeps matching item indexes for id=sec:1",
      "OptionList: load_options error: Error: Unavailable",
      "Received: \"https://github.com/janosh/svelte-widgets/blob/-/src/routes/+page.svelte\"",
      "Test Files  2 failed | 114 passed (116)",
      "Tests  4 failed | 3611 passed | 1 skipped (3616)",
      "⎯⎯⎯⎯⎯⎯⎯ Failed Tests 4 ⎯⎯⎯⎯⎯⎯⎯",
      "✓ explicit async assertions preserve interaction results (fail=false) 2751ms",
      "✓ explicit async assertions preserve interaction results (fail=true) 1918ms",
      "❯ tests/vitest/layout.test.ts (5 tests | 1 failed) 682ms",
      "❯ tests/vitest/toc.svelte.test.ts (114 tests | 3 failed) 1420ms"
    ],
    "items": [
      {
        "kind": "vitest",
        "identity": "vitest:tests/vitest/layout.test.ts:44:41:footer edit link for route / points at /",
        "exception": "AssertionError",
        "file": "tests/vitest/layout.test.ts",
        "line": 44,
        "message": "expected 'https://github.com/janosh/svelte-widg…' to be 'https://github.com/janosh/svelte-widg…' // Object.is equality\nExpected: \"https://github.com/janosh/svelte-widgets/blob/-/readme.md\"\nReceived: \"https://github.com/janosh/svelte-widgets/blob/-/src/routes/+page.svelte\""
      },
      {
        "kind": "vitest",
        "identity": "vitest:tests/vitest/toc.svelte.test.ts:352:14:Toc \u003e static metadata keeps matching item indexes for id=123",
        "exception": "AssertionError",
        "file": "tests/vitest/toc.svelte.test.ts",
        "line": 352,
        "message": "No element found for selector: aside.toc li.active"
      },
      {
        "kind": "vitest",
        "identity": "vitest:tests/vitest/toc.svelte.test.ts:352:14:Toc \u003e static metadata keeps matching item indexes for id=part.one",
        "exception": "AssertionError",
        "file": "tests/vitest/toc.svelte.test.ts",
        "line": 352,
        "message": "No element found for selector: aside.toc li.active"
      },
      {
        "kind": "vitest",
        "identity": "vitest:tests/vitest/toc.svelte.test.ts:352:14:Toc \u003e static metadata keeps matching item indexes for id=sec:1",
        "exception": "AssertionError",
        "file": "tests/vitest/toc.svelte.test.ts",
        "line": 352,
        "message": "No element found for selector: aside.toc li.active"
      }
    ]
  },
  "local": {
    "failure_count": 4,
    "level": "TEST",
    "step": "Unit tests with coverage",
    "command": "npm run test:coverage",
    "exit": 1,
    "normalized_excerpt": [
      "AssertionError: No element found for selector: aside.toc li.active",
      "AssertionError: expected 'https://github.com/janosh/svelte-widg…' to be 'https://github.com/janosh/svelte-widg…' // Object.is equality",
      "DOMException: Failed to execute 'querySelector' on 'HTMLDocument': '#123' is not a valid selector.",
      "DOMException: Failed to execute 'querySelectorAll' on 'Element': '#sec:1' is not a valid selector.",
      "Expected: \"https://github.com/janosh/svelte-widgets/blob/-/readme.md\"",
      "FAIL  tests/vitest/layout.test.ts \u003e footer edit link for route / points at /",
      "FAIL  tests/vitest/toc.svelte.test.ts \u003e Toc \u003e static metadata keeps matching item indexes for id=123",
      "FAIL  tests/vitest/toc.svelte.test.ts \u003e Toc \u003e static metadata keeps matching item indexes for id=part.one",
      "FAIL  tests/vitest/toc.svelte.test.ts \u003e Toc \u003e static metadata keeps matching item indexes for id=sec:1",
      "OptionList: load_options error: Error: Unavailable",
      "Received: \"https://github.com/janosh/svelte-widgets/blob/-/src/routes/+page.svelte\"",
      "Test Files  2 failed | 114 passed (116)",
      "Tests  4 failed | 3611 passed | 1 skipped (3616)",
      "⎯⎯⎯⎯⎯⎯⎯ Failed Tests 4 ⎯⎯⎯⎯⎯⎯⎯",
      "✓ explicit async assertions preserve interaction results (fail=false) 1748ms",
      "✓ explicit async assertions preserve interaction results (fail=true) 1820ms",
      "❗  ::error file=tests/vitest/index.ts,title=tests/vitest/toc.svelte.test.ts \u003e Toc \u003e static metadata keeps matching item indexes for id=123,line=18,column=3::AssertionError: No element found for selector: aside.toc li.active%0A ❯ doc_query tests/vitest/index.ts:18:3%0A ❯ tests/vitest/toc.svelte.test.ts:352:14%0A%0A",
      "❗  ::error file=tests/vitest/index.ts,title=tests/vitest/toc.svelte.test.ts \u003e Toc \u003e static metadata keeps matching item indexes for id=part.one,line=18,column=3::AssertionError: No element found for selector: aside.toc li.active%0A ❯ doc_query tests/vitest/index.ts:18:3%0A ❯ tests/vitest/toc.svelte.test.ts:352:14%0A%0A",
      "❗  ::error file=tests/vitest/index.ts,title=tests/vitest/toc.svelte.test.ts \u003e Toc \u003e static metadata keeps matching item indexes for id=sec%3A1,line=18,column=3::AssertionError: No element found for selector: aside.toc li.active%0A ❯ doc_query tests/vitest/index.ts:18:3%0A ❯ tests/vitest/toc.svelte.test.ts:352:14%0A%0A",
      "❗  ::error file=tests/vitest/layout.test.ts,title=tests/vitest/layout.test.ts \u003e footer edit link for route / points at /,line=44,column=41::AssertionError: expected 'https://github.com/janosh/svelte-widg…' to be 'https://github.com/janosh/svelte-widg…' // Object.is equality%0A%0AExpected: \"https://github.com/janosh/svelte-widgets/blob/-/readme.md\"%0AReceived: \"https://github.com/janosh/svelte-widgets/blob/-/src/routes/+page.svelte\"%0A%0A ❯ tests/vitest/layout.test.ts:44:41%0A%0A",
      "❯ tests/vitest/layout.test.ts (5 tests | 1 failed) 788ms",
      "❯ tests/vitest/toc.svelte.test.ts (114 tests | 3 failed) 3018ms"
    ],
    "items": [
      {
        "kind": "vitest",
        "identity": "vitest:tests/vitest/layout.test.ts:44:41:footer edit link for route / points at /",
        "exception": "AssertionError",
        "file": "tests/vitest/layout.test.ts",
        "line": 44,
        "message": "expected 'https://github.com/janosh/svelte-widg…' to be 'https://github.com/janosh/svelte-widg…' // Object.is equality\nExpected: \"https://github.com/janosh/svelte-widgets/blob/-/readme.md\"\nReceived: \"https://github.com/janosh/svelte-widgets/blob/-/src/routes/+page.svelte\""
      },
      {
        "kind": "vitest",
        "identity": "vitest:tests/vitest/toc.svelte.test.ts:352:14:Toc \u003e static metadata keeps matching item indexes for id=123",
        "exception": "AssertionError",
        "file": "tests/vitest/toc.svelte.test.ts",
        "line": 352,
        "message": "No element found for selector: aside.toc li.active"
      },
      {
        "kind": "vitest",
        "identity": "vitest:tests/vitest/toc.svelte.test.ts:352:14:Toc \u003e static metadata keeps matching item indexes for id=part.one",
        "exception": "AssertionError",
        "file": "tests/vitest/toc.svelte.test.ts",
        "line": 352,
        "message": "No element found for selector: aside.toc li.active"
      },
      {
        "kind": "vitest",
        "identity": "vitest:tests/vitest/toc.svelte.test.ts:352:14:Toc \u003e static metadata keeps matching item indexes for id=sec:1",
        "exception": "AssertionError",
        "file": "tests/vitest/toc.svelte.test.ts",
        "line": 352,
        "message": "No element found for selector: aside.toc li.active"
      }
    ]
  },
  "matched_fields": {
    "Identity": true,
    "Exception": true,
    "File": true,
    "Line": true,
    "Message": true,
    "Exit": true
  },
  "remote_failures": 4,
  "local_failures": 4,
  "matched_failures": 4
}
✓ SAME_FAILURE reproduced
Session created: 34449963179-102783221808-1789042000125862332
Workspace: /root/.runback/sessions/34449963179-102783221808-1789042000125862332/worktree
Next:
  runback dev
No container remains running. Session files remain on disk.
DEBUG_UNSUPPORTED: earlier setup step 2 cannot be carried into the narrow Python/uv debug environment
CLI elapsed: 244.316s (through final result)
